Best Params,MAE,MSE,R2
"{'C': 10, 'epsilon': 0.5, 'kernel': 'rbf'}",1.009373451228348,2.0480734673207577,0.9149920797536911
