Best Params,MAE,MSE,R2
{'alpha': 0.1},1.2053407754629473,2.6290679339644223,0.8908771580616479
