카드ID,카드이름,카드사,국내연회비,해외연회비,주요혜택
1,신한카드 Hi-Point,신한카드,,"10,000","쇼핑: 백화점/할인점/홈쇼핑·온라인몰 1.0~5.0% 적립
모든가맹점: 전국 가맹점 0.2~2.0% 적립
해외 가맹점 1~5% 적립
주유: S-OIL, 에이치디현대오일뱅크 주유 시 리터 당 60원 적립
금융: 신한투자증권 CMA 결제계좌 0.2% 추가 적립
마이신한포인트 가맹점 추가 적립
통신: SK텔레콤/KT/LG U+ 이동통신요금 1.0~5.0% 적립
기타: 무이자/영화/테마파크
적립: 포인트 적립상세 및 포인트 사용 안내
유의사항: 꼭 확인하세요!"
2,신한카드 Love,신한카드,,"8,000","백화점: 국내 유명 백화점, 할인점, 온라인 쇼핑몰 최대 5% 할인
패밀리레스토랑: 국내 유명 패밀리레스토랑, 커피 20~30% 할인
주유소: GS칼텍스 리터당 60원 할인
영화: CGV, YES24 영화 예매시 최대 7,000원 할인
적립: 신한카드 Love포인트 적립 및 사용
테마파크: 주요 놀이공원 30~50% 할인 및 스포츠 할인 서비스
경기관람: 프로야구, 프로농구 할인 서비스
기타: 통합할인한도
유의사항: 꼭 확인하세요!"
3,신한카드 Lady,신한카드,,"7,000","쇼핑: 3대 백화점(롯데,신세계,현대) 및 롯데마트 5% 결제일 할인
푸드: 국내 유명 패밀리 레스토랑 및 커피 최대 20% 할인
영화: 맥스무비, 인터파크 YES24 예매시 1,500원 할인
주유소: S-OIL 주유 시 리터 당 60원 적립
교육/육아: 베이비 프리미엄 제품 전문쇼핑몰 「쁘띠엘린스토어」
오프라인 매장 15%, 온라인몰 20% 할인
테마파크: 주요 놀이공원 최대 50% 할인
통신: 이동통신요금 자동이체 시 2% 결제일 할인(SKT, KT, LGT)
경기관람: 스포츠 관람 할인 서비스
유의사항: 꼭 확인하세요!"
4,SK에너지 신한카드The you,신한카드,"7,000","12,000","주유소: 전국 SK주유소에서 주유 시 리터당 100원 할인
대중교통: 버스, 지하철, 택시 최고 3~7% 할인
무이자할부: 3대 백화점(롯데,현대,신세계) 3개월 무이자 할부
테마파크: 주요 놀이공원 30~50% 할인
영화: 맥스무비, 인터파크, YES24 영화 할인
헤어: 헤어 15~20% 할인
경기관람: LG트윈스 정규시즌 홈경기 전석 본인 2,000원 할인(일 1회)
여행사: 신한카드 여행전용사이트, 신한카드 여행서비스
유의사항: 꼭 확인하세요!"
5,GS칼텍스 신한카드Dream 100,신한카드,"7,000","12,000","주유소: 전국 GS칼텍스 주유 시 리터당 100원 할인
교통: 버스, 지하철, 택시 최고 7% 할인
쇼핑: YES24 3% 할인 등 쇼핑할인
영화: 맥스무비, 인터파크 YES24 예매시 1,500원 할인
레저/스포츠: 주요 놀이공원 최대 50% 할인 및 스포츠 할인 서비스
여행/숙박: 신한카드 여행전용사이트, 신한카드 여행서비스
뷰티/피트니스: 미용업종 15%~20% 할인 및 기타 할인 및 우대 서비스
프리미엄: 비자 플래티늄 서비스 제공
유의사항: 꼭 확인하세요!"
6,신한카드 Cube,신한카드,"10,000","13,000","선택형: Cube 선택서비스 - 선택서비스 3개, 5% 할인
할인: 잔돈할인
유의사항: 통합할인한도 및 유의사항 안내 "
7,신한카드 23.5°,신한카드,"10,000","14,000","적립: 생활 친화 가맹점 포인트 1% 포인트 적립
3개월 연속 이용 추가 포인트 적립
대중교통: 버스, 지하철 후불 교통 이용 금액 일 200원 할인
영화: CGV 영화 예매 최대 4천원 결제일 할인
카페: 스타벅스 음료 최대 4천원 할인
테마파크: 주요 놀이공원 30~50% 할인
프리미엄: 신한카드 gallery S 서비스
S& 브랜드 특화 서비스
유의사항: 꼭 확인하세요!"
8,신한카드 The CLASSIC-Y,신한카드,,"100,000","선택형: Gift Option Service - 매년 1회 옵션 품목 중 한 가지를 선택하여 이용
모든가맹점: 일시불/할부 이용금액의 0.7% 마이신한포인트 적립
해외, 명품 아울렛(신세계/롯데), 면세점, 골프 업종 이용 시 5% 마이신한포인트 적립
주유소: GS칼텍스 주유 시 리터당 60원 결제일 할인 
생활: 커피/제과/택시/화장품/영화 5% 할인 
면세점: 제주 JDC 면세점 이용 시 8% 할인
진에어: 진에어 국제선 항공권 결제일 할인
공연/전시: 오디오 가이드 및 오페라 글라스 무료 이용 서비스
프리미엄: 국제브랜드사 서비스 공통사항 안내
유의사항: 꼭 확인하세요!"
9,신한카드 아이행복,신한카드,,,"유의사항: 아이행복카드 -> 국민행복카드로 통합
아이행복: 보건복지부 아이사랑카드(보육료지원) + 교육부 아이즐거운카드(유아학비 지윈) 통합카드
병원/약국: 병원/약국 5% 결제일 할인
대형마트: 대형마트 및 온라인몰 5% 결제일 할인
통신: SK텔레콤, KT, LG U+ 이동통신 자동이체요금 5% 결제일 할인
공과금: 도시가스 5% 결제일 할인 
테마파크: 주요 놀이공원 30~50% 할인 서비스
금융: 신한금융 혜택
기타: 통합할인한도
유의사항: 꼭 확인하세요!"
10,신한카드 B.Big(삑),신한카드,,"10,000","대중교통: 버스, 지하철 후불 교통 이용 금액 일 200원 ~ 일 600원 할인
택시: 택시/KTX 이용 금액 10% 할인
백화점: 4대 백화점 5% 할인
카페: 커피전문점 10% 할인
편의점: 편의점 5% 할인
통신: 이동통신요금 5% 할인
영화: CGV, 메가박스
캐시백: 전기요금, 통신요금, 해외이용금액 5% 캐시백 제공
유의사항: 꼭 확인하세요!"
11,신한카드 Simple+,신한카드,,"13,000","모든가맹점: 전가맹점 0.7% 캐시백, 이동통신요금 자동이체 건 추가 0.7% 캐시백
생활: 생활친화가맹점 잔돈할인 서비스, Coin-Save
영화: 온라인 영화 예매 할인
유의사항: 꼭 확인해주세요!"
12,신한카드 Air Platinum#,신한카드,,"40,000","항공마일리지: 대한항공 1,500원당 1마일/아시아나항공 1,000원당 1마일
생활: 마이신한포인트 추가 적립
프리미엄: 특급 호텔 발렛파킹/면세점 우대 서비스 
유의사항: 꼭 확인해주세요!"
13,신한카드 Mr.Life,신한카드,,"18,000","공과금: 월납요금(공과금) 10% 할인서비스
편의점: 편의점 10% 할인
병원/약국: 병원/약국업종 10% 할인
생활: 세탁소 업종 10% 할인
온라인쇼핑: 온라인 쇼핑 10% 할인 
택시: 택시 10% 할인 
푸드: 식음료 10% 할인
대형마트: 3대 마트 10% 할인
주유소: 4대 정유사 리터당 60원 할인
온라인쇼핑:  인테이크몰 20% 할인
유의사항: 꼭 확인해주세요!"
14,신한카드 YOLO ⓘ,신한카드,"15,000","18,000","선택형: 할인율 선택 서비스
카페: 스타벅스, 커피빈
편의점: GS25, 세븐일레븐, CU
소셜커머스: 소셜커머스
택시: 택시
베이커리: 파리바게트, 뚜레쥬르
영화: CGV, 롯데시네마
카페: 스타벅스 모바일쿠폰 보너스 리워드
유의사항: 꼭 확인해주세요!"
15,신한카드 The CLASSIC+,신한카드,,"125,000","바우처: Gift Option 
항공마일리지: 항공 마일리지 적립 서비스
면세점: 제주 JDC 면세점 8% 결제일 할인
공항라운지: 더라운지
주유소: GS칼텍스 주유 시 리터당 40원 결제일 할인
카페: 스타벅스 3,000원 할인
유의사항: 꼭 확인해주세요!"
16,신한카드 RPM+ Platinum#,신한카드,,"32,000","주유: 모든 주유소 리터당 40~150포인트/충전소 리터당 10~50포인트 적립
쇼핑: 1~5% 특별적립 
마트/편의점: 1~5% 특별적립 
택시: 1~5% 특별적립 
정비: 1~5% 특별적립 
모든가맹점: 국내/외 모든 가맹점 0.2~2.0% 적립
프리미엄: Platinum # 서비스
유의사항: 꼭 확인해주세요!"
17,신한카드 YOLO Tasty,신한카드,,"13,000","쇼핑: 쇼핑업종 10% 결제일 할인 
푸드: 외식업종 10% 결제일 할인
영화: CGV 영화 예매시 5천원 결제일 할인
패스트푸드: KFC 20% 결제일 할인
카페/디저트: 커피, 베이커리 업종 20% 결제일 할인
택시: 택시 10% 결제일 할인
유의사항: 꼭 확인하세요!"
18,신한카드 Shopping,신한카드,,"23,000","쇼핑: [쇼핑 할인] 오프라인 쇼핑(백화점, 프리미엄 아울렛, 마트, 창고형 할인매장) 10% 할인
· 온라인 쇼핑(홈쇼핑, 소셜커머스) 10% 할인 
생활: [생활 할인] 커피전문점·잡화·온라인서점 10% 할인
· 주유 60원/L 할인
해외: [해외이용 캐시백] 해외이용금액 5% 캐시백
푸드: [제휴 할인] 마켓컬리, 프레딧, 집반찬연구소 10% 할인서비스
유의사항: 꼭 확인해주세요!"
19,신한카드 O2O,신한카드,,"13,000","간편결제: 온.오프라인 Pay 2~5% 결제일 할인 
통신: 이동통신요금 자동이체 시 10% 결제일 할인 
카페: 스타벅스 사이렌 오더 결제 시 최대 2천원 결제일 할인 
생활: 카카오택시, 마켓컬리, 포잉 등 10~20% 결제일 할인 
유의사항: 꼭 확인해주세요!"
21,신한카드 Simple Platinum#,신한카드,,"27,000","모든가맹점: 전 가맹점 1%, 생활밀착 가맹점 추가 0.7% 캐시백
생활: 잔돈 할인 서비스(Coin-Save)
영화: 온라인 영화 예매 할인
테마파크: 서울랜드 50% 할인
프리미엄: Platinum# 서비스 및 국제브랜드사 서비스
유의사항: 꼭 확인하세요!"
22,카카오페이 신한카드,신한카드,"12,000","12,000","카카오페이: 카카오페이 결제금액 20% 할인
소셜커머스: 쿠팡 10% 할인
카페: 스타벅스, 커피빈 10% 할인
영화: CGV, 메가박스, 롯데시네마 10% 할인
대중교통: 버스, 지하철 이용금액 10% 할인
유의사항: 꼭 확인하세요!"
23,신한카드 Always FAN,신한카드,,,"간편결제: 신한 FAN페이(앱카드) 온라인 거래 5% 결제일 할인
편의점: 3대 편의점 10% 결제일 할인
드럭스토어: 올리브영 10% 결제일 할인
카페/디저트: 커피전문점/제과점 업종 30%~50% 할인
영화: CGV 영화 예매 8천원 할인
렌터카: 쏘카(SOCAR) 거래 10% 할인
유의사항: 꼭 확인하세요!"
24,EDIYA 신한카드 Tasty,신한카드,,"10,000","카페: EDIYA COFFEE 50% 결제일 할인
쇼핑: Trendy 서비스 - 쇼핑, 다이닝, 몰링
영화: Young Life 서비스 - 영화, 영푸드
유의사항: 꼭 확인하세요!"
25,신한카드 Noon,신한카드,,"8,000","점심: 점심시간 요식업종 가맹점 30% 할인
카페/디저트: 커피전문점/제과점 업종 가맹점 2,000원 할인
통신: 이동통신요금 자동이체 3,000원 할인
택시: 택시요금 20% 할인
해외: 해외 직구몰 등 해외 할인
유의사항: 꼭 확인하세요!"
26,신한카드 Edu,신한카드,,"23,000","교육/육아: 일반전문학원, 학습지, 유치원 업종 캐시백
공과금: 아파트 관리비 자동이체 매월 5,000원 캐시백
생활: 주요 생활업종 이용시 1% 캐시백
유의사항: 꼭 확인하세요!"
27,아시아나 신한카드 Air 1.5,신한카드,"43,000","45,000","아시아나항공: 이용금액 1,000원당 1.5~3 아시아나 마일리지 적립
공항라운지: 국내 공항라운지 무료 이용(mastercard PLATINUM)
프리미엄: mastercard PLATINUM  서비스 제공
유의사항: 꼭 확인하세요!"
28,신세계 신한카드,신한카드,,"12,000","백화점: 신세계백화점 5% 결제일 할인
생활: Life Care가맹점 5% 결제일 할인
테마파크: 롯데월드, 서울랜드 자유이용권 50% 할인
해외: 해외 매출 5% 캐시백
유의사항: 꼭 확인하세요!"
29,TLX PASS 신한카드,신한카드,,"15,000","피트니스: TLX PASS 20% 결제일 할인
쇼핑: SPA 브랜드/H&B Store 10% 결제일 할인
영화: CGV, 롯데시네마, 메가박스 4,000원 결제일 할인
카페: 커피업종 이용시 20% 결제일 할인
유의사항: 꼭 확인하세요!"
30,모바일 Tmoney 신한카드,신한카드,,"10,000","교통: 모바일 Tmoney App으로 이용 시 20% 할인
카페/디저트: 스타벅스 사이렌 오더 50% 할인
홈쇼핑: 홈쇼핑 5% 할인
통신: 통신요금 자동이체 시 5% 할인
OTT/영화/문화: CGV, 온라인 서점 할인
유의사항: 꼭 확인하세요!"
31,신한카드 All Pass,신한카드,,"10,000","고속버스: 고속·시외 버스요금 30%, 10% 결제일 할인
교통: 지하철·시내버스 후불교통, 택시 이용금액 10% 할인
편의점: 편의점 10% 할인
카페/디저트: 커피전문점 20% 할인
OTT/영화/문화: CGV영화 4,000원 할인
유의사항: 꼭 확인하세요!"
32,신한카드 Deep Dream,신한카드,,"8,000","모든가맹점: 모두드림 - 전월 실적/적립 한도 없이 국내/외 신판(일시불+할부)이용 가맹점 0.7% 포인트 적립
생활: 더해드림 - 자주 가는 DREAM영역은 기본의 3배(총 2.1%) 포인트 적립
생활: 챙겨드림 - DREAM영역 중 가장 많이 이용한 영역 기본의 5배(총 3.5%) 포인트 자동적립
주유: 주말(토, 일) 전 주유소 리터당 80원 적립
택시: 택시 3, 6, 9번째 2,000원 할인
적립: 반겨드림 5,000포인트 적립
유의사항: 꼭 확인하세요!"
33,신한카드 The CLASSIC-L,신한카드,,"105,000","바우처: LEISURE Option Service
무실적: 캐시백 / 대한항공 마일리지 / 아시아나항공 마일리지 [택 1]
카페: 커피 무료 서비스
주유: GS칼텍스 주유 시 리터당 40원 결제일 할인
쇼핑: LG패션/오케이아웃도어닷컴/Outdous 5% 할인 서비스
테마파크: 테마파크 할인 서비스
항공권: JDC 면세점 / 아시아나, 이스타 항공 할인
공항: 인천공항 무료 발렛파킹 서비스 제공
경기관람: 프로야구 및 프로농구 홈 경기의 입장권 결제 시 할인혜택 제공
영화: 맥스무비/인터파크/YES24 온라인 영화 예매 시 할인혜택 제공"
35,GS칼텍스 신한카드 Shine,신한카드,,"12,000","주유: GS칼텍스 주유 시 리터당 60~100원 할인
교통: 버스, 지하철, 택시 3~7% 할인
영화: 맥스무비, 인터파크, YES24 예매 시 할인
테마파크: 주요 놀이공원 할인 서비스
유의사항: 꼭 확인하세요!"
36,신한카드 Cube Platinum#,신한카드,,"35,000","선택형: Cube 선택서비스 - 선택서비스 5개, 5% 할인
할인: Coin-Save(잔돈할인) 서비스 - 잔돈은 할인
프리미엄 서비스: Platinum# 서비스 및 국제브랜드사 서비스
유의사항: 꼭 확인하세요!"
37,신한카드 The BEST-F,신한카드,,"205,000","바우처: Gift Option Service
선택형: 캐시백(캐시백형 선택 시)
마일리지 적립(마일리지 적립형 선택 시)
여행/숙박: JEJU 할인
공항라운지: 공항라운지
카페: 커피 할인
베이커리: 베이커리 할인
쇼핑: 쇼핑 할인
생활: 생활 할인
유의사항: 꼭 확인하세요!"
38,신한카드 Lesson Platinum#,신한카드,,"30,000","학원: 자녀교육에 필요한 가맹점에서 5% 할인
문화센터: 자녀 감성발달에 필요한 가맹점에서 5% 할인
도서: 자녀 도서 구매에도 5% 할인
생활: COIN-SAVE 잔돈 할인
프리미엄: Platinum# 서비스 및 국제브랜드사 서비스
유의사항: 꼭 확인하세요!"
39,신한카드 Deep Oil,신한카드,,"13,000","주유: 4개의 정유사 중 직접 고른 1개 정유사 주유 이용금액 10% 결제일 할인
자동차/하이패스: 정비소(스피드메이트), 주차장 이용금액 10% 결제일 할인
편의점: GS25, CU 5% 결제일 할인
카페: 스타벅스, 이디야 5% 결제일 할인
택시: 택시 5% 결제일 할인
영화: 롯데시네마 일반관 5천원 현장 할인
유의사항: 꼭 확인하세요!"
40,신한카드 Deep Dream Platinum+,신한카드,,"30,000","적립: 국내/외 가맹점 0.7~1.1% 포인트 적립
생활: 자주 가는 DREAM 영역 2.4~3.3% 포인트 적립
생활: 가장 많이 가는 DREAM 영역 4.0~5.5% 포인트 적립
생활: 주유소 리터당 80원 적립, 택시 2천 원 할인
기타: DREAM 영역 안내
기타: 통합 적립한도 안내
프리미엄: 신한금융그룹 우대 서비스,
Platinum+ 서비스
유의사항: 꼭 확인하세요!"
41,신한카드 Deep On Platinum+,신한카드,,"30,000","간편결제: 국내 온라인 이용 건, 온라인 배달/온라인 슈퍼 10% 할인
생활: 4대 편의점, 생활/잡화, 커피, 월납 20% 할인
프리미엄 서비스: 제주항공, 에어부산 10% 할인
유의사항: 꼭 확인하세요!"
42,SOCAR 제휴 SOCAR 신한카드,신한카드,,"16,000","렌터카: SOCAR 결제 시 30% 결제일 할인
기차: KTX, SRT 포함 철도 이용 시 10% 결제일 할인
카페: 커피전문점 20% 결제일 할인
편의점: GS25, CU, 세븐일레븐 편의점 5% 결제일 할인
대형마트: 홈플러스, 이마트, 롯데마트 3대 할인점 3% 결제일 할인
유의사항: 꼭 확인하세요!"
43,신한카드 Deep Store,신한카드,,"16,000","쇼핑: 생활쇼핑 최대 15% 결제일 할인
카페/디저트: 커피전문점/제과점 업종 10% 결제일 할인
기타: 주말 복합쇼핑몰 10% 결제일 할인
대형마트: 주말 3대 할인점 10% 결제일 할인
영화: 주말 롯데시네마 현장 예매 시 5,000원 결제일 할인
유의사항: 꼭 확인하세요!"
44,위메프페이 신한카드,신한카드,,"15,000","적립: 국내외 가맹점 이용 금액의 0.7% 기본적립
간편결제: 위메프에서 위메프페이 간편 결제 시 2% 특별적립
유의사항: 꼭 확인하세요!"
45,American Express Blue,삼성카드,,"15,000","생활: 편의점·배달앱 7% 멤버십리워즈 적립
디지털구독: 스트리밍서비스 20% 결제일 할인
카페: 스타벅스·이디야 20% 결제일 할인
통신: 교통·통신 5% 멤버십리워즈 적립
쇼핑: 쇼핑 1.5% 멤버십리워즈 적립
해외이용: 해외 5% 멤버십리워즈 적립
유의사항: 꼭 확인하세요!"
46,삼성카앤모아카드,삼성카드,"8,000","10,000","주유: 국내외 모든 가맹점에서  0.2%·0.4% 주유포인트 적립
주유: 전국 주유소 리터당 60원 결제일할인(청구할인) (LPG 30원)
OTT/영화/문화: CGV 동반 1인 50% 할인
카페/디저트: 스타벅스 1,000원 할인
자동차/하이패스: 프라이버시콜(안심 주자번호서비스) 무료 제공"
47,삼성카드4,삼성카드,"5,000","5,000","모든가맹점: 모든 가맹점 0.7% 할인
모든가맹점: 10만원 이상 결제 시 1% 할인
OTT/영화/문화: 모든 영화관 2,500원 할인
무이자할부: 5만원 이상 결제 시 2~3개월 무이자할부"
48,국민행복 삼성카드,삼성카드,,,"국민행복: 임신·출산·육아 국가바우처 이용
적립: 할인점, 쇼핑몰, 병원·약국 등 업종별 1% 빅포인트 적립
교육/육아: 서점, 학습지 등 교육 업종 이용금액 5% 결제일할인(청구할인)
쇼핑: 신세계포인트 적립 및 신세계백화점 5% 할인
카페/디저트: 커피전문점, 파리바게뜨, 배스킨라빈스, 던킨도너츠 10% 결제일할인(청구할인)
영화: CGV 영화티켓 5,000원 이상 결제 시 3,000원 할인
기타: 놀이공원, 어린이 직업체험 테마파크 등 할인
유의사항: 꼭 확인하세요!"
49,삼성카드 & MILEAGE PLATINUM (스카이패스),삼성카드,"47,000","49,000","대한항공: 모든 가맹점 이용금액 1,000원당 1마일리지 기본적립
백화점: (특별적립) 국내형: 백화점 이용금액 1,000원당 (스카이패스) 1 마일리지 추가 적립
주유소: (특별적립) 국내형: 주유 이용금액 1,000원당 (스카이패스) 1 마일리지 추가 적립
카페: (특별적립) 국내형: 커피 이용금액 1,000원당 (스카이패스) 1 마일리지 추가 적립
편의점: (특별적립) 국내형: 편의점 이용금액 1,000원당 (스카이패스) 1 마일리지 추가 적립
택시: (특별적립) 국내형: 택시 이용금액 1,000원당 (스카이패스) 1 마일리지 추가 적립
해외: (특별적립) 해외형: 해외 가맹점 및 해외 직접구매 이용건 1,000원당 (스카이패스) 1 마일리지 추가 적립
공항라운지: 인천공항 라운지 본인 무료 이용
공항: 인천공항 발렛파킹 무료 이용
공항: 공항 커피 서비스
프리미엄 서비스: 아멕스 PLATINUM 등급 서비스
선택형: 여행의 설레임을 담은 디자인으로 리뉴얼 된 삼성카드 & MILEAGE PLATINUM
유의사항: 꼭 확인하세요!"
50,아시아나 삼성지엔미플래티늄카드,삼성카드,,"20,000","아시아나항공: 1,000원당 아시아나 1마일리지 적립 
주유소: S-OIL 리터당 40 보너스포인트 적립
패밀리레스토랑: 아웃백스테이크하우스 10% 할인
카페: 스타벅스  1,000원 결제일할인
영화: 메가박스, CGV, 인터파크 영화 3,000원 할인 
테마파크: 놀이공원 할인 서비스
정비: 닥터카서비스
무이자할부: 백화점·할인점 2~3개월 무이자할부
무이자할부: 의료점 2~3개월 무이자할부
경기관람: 프로스포츠 프로모션 서비스"
51,삼성카드 taptap O,삼성카드,"10,000","10,000","선택형: 라이프스타일 패키지 선택
대중교통: 대중교통·택시 10% 결제일할인
통신: 이동통신요금 10% 결제일할인
영화: CGV 및 롯데시네마 5,000원 결제일할인
해외: 해외 1.3% 적립
유의사항: 꼭 확인하세요!"
52,삼성카드 taptap S,삼성카드,"10,000","10,000","모든가맹점: 모든 가맹점 1% 빅포인트 적립
주유: 모든 주유소 및 LPG 충전소 2,000원 결제일 할인
영화: 모든 영화관 5,000원 결제일 할인 
유의사항: 꼭 확인하세요!"
53,아시아나 삼성애니패스플래티늄카드,삼성카드,,"20,000","아시아나항공: 이용금액 1,000원당 아시아나 1~5마일리지 적립 
주유소: S-OIL 주유소에서 휘발유, 경유, 등유 주유시 리터당 40보너스포인트 적립
카페: 스타벅스 1,000원 결제일 할인 
영화: 메가박스, CGV, 무비존 영화 할인 
테마파크: 놀이공원 자유이용권 50%, 워터파크 입장권 30% 현장할인
정비: 엔진오일 교환 시 15,000원 현장할인"
54,삼성카드 스페셜마일리지(스카이패스),삼성카드,"97,000","99,000","대한항공: [기본 적립] 모든 가맹점 스카이패스 1 마일리지 적립 
선택형: [특별 적립] 옵션 적립처에 따라 스카이패스 2 마일리지 적립
패밀리레스토랑: 아웃백스테이크하우스 30,000원 결제일 할인 
프리미엄 서비스: 아멕스 PLATINUM 등급 서비스
유의사항: 꼭 확인해주세요!"
55,CU·배달의민족 삼성카드 taptap,삼성카드,"10,000","10,000","편의점: CU 1,500원당 200원 결제일할인
배달앱: 배달의민족 2,000원 결제일할인
교통: 대중교통 1,000원당 100원 결제일할인
푸드: 음식점·주점 1,000원 결제일할인"
56,삼성카드 지엔미+,삼성카드,,"49,000","카페: 커피전문점 10% 결제일할인
영화: 모든 영화관 5,000원 결제일할인
패밀리레스토랑: VIPS·계절밥상 20,000원 결제일할인
모든가맹점: 모든 가맹점 기본 0.5% 청구할인
생활: 교육·할인점·이동통신·병원·약국 1.5% 결제일할인
테마파크: 놀이공원 할인 서비스
정비: 닥터카 서비스
프리미엄: 브랜드사 서비스
유의사항: 꼭 확인하세요!"
57,삼성카드 애니패스+,삼성카드,,"49,000","영화: 모든 영화관 5,000원 결제일할인
카페: 커피전문점 10% 결제일할인
푸드: VIPS·계절밥상 20,000원 결제일할인
모든가맹점: 모든 가맹점 기본 0.5% 청구할인
생활: 음식점·주점·편의점·주유·택시 1.5% 결제일할인
테마파크: 놀이공원 자유이용권 50%·워터파크 입장권 30% 현장할인
정비: 엔진오일 교환 시 20,000원 현장할인
프리미엄: MASTER/UnionPay 서비스
유의사항: 꼭 확인하세요!"
58,카라이프 삼성카드 DISCOUNT+,삼성카드,"49,000","49,000","주유: 모든 주유소에서 주유 시 리터당 90원 결제일할인
자동차: 삼성화재 자동차보험료, 엔진오일 교환,  카카오드라이버 할인
모든가맹점: 모든 가맹점 기본 0.5% 결제일할인
생활: 할인점, 소셜커머스, 커피전문점, 편의점, 영화 할인
프리미엄:  (해외겸용카드 전용) MASTER  PLATINUM 등급 서비스"
59,삼성카드 taptap I,삼성카드,"49,000","49,000","선택형: 라이프스타일 패키지(옵션 패키지 중 택1)
라운지키: 여가패키지: 해외 공항 라운지(Lounge Key) 본인 이용 무료
여행/숙박: 여가패키지: 해외·여행 3% 결제일할인
쇼핑: 일상패키지: 슈퍼마켓·프리미엄 아울렛 등 3% 결제일할인
카페/디저트: 일상패키지: 10대 커피전문점·제과점 30% 결제일할인
푸드: 일상패키지: 음식점·신선식품 배송 20% 결제일할인
영화: 일상패키지: 모든 영화관에서 6,000원 이상 결제 시 6,000원 결제일할인
도서: 일상패키지: 서점·인터파크 티켓·동물병원에서 건별 50,000원 이상 결제 시 10,000원 결제일할인
기차: 여가패키지: KTX, SRT 포함 철도 건별 30,000원 이상 결제 시 5,000원 결제일할인 (청구할인) 
프리미엄: mastercard PLATINUM 등급 서비스
캐시백: 국내외 연간 누적 이용금액 1,500만원당 30,000원 캐시백"
60,American Express Green,삼성카드,,"49,000","할인: 항공·면세점·백화점·인터파크 티켓·이마트 트레이더스 10만원 이상 결제 시 20,000원 결제일할인
적립: 0.5~2% 멤버십리워즈 적립
여행/숙박: 인천공항 주차요금, 와이파이도시락 5,000원 결제일할인
영화: CGV,롯데시네마 5,000원 결제일할인
카페: 스타벅스 20% 결제일할인
프리미엄: AMEX PLATINUM 서비스"
61,스카이패스 삼성아멕스카드,삼성카드,,"20,000","대한항공: 국내외 이용금액 1,500원당 스카이패스 1~2마일리지 적립
주유: S-OIL 주유소 주유 시 리터당 40 보너스포인트 적립
테마파크: 놀이공원 자유이용권 50%·워터파크 입장권 30% 현장할인
정비: 엔진오일 교환 시 20,000원 현장할인
프리미엄: American Express Selects 서비스
유의사항: 꼭 확인하세요!"
62,글로벌쇼핑 삼성카드 5v2,삼성카드,,"18,000","해외직구: 해외 쇼핑 특화 서비스
적립: 백화점, 할인점, 병원, 약국 등 1% 빅포인트 적립
카페/디저트: 커피전문점·파리바게뜨·배스킨라빈스·던킨도너츠 10% 결제일할인
테마파크: 어린이 직업체험 테마파크, 놀이공원 할인
도서: 서점·학습지 5% 결제일할인
영화: CGV 3,000원 할인
유의사항: 꼭 확인하세요!"
63,삼성페이 삼성카드 taptap,삼성카드,"10,000","10,000","삼성페이: 삼성 페이 10% 결제일할인
모든가맹점: 국내외 가맹점 0.3% 결제일 할인
통신: 이동통신요금 10% 결제일할인
영화: CGV·롯데시네마 5,000원 결제일할인
유의사항: 꼭 확인하세요!"
64,신세계이마트 삼성카드7,삼성카드,"18,000","20,000","쇼핑: 신세계백화점·이마트 제휴 혜택
적립: 국내 가맹점, 주유, 삼성전자 등 빅포인트 적립
할인: 영화, 세콤홈즈, 삼성미술관리움 등 할인
무이자할부: 주말 5만원 이상 결제 시 2~3개월 무이자할부"
65,삼성카드 2V3(아지냥이 Edition),삼성카드,,"20,000","선택형: 라이프스타일 옵션서비스
선택형: 자주 이용하는 1개 업종 선택 시 2,000원 결제일할인
대중교통: 대중교통·택시 10% 결제일할인
통신: 이동통신 10% 결제일할인
카페: 커피전문점 10% 결제일할인
해외: 해외 1.5% 할인
영화: 영화 5,000원 할인"
66,삼성카드 6V3,삼성카드,,"20,000","할인: 국내 가맹점 0.3% 결제일할인
마트/편의점: 할인점·슈퍼마켓 2,000원 결제일할인
주유: 주유 2,000원 결제일할인
쇼핑: 온라인쇼핑몰·홈쇼핑 2,000원 결제일할인
애완동물: 동물병원 2,000원 결제일할인
병원/약국: 병원·약국 1% 결제일할인
해외: 해외 1% 결제일할인
영화: 영화 5,000원 결제일할인
선택형: 나의 선택할인"
67,삼성카드 3V3(GS칼텍스),삼성카드,,"20,000","주유: GS칼텍스 리터당 주중 60원·주말 100원 결제일할인
푸드: 음식점·배달앱 주중 3%·주말 5% 결제일할인
택시: 택시 주중 5%·주말 3% 결제일할인
카페: 커피전문점 주중 5%·주말 3% 결제일할인
편의점: 편의점 주중 5%·주말 3% 결제일할인
온라인쇼핑: 온라인쇼핑몰 1% 결제일할인
해외: 해외 1% 결제일할인
영화: 영화 5,000원 결제일할인
테마파크: 놀이공원 자유이용권 50%·워터파크 입장권 30% 현장할인
선택형: 나의 선택할인"
68,삼성카드 3V3(SK에너지),삼성카드,,"20,000","주유: SK에너지 리터당 주중 60원·주말 100원 결제일할인
푸드: 음식점·배달앱 주중 3%·주말 5% 결제일할인
택시: 택시 주중 5%·주말 3% 결제일할인
카페: 커피전문점 주중 5%·주말 3% 결제일할인
편의점: 편의점 주중 5%·주말 3% 결제일할인
온라인쇼핑: 온라인쇼핑몰 1% 결제일할인
해외: 해외 1% 결제일할인
영화: 영화 5,000원 결제일할인
테마파크: 놀이공원 자유이용권 50%·워터파크 입장권 30% 현장할인
선택형: 나의 선택할인"
69,삼성카드 4V3(포인트),삼성카드,,"20,000","적립: 국내 가맹점 0.5% 빅포인트 적립
푸드: 음식점 1% 빅포인트 적립
병원/약국: 병원·약국 1% 빅포인트 적립
해외: 해외 1% 빅포인트 적립
쇼핑: 할인점·온라인쇼핑몰 1.5% 빅포인트 적립
주유: 주유 1.5% 빅포인트 적립
영화: 영화 5,000원 결제일할인
선택형: 나의 선택할인"
70,삼성카드 5V3,삼성카드,,"20,000","교육/육아: 학원·서점·학습지·인터넷강의 7% 결제일할인
쇼핑: 할인점·슈퍼마켓·온라인쇼핑몰 5% 결제일할인
카페/디저트: 커피전문점·제과점 10% 결제일할인
병원/약국: 병원·약국 500원·1,000원 결제일할인
해외: 해외 1% 결제일할인
영화: 영화 5,000원 결제일할인
테마파크: 놀이공원 할인 서비스
선택형: 나의 선택할인"
71,삼성카드 4V3,삼성카드,,"20,000","할인: 국내 가맹점 0.5% 결제일할인
푸드: 음식점 1% 결제일할인
병원/약국: 병원·약국 1% 결제일할인
해외: 해외 1% 결제일할인
쇼핑: 할인점·온라인쇼핑몰 1.5% 결제일할인
주유: 주유 1.5% 결제일할인
영화: 영화 5,000원 결제일할인
선택형: 나의 선택할인"
72,트레이더스신세계 삼성카드,삼성카드,"15,000","15,000","대형마트: 트레이더스 결제일할인
교육/육아: 학원·서점·학습지·인터넷강의 5% 결제일할인
통신: 이동통신 5% 결제일할인
카페: 커피전문점 5% 결제일할인
백화점: 신세계백화점 제휴 서비스
병원/약국: 병원·약국 5% 결제일할인(청구할인)"
73,카드의정석 NEW우리V카드,우리카드,"2,000","2,000","생활: 대형마트, 백화점, 주유 등 5% 청구할인
패밀리레스토랑: 아웃백, 애슐리, TGIF 등 25% 청구할인
카페/디저트: 탐앤탐스, 스타벅스 20% 청구할인
프리미엄 서비스: 통신, 영화, 놀이공원, 호텔 할인
금융: 우리은행 수수료 면제서비스
무이자할부: 할부전환서비스 / 무이자할부
유의사항: 꼭 확인하세요!"
74,All For Me카드,우리카드,,"10,000","생활: 주요 7대 업종 10~5% 청구할인
영화: 전국 영화관 3,000원 청구할인
카페: 커피 20% 청구할인
테마파크: 주요 놀이공원 자유이용권 50% 현장할인
패스트푸드: 치킨, 피자 10% 청구할인
유의사항: 꼭 확인하세요!"
75,KT 카드의정석 Super DC,우리카드,"20,000","25,000","통신: KT통신요금 할인
영화: 영화관 할인
카페: 커피전문점 할인
유의사항: 꼭 확인하세요!"
76,LGU+ 카드의정석 장기할부,우리카드,"15,000","20,000","통신: LGU+ 장기할부 및 청구할인
카페: 커피전문점 할인
패밀리레스토랑: 패밀리레스토랑 할인
OTT/영화/문화: 영화관 할인
테마파크: 놀이공원 할인
유의사항: 꼭 확인하세요!"
77,위비멤버스카드,우리카드,"10,000","12,000","모든가맹점: 국내 가맹점 0.7% 위비꿀머니 적립
쇼핑: 대형할인점, 면세점 1.5% 및 위비마켓 2% 위비꿀머니 적립
학원: 학원 1.5% 위비꿀머니 적립
통신: 이동통신 1.5% 위비꿀머니 적립
병원: 병의원 1.5% 위비꿀머니 적립
해외: 해외 이용금액 1.5% 위비꿀머니 적립
패스트푸드: 치킨/피자 10% 청구할인
영화: 전국 영화관 청구할인
카페: 스타벅스, 이디야, 폴바셋 10% 청구할인
여행/숙박: 프리미엄 투어 서비스
멤버십포인트: 위비멤버스 서비스
유의사항: 꼭 확인하세요!"
78,블루다이아몬드Ⅱ 카드,우리카드,"95,000","100,000","모든가맹점: 포인트형 특화서비스
항공마일리지: 마일리지형 특화서비스
바우처: GIFT VOUCHER (연 1회, 택 1회)
여행/숙박: Travel Service
생활: 치킨/피자 청구할인, 전국 영화관 청구할인
골프: 골프 우대 서비스
유의사항: 꼭 확인하세요!"
79,그랑블루Ⅱ카드,우리카드,,"95,000",유의사항: ※ 해당 카드는 신규 발급이 중단되었습니다. 
80,썸(SUM) 페이 카드,우리카드,,"10,000","간편결제: PAY(간편결제 서비스) 결제 시 7% 할인
생활: PAY 외 결제 시 5% 할인
영화: 전국 영화관 3천원 청구할인
푸드: 치킨/피자 10% 청구할인
기타: 카드 ""Touching"" 서비스 안내
해외: 해외이용 시 이용수수료 면제
유의사항: 꼭 확인하세요!"
81,위메프 우리카드,우리카드,"10,000","12,000","소셜커머스: 위메프 포인트 5% 적립
카페: 스타벅스(사이렌오더 포함) 50% 청구 할인
편의점: 편의점 업종 10% 청구 할인
유의사항: 꼭 확인하세요!"
82,우리 XGOLF 카드,우리카드,"13,000","15,000","쇼핑: Well Living: 백화점, 온라인 쇼핑, 대형할인점 모아포인트 1% 적립
통신: Well Living: 이동통신 모아포인트 1.5% 적립
병원: Well Living: 병원(동물병원 포함) 모아포인트 1.5% 적립
여행/숙박: Enjoy Living: 해외, 면세점, 여행사 ,항공사 모아포인트 1.8% 적립
골프: Enjoy Living: 골프 업종 3% 적립
프리미엄: 프리미엄 골프/라이프 서비스 제공
유의사항: 꼭 확인하세요!"
83,ONLY 나만의카드,우리카드,"13,000","15,000",유의사항: ※ 해당 카드는 신규 발급이 중단되었습니다. 
84,카드의정석 POINT,우리카드,"10,000","12,000","모든가맹점: 모아포인트 0.8%~5% 적립
통신: 이동통신 업종 모아포인트 5% 적립
대중교통: 대중교통 업종 모아포인트 5% 적립
자동차: 전기차 충전 모아포인트 5% 적립
카페: 스타벅스, 엔제리너스, 이디야 모아포인트 3% 적립
영화: CGV, 롯데시네마 모아포인트 3% 적립
쇼핑: 백화점, 할인점, 온라인쇼핑 모아포인트 1% 적립
주유: 주유 모아포인트 1% 적립
해외: 해외 가맹점 1% 적립
간편결제: 주요 간편결제 모아포인트 3% 추가적립
유의사항: 꼭 확인하세요!"
85,카드의정석 SHOPPING,우리카드,"10,000","12,000","쇼핑: 온·오프라인 쇼핑 10% 청구할인
간편결제: 온라인 업종 4대 PAY 결제 시 5% 추가할인
주유: 4대 주유소 주말 주유시 리터당 60원 청구할인
카페: 스타벅스, 폴바셋 10% 청구할인
금융: Two-in-One 결제서비스
유의사항: 꼭 확인하세요!"
86,카드의정석 DISCOUNT,우리카드,"10,000","12,000","모든가맹점: 모든 국내 가맹점 0.7~1% 청구할인
주유: S-OIL, 현대오일뱅크 리터당 60~100원 청구할인
대중교통: 대중교통 10% 청구할인
카페: 스타벅스, 폴바셋 10% 청구할인
금융: Two-in-One 결제서비스
유의사항: 꼭 확인하세요!"
87,DA@카드의정석,우리카드,"5,000","10,000","모든가맹점: 국내외 가맹점 1.3%~0.8% 청구할인
공항라운지/PP: 인천/김포/김해공항라운지 무료 이용 서비스 (MasterCard 브랜드로 발급 시 제공)
카페/디저트: 제과점 1.3% 청구할인
편의점: 편의점 1.3% 청구할인
대형마트: 수퍼마켓 1.3% 청구할인
병원/약국: 병원, 약국 1.3% 청구할인
쇼핑: 면세점, 해외이용금액 1.3% 청구할인
뷰티/피트니스: 뷰티 1.3% 청구할인
대중교통: 대중교통 1.3% 청구할인
항공권: 항공사 1.3% 청구할인
일반음식점: 음식점 1.3% 청구할인
렌탈 : 렌탈관련 이용금액 0.8% 청구할인
교육/육아: 교육관련 이용금액 0.8% 청구할인
육아관련 이용금액 0.8% 청구할인
OTT/영화/문화: 영화관련 이용금액 0.8% 청구할인
문화관련 이용금액 0.8% 청구할인
주유: 주유관련 이용금액 0.8% 청구할인
통신: 통신관련 이용금액 0.8% 청구할인
유의사항: 꼭 확인하세요!"
88,D4@카드의정석,우리카드,"9,000","10,000","교통: 대중교통 33% 청구할인
카페: 커피 4대 브랜드 통합 (스타벅스, 투썸플레이스, 커피빈, 폴바셋) 55% 청구할인
편의점: 편의점 11% 청구할인
영화: 영화관 5,500원 할인
유의사항: 꼭 확인하세요!"
89,우리Most카드,우리카드,"19,000","19,000","주유: SK네트웍스 Most 주유소 리터당 최대 200원 청구할인
자동차: CLUB Most 멤버십 서비스 제공 및 주차장 2,000원 청구할인
영화: 영화관 업종 5,000원 청구할인
테마파크: 놀이공원 본인 자유이용권 50% 현장할인
유의사항: 꼭 확인하세요!"
90,카드의정석 위비온 플러스,우리카드,"13,000","15,000",유의사항: ※ 해당 카드는 신규 발급이 중단되었습니다. 
91,카드의정석 PREMIUM POINT,우리카드,"110,000","110,000","적립: 전월이용 실적조건 없이 모아포인트 0.8~2% 적립
공항라운지/PP: 국내외 공항라운지 무료 이용 서비스
바우처: 프리미엄 기프트 서비스(연 1회, 택1)
프리미엄: 프리미엄 투어 서비스
주유: 현대오일뱅크, S-OIL 주유 및 충전 시 리터당 60원 청구할인
유의사항: 꼭 확인하세요!"
92,카드의정석 PREMIUM MILEAGE(SKYPASS),우리카드,"135,000","135,000","대한항공: 이용금액 1,000원당 대한항공 1~2 마일리지 적립
공항라운지/PP: 국내외 공항라운지 무료 이용 서비스
바우처: 프리미엄 기프트 서비스(연 1회, 택1)
프리미엄: 프리미엄 투어 서비스
주유: 현대오일뱅크, S-OIL 주유 및 충전 시 리터당 60원 청구할인
유의사항: 꼭 확인하세요!"
93,카드의정석 PREMIUM MILEAGE(AsianaClub),우리카드,"135,000","135,000","아시아나항공: 이용금액 1,000원당 아시아나항공 1.5~3 마일리지 적립
공항라운지/PP: 국내외 공항라운지 무료 이용 서비스
바우처: 프리미엄 기프트 서비스(연 1회, 택1)
프리미엄: 프리미엄 투어 서비스
주유: 현대오일뱅크, S-OIL 주유 및 충전 시 리터당 60원 청구할인
유의사항: 꼭 확인하세요!"
94,LoL CHAMPIONS KOREA 우리카드,우리카드,"10,000","12,000","모든가맹점: 모든 국내 가맹점 0.7%~1.0% 청구할인
주유: S-OIL, 현대오일뱅크 리터당 60~100원 청구할인 
대중교통: 대중교통 10% 청구할인
카페: 스타벅스, 폴바셋 10% 청구할인
유의사항: 꼭 확인하세요!"
95,갤러리아 씨티카드 프레스티지,씨티카드,"4,000","5,000","쇼핑: 갤러리아 백화점 3~5% 현장할인
갤러리아 백화점 무료주차권 제공, 무이자할부 제공
주유: 전국 모든 주유소(LPG충전소 포함) 4% 할인
통신: 통신 4% 할인
대형마트: 이마트 5% 할인
온라인쇼핑: G마켓, 옥션, 갤러리아몰 5~7% 할인
푸드: 아웃백, 스타벅스 10~20% 할인
영화: CGV, 메가박스 10~20% 할인
기타: 한화계열사 5~10% 할인
기타: 청구할인 서비스 유의사항
적립: 갤러리아 마일리지 서비스
1,000원당 1점 적립
프리미엄: 프리미엄 서비스
VISA PLATINUM 서비스
유의사항: 꼭 확인하세요!"
96,씨티 리워드,씨티카드,"8,000","10,000","모든가맹점: 국내외 모든 가맹점 0.5%~1.5% 기본 적립
특별 포인트 4%~20% 적립
무이자할부: 2~3개월 상시 무이자 할부 서비스
테마파크: 주요 놀이공원 30%~50% 할인
프리미엄: 브랜드 서비스
유의사항: 꼭 확인하세요!"
97,신세계 씨티 리워드,씨티카드,"8,000","10,000","쇼핑: 신세계백화점, 신세계 스타일마켓 3~5% 할인 전자 쿠폰 월 3~6매 제공
신세계 백화점, SSG.com, 신세계 식당가, 신세계 면세점 이용 시 5% 씨티 포인트 적립
모든가맹점: 국내외 모든 가맹점 0.5%~1.5% 기본 적립
특별 포인트 4%~20% 적립
무이자할부: 2~3개월 상시 무이자 할부 서비스
테마파크: 주요 놀이공원 30%~50% 할인
프리미엄: 프리미엄 서비스 및 브랜드 서비스 제공
유의사항: 꼭 확인하세요!"
98,신세계 씨티카드 콰트로,씨티카드,"2,000","5,000","쇼핑: 신세계백화점, 신세계 스타일마켓 3~5% 전자할인 쿠폰 제공(월 3~6매)
신세계백화점 무료주차권 제공, 2~3개월 무이자 할부 제공
쇼핑: 신세계 쇼핑 5% 할인
주유: 전국 모든 주유소(LPG, 충전소포함) 4% 할인
온라인쇼핑: SSG.com, G마켓, 옥션, 인터파크 7% 할인
병원/약국: 병원, 약국 5% 할인
통신: 통신 5% 할인
푸드: 아웃백, 스타벅스 20% 할인
영화: CGV/메가박스 20% 할인
프리미엄: 프리미엄 서비스 및 VISA PLATINUM 서비스 제공
유의사항: 꼭 확인하세요!"
99,신세계 씨티 플래티늄 아시아나,씨티카드,,"5,000","쇼핑: 신세계백화점, 신세계 스타일마켓 3~5% 전자할인 쿠폰 제공(월 3~6매)
신세계백화점 무료주차권 제공
아시아나항공: 아시아나 마일리지 적립
프리미엄: 프리미엄 서비스 및 VISA PLATINUM 서비스 제공
유의사항: 꼭 확인하세요!"
100,씨티 NEW 캐시백,씨티카드,"13,000","15,000","할인: 전월 실적, 적립한도 없이 국내외가맹점 사용금액 0.7% 캐시백 적립
온라인 쇼핑, 해외, 휴대폰요금 7% 캐시백 및 월 최대 2만 5천 캐시백 적립
기타: 씨티 캐시백 사용
프리미엄: 마스터/비자 브랜드 서비스
유의사항: 꼭 확인하세요!"
101,NEW 씨티 클리어,씨티카드,"4,000","5,000","대중교통: 매일 버스/지하철 이용 시 10% 청구할인
점심: 매일 전국 모든식당 및 레스토랑 5% 청구할인 (오전 11시~오후2시)
통신: 통신 7% 청구할인
쇼핑: 쇼핑 7% 청구할인
푸드: 다이닝 10% 청구할인
배달앱 7% 청구할인
영화: 영화 30% 청구할인
여행/숙박: 국내항공사, 국내면세점 5% 청구할인
도서: 서점 7% 청구할인
무이자할부: 2~3개월 상시 무이자 할부 서비스
테마파크: 주요 놀이공원 30%~50% 할인
유의사항: 꼭 확인하세요!"
102,씨티 NEW 프리미어마일 대한항공,씨티카드,"148,000","150,000","항공마일리지: 1,000원당 1 씨티NEW프리미어마일 적립
항공마일리지: 씨티NEW프리미어마일 전환 사용안내
PP: 전세계 공항 라운지 무료 이용(PP카드)
공항: 인천공항 다이닝 무료이용(명가의 뜰)
인천공항 무료교통 이용 서비스
프리미엄: 프리미엄 서비스 및 VISA SIGNATURE 서비스 제공
유의사항: 꼭 확인하세요!"
103,씨티 NEW 프리미어마일 아시아나,씨티카드,"148,000","150,000","항공마일리지: 1,000원당 1 씨티NEW프리미어마일 적립
항공마일리지: 씨티NEW프리미어마일 전환 사용안내
PP: 전세계 공항 라운지 무료 이용(PP카드)
공항: 인천공항 다이닝 무료이용(명가의 뜰)
인천공항 무료교통 이용 서비스
프리미엄: 프리미엄 서비스 및 VISA SIGNATURE 서비스 제공
유의사항: 꼭 확인하세요!"
104,대백 씨티카드 아인스,씨티카드,"4,000","5,000","쇼핑: 대구백화점 5% 전자할인 쿠폰, 무료주차권 제공
대구백화점 2~3개월 상시 무이자할부
생활: 쇼핑, 주유, 엔터테인먼트 등 4~20% 할인
프리미엄: 프리미엄 서비스 및 VISA PLATINUM 서비스 제공
유의사항: 꼭 확인하세요!"
105,이마트 KB국민카드,KB국민카드,"5,000","10,000","대형마트: 이마트 5~10% 청구할인
이마트 2~3개월 무이자할부 
학원: 학원업종 2~5% 청구할인
카페: 커피전문점 10% 청구할인
영화: 인터파크 영화예매 4,000원 청구할인
패밀리레스토랑: VIPS 15% 현장할인
유의사항: 꼭 확인하세요!"
106,굿데이카드,KB국민카드,"5,000","10,000","주유: 주유소, 충전소 업종 리터당 60원 청구할인
통신: 전화요금, 인터넷이용료, 케이블TV 업종 10% 청구할인
교통: 버스, 지하철, 택시 업종 10% 청구할인
생활: 음식점, 커피전문점, 편의점, 약국 업종 10% 추가 청구할인
학원: 학원, 휘트니스센터 업종 10% 추가 청구할인
유의사항: 꼭 확인하세요!"
107,SK LPG SAVE KB국민카드,KB국민카드,"3,000","5,000","충전소: SK 충전소에서 건당 3만원이상 충전 시 1,500원 정액 청구할인
정비: 스피드메이트 차량정비 현장할인 서비스
패밀리레스토랑: 3대 패밀리레스토랑(아웃백,VIPS,TGIF) 이용 시 10% 청구할인
무이자할부: 백화점, 대형마트, 정비, 손해보험 업종 2~3개월 무이자할부 서비스
유의사항: 꼭 확인하세요!"
108,와이즈카드,KB국민카드,"5,000","10,000","생활: 특별 포인트리
모든가맹점: 기본 포인트리
적립: 보너스 포인트리
유의사항: 꼭 확인하세요!"
109,SK에너지 러브유 KB국민카드,KB국민카드,"7,000","12,000","주유소: SK에너지 주유시 리터당 100원 청구할인
정비: 스피드메이트 엔진오일 무료교환, 차량정비 현장할인 서비스
대중교통: 버스, 지하철 10% 청구할인
유의사항: 꼭 확인하세요!"
110,서울도시가스 KB국민카드,KB국민카드,"5,000","10,000","공과금: 서울도시가스 요금 결제 시 최대 10% 청구할인
패밀리레스토랑: 아웃백스테이크하우스, VIPS, TGIF 이용시 10% 청구할인
대중교통: 대중교통 버스, 지하철 5% 청구할인
통신: 휴대폰 요금 자동이체시 3천원 정액 청구할인
보험: 도난보험 무료 가입 서비스
해피포인트: 해피포인트 가맹점 5% 현장적립
유의사항: 꼭 확인하세요!"
111,혜담Ⅱ카드,KB국민카드,"5,000","10,000","모든가맹점: 전 가맹점 0.8% 청구할인
무이자할부: 전 가맹점 2~3개월 무이자할부
테마파크: 놀이공원 현장할인
영화: 맥스무비 홈페이지 예매 시 3,500원 할인
여행/숙박: 여행패키지 현장할인
해피포인트: 커피/베이커리 해피포인트 적립
유의사항: 꼭 확인하세요!"
112,GS행복가득카드,KB국민카드,"7,000","12,000","주유: GS칼텍스 리터당 100원 현장할인
자동차/하이패스: GS오토오아시스 엔진오일 무료교환 및 정비 할인 서비스
교통: 버스/지하철 10% 청구할인
멤버십포인트: 제휴서비스 및 제휴포인트
유의사항: 꼭 확인하세요!"
113,마일리지 가온카드(대한항공),KB국민카드,"15,000","20,000","항공마일리지: 대한항공 마일리지 1~2마일 적립
유의사항: 꼭 확인하세요!"
114,마일리지 가온카드(아시아나),KB국민카드,"15,000","20,000","항공마일리지: 아시아나 마일리지 1~2마일 적립
유의사항: 꼭 확인하세요!"
115,굿데이올림카드,KB국민카드,"15,000","20,000","주유: 주유소, 충전소 업종 리터당 60원 청구할인
대형마트: 대형마트 10% 청구할인
통신: 전화요금, 인터넷이용료, 케이블TV 업종 10% 청구할인
교통: 버스, 지하철, 택시 업종 10% 청구할인
해외: 해외이용(해외직구) 5% 할인 캐시백
푸드: 음식점, 커피전문점, 편의점, 약국 업종 10% 추가 청구할인
학원: 학원/피트니스 업종 10% 추가 청구할인
유의사항: 꼭 확인하세요!"
116,청춘대로카드,KB국민카드,,"20,000","선택형: 홀릭's Choice (쇼핑홀릭 또는 푸드홀릭 중 택1)
카페/디저트: 커피/제과/아이스크림 5~10% 할인
뷰티/피트니스: 뷰티업종 최대 10% 할인
교통: 대중교통, 택시 10% 할인
APP: 앱카드 결제 시 5% 할인
OTT/영화/문화: 맥스무비 3,500원 할인 및 주요놀이공원 50%할인
기타: 연간 리워드 1만점 적립
유의사항: 꼭 확인하세요!"
117,청춘대로 티타늄 카드,KB국민카드,,"40,000","쇼핑: 온라인쇼핑 10% 할인
캐시백: 해외이용 5% 할인 캐시백
푸드: 음식 업종 5% 할인
카페/디저트: 커피/제과/아이스크림 최대 10% 할인
뷰티/피트니스: 뷰티업종 및 올리브영 최대 10% 할인
교통: 버스 · 지하철, 택시 10% 할인
APP: 앱카드 결제 시 5% 할인
OTT/영화/문화: 영화 3,500원 할인
테마파크: 롯데월드, 에버랜드, 캐리비안 베이 최대 50% 할인
기타: 연간 리워드 1만점 적립
여행/숙박: 공항 라운지 무료이용 서비스
유의사항: 꼭 확인하세요!"
118,FINETECH카드(아시아나),KB국민카드,"20,000","25,000","항공마일리지: 아시아나 마일리지 1.2~3마일 적립
간편결제: KB Good Touch 서비스 이용가능
유의사항: 꼭 확인하세요!"
119,FINETECH카드(대한항공),KB국민카드,"20,000","25,000","항공마일리지: 대한항공 마일리지 1.2~3마일 적립
간편결제: KB Good Touch 서비스 이용가능
유의사항: 꼭 확인하세요!"
120,ONE카드,KB국민카드,,"20,000","적립: 기본적립/생활속 추가적립 서비스 
해외: 해외이용 2.0% 할인 캐시백
OTT/영화/문화: 맥스무비 영화 3,500원 현장할인 
레저/스포츠: 놀이공원 30~50% 현장할인
유의사항: 꼭 확인하세요!"
121,다담카드,KB국민카드,,"20,000","대중교통: 버스, 지하철 10% 청구할인
통신: SKT, KT Olleh, LG U+ 10% 청구할인
주유소: SK주유소(충전소) 리터당 60원 청구할인
영화: CGV/메가박스 온라인 영화예매시 승인건당 3,500원 청구 할인
테마파크: 롯데월드, 에버랜드, 캐리비안베이 30~50% 할인
해외: 해외가맹점 5% 할인캐시백
해외: KB투어할인 서비스
선택형: 선택 적립 서비스팩 - 생활/교육/쇼핑/직장인/레저팩 중 택 1
기타: 연간 이용에 따른 다담리워드 서비스,
함께하는 기부 서비스
유의사항: 꼭 확인하세요!"
122,모바일101카드,KB국민카드,,"2,000","간편결제: 삼성페이, Kmotion 오프라인 모바일결제 5% 청구할인
소셜커머스: 위메프, 쿠팡, 티몬 3대 소셜커머스 5% 청구할인
통신: SKT, KT, LGU+ 이동통신요금 최대 3,000원 청구할인
대중교통: 티머니 후불교통(버스/지하철) 5% 환급할인
유의사항: 꼭 확인하세요!"
123,아이행복카드(S-type),KB국민카드,,,"아이행복: 정부 제공 복지서비스(바우처)를 어린이집 및 유치원에서 통합으로 사용할 수 있는 카드
병원: 병의원 업종 5~10% 청구할인
쇼핑: 백화점, 대형마트, 인터넷쇼핑몰 5% 청구할인
교육/육아: 놀이방, 유아전문교육기관, 놀이시설 5% 청구할인
약국: 약국, 산후조리원 5% 청구할인
유의사항: 꼭 확인하세요!"
124,아이행복카드(T-type),KB국민카드,,,"아이행복: 정부 제공 복지서비스(바우처)를 어린이집 및 유치원에서 통합으로 사용할 수 있는 카드
주유소: SK에너지 주유소 리터당 60원 현장할인
패밀리레스토랑: VIPS, 아웃백, TGIF 패밀리레스토랑 20% 청구할인
카페: 커피전문점 10% 청구할인
대중교통: 대중교통(버스, 지하철) 10% 청구할인
테마파크: 에버랜드, 롯데월드, 캐리비안베이 30~50% 현장할인
유의사항: 꼭 확인하세요!"
125,E1 LPG KB국민카드,KB국민카드,,"20,000","주유: E1 LPG충전소 리터당 100원 청구할인
레저/스포츠: 골프장, 골프연습장 이용금액 10% 청구할인
쇼핑: 인터넷 쇼핑몰/소셜커머스 10% 청구할인
푸드: 패밀리레스토랑 이용금액 10% 청구할인
OTT/영화/문화: CGV 영화관 이용금액 10% 청구할인
교통: 대중교통 이용금액 10% 청구할인
유의사항: 꼭 확인하세요!"
126,아시아나 올림카드,KB국민카드,"28,000","30,000","아시아나항공: 국내 가맹점 이용 시 1,500원당 2마일 적립
해외 가맹점 이용 시 1,500원당 3마일 적립
유의사항: 꼭 확인하세요!"
127,청춘대로 매니아i카드,KB국민카드,,"15,000","교통: 대중교통, 택시 5% 적립
통신: 이동통신요금 5% 적립
주유: SK, GS칼텍스 주유소 리터당 100점 적립
카페/디저트: 커피, 디저트 10% 적립
쇼핑: SPA 패션 20% 적립 
OTT/영화/문화: 미술관 20% 적립
테마파크: 영화/놀이공원 현장할인
해외이용: 해외이용금액 3% 할인 캐시백
기타: 플러스 O2O 적립 서비스
기타: 서비스 제공 조건 및 적립한도
유의사항: 꼭 확인하세요!"
128,Liiv Mate카드,KB국민카드,,"15,000",유의사항: ※ 해당 카드는 신규 발급이 중단되었습니다.
129,청춘대로 톡톡카드,KB국민카드,,"12,000","카페/디저트: [Great 서비스] 스타벅스 50% 청구할인
패스트푸드: [Enjoy 서비스] 버거/패스트푸드 업종 20% 청구할인
간편결제: [Check 서비스] 간편결제(Pay) 10% 청구할인
생활: [Basic 서비스] 대중교통, 택시/이동통신요금 10% 청구할인
유의사항: 꼭 확인하세요!"
130,BeV V카드(포인트형),KB국민카드,,"300,000","바우처: 쿠폰서비스
적립: 포인트리 적립
프리미엄: BeV Ⅴ카드 공통 서비스
유의사항: 꼭 확인하세요!"
131,BeV V카드(스카이패스형),KB국민카드,,"300,000","바우처: 쿠폰서비스
항공마일리지: 대한항공 마일리지 적립
프리미엄: BeV Ⅴ카드 공통 서비스
유의사항: 꼭 확인하세요!"
132,청춘대로 1코노미 카드,KB국민카드,,"17,000","편의점: 편의점 20% 포인트리 적립
푸드: 음식점 5% 포인트리 적립
택시: 택시 이용금액 5% 포인트리 적립
통신: 이동통신요금 5% 포인트리 적립
공과금: 도시가스, 수도, 전기요금 등 생활요금 5% 포인트리 적립
온라인쇼핑: 인터넷쇼핑몰 5% 포인트리 적립
여행/숙박: 숙박앱, 렌트앱 이용 시 5% 포인트리 적립
배달앱: 배달앱 이용 시 5% 포인트리 적립
영화: 맥스무비 영화 예매 시 1매당 3,500원 현장할인
기타: 카카오프렌즈 캐릭터샵 이용 시 5% 포인트리 적립
유의사항: 꼭 확인하세요!"
133,BeV Ⅲ 카드,KB국민카드,,"210,000","바우처: 쿠폰서비스
주유: 주유 할인
모든가맹점: 포인트리 적립
프리미엄: BeV Ⅲ카드 우대 서비스
유의사항: 꼭 확인하세요!"
134,탄탄대로 온리유카드,KB국민카드,,"15,000","주유: 전 주유소 및 충전소 110~150점/L 적립
보험: 다이렉트 자동차보험 1만원 할인
정비: 차량정비, 주차장, 세차장 업종 5% 적립
통신: 이동통신 3사 자동납부 5% 적립
기타: 플러스 O2O 이용금액 5% 적립
OTT/영화/문화: 맥스무비 영화 예매 시 3,500원 현장할인
테마파크: 놀이공원 30~50% 현장할인
유의사항: 꼭 확인하세요!"
135,탄탄대로 이지홈카드,KB국민카드,,"15,000","유의사항: ※ 해당 카드는 신규 발급이 중단되었습니다.
공과금: 든든한 자동납부 할인
생활: 즐거운 생활 할인
기타: 부동산 임대료 청구할인
유의사항: 꼭 확인하세요!"
136,가온 워킹업카드,KB국민카드,,"15,000","모든가맹점: 국내 전 가맹점 0.7% 기본적립
해외: 해외이용금액 3% 할인 캐시백
유의사항: 꼭 확인하세요!"
137,탄탄대로 Miz&Mr카드,KB국민카드,,"15,000","선택형: [블루팩] 스포츠, 골프업종, 식품배송 20% 할인
음식업종, 편의점, 약국 10% 할인
선택형: [퍼플팩] 미용, 화장업종, SPA패션 20% 할인
커피, 대중교통, 택시, 백화점, 대형마트 10% 할인
선택형: [웨딩팩] 결혼서비스, 가전업종, 인테리어 20% 할인
음식업종, 백화점, 대형마트 10% 할인
유의사항: 꼭 확인하세요!"
138,스카이패스 KB국민카드,KB국민카드,,"5,000","대한항공: [대한항공 마일리지]
가맹점 신판입금액 1,500원당 1마일 적립
대한항공: 대한항공 마일리지 적립기준
유의사항: 꼭 확인하세요!"
139,아시아나항공 KB국민카드,KB국민카드,"13,000","15,000","아시아나항공: [아시아나 마일리지]
가맹점 신판입금액 1,000원당 1마일 적립
아시아나항공: 아시아나 마일리지 운영기준
적립: 포인트리 적립
유의사항: 꼭 확인하세요!"
140,S-OIL LPG KB국민카드,KB국민카드,"5,000","10,000","충전소: 3만원 이상 충전 시 건당 1,800원 정액 청구할인
정비: 스피드메이트 차량정비 현장할인 서비스
패밀리레스토랑: 3대 패밀리레스토랑(아웃백,VIPS,TGIF) 이용 시 10% 청구할인
영화: 맥스무비 1매당 3,500원 할인(본인회원 한정)
무이자할부: 백화점, 대형마트, 정비, 손해보험 업종 2~3개월 무이자할부 서비스
유의사항: 꼭 확인하세요!"
141,KB국민 펫코노미 카드,KB국민카드,,"30,000","애완동물: 반려동물 업종 10~30% 청구할인
대형마트: 이마트, 홈플러스, 롯데마트 5% 청구할인
애완동물: 반려견 단체보험 무료 가입
유의사항: 꼭 확인하세요!"
142,톡톡 Pay카드,KB국민카드,,"20,000","간편결제: 간편결제(Pay) 20~40% 청구할인
대중교통: 대중교통(버스, 지하철) 10% 청구할인
편의점: 편의점(GS25, CU) 10% 청구할인
유의사항: 꼭 확인하세요!"
143,청춘대로 꿀맛α카드,KB국민카드,"15,000","15,000","APP: 실물 없는 모바일 단독카드
푸드: [꿀맛α Food 할인서비스]
음식업종 건당 2천원 청구할인
배달앱: [꿀맛α Food 할인서비스]
배달 App 건당 2천원 청구할인
카페/디저트: [꿀맛α Food 할인서비스]
커피/제과 업종 건당 1천원 청구할인
할인: 알파원 오토체인지 해시태그 가맹점 5% 청구할인
유의사항: 꼭 확인하세요!"
144,청춘대로 꿀잠α카드,KB국민카드,"15,000","15,000","APP: 실물 없는 모바일 단독카드
여행/숙박: [꿀잠α Relax 할인서비스]
숙박/숙박App 20% 청구할인
교통: [꿀잠α Relax 할인서비스]
여객/운송 20% 청구할인
인테리어: [꿀잠α Relax 할인서비스]
인테리어 20% 청구할인
캐시백: 꿀잠α 해외 가맹점 3% 캐시백
할인: 알파원 오토체인지 해시태그 가맹점 5% 청구할인
유의사항: 꼭 확인하세요!"
145,청춘대로 꿀잼α카드,KB국민카드,"15,000","15,000","APP: 실물 없는 모바일 단독카드
레저/스포츠: [꿀잼α Fun 할인서비스]
놀이업종 50%, 스포츠/레저 20% 청구할인
공연/전시: [꿀잼α Fun 할인서비스]
공연/음악 20% 청구할인
영화: [꿀잼α Fun 할인서비스]
영화 건당 4천원 청구할인
할인: 알파원 오토체인지 해시태그 가맹점 5% 청구할인
유의사항: 꼭 확인하세요!"
146,The Easy카드,KB국민카드,,"15,000","선택형: [적립형] 국내/외 전 가맹점 0.7% 기본적립,  7대 영역 중 월간 이용횟수가 가장 높은 2개 영역 3% 추가적립
선택형: [할인형] 국내/외 전 가맹점 0.7% 기본할인, 7대 영역 중 월간 이용횟수가 가장 높은 2개 영역 5% 추가할인
선택형: 추가 적립/할인 7대 영역 안내
유의사항: 꼭 확인하세요!"
147,레일포인트 KB국민카드,KB국민카드,,"19,000","기차: 코레일 승차권 구입시 레일포인트 10~20% 적립
할인: 코레일유통/관광개발 30% 할인(Ex. StoryWay)
대중교통: 대중교통 10% 청구할인
카페: 커피전문점 10% 청구할인
유의사항: 꼭 확인하세요!"
148,삼성페이 KB국민카드,KB국민카드,,"15,000","삼성페이: 삼성페이 10% 할인서비스
생활: 주요 생활영역 5% 할인서비스
유의사항: 꼭 확인하세요!"
149,탄탄대로 올쇼핑카드,KB국민카드,,"15,000","쇼핑: [쇼핑 영역] 대형마트, 홈쇼핑, 온라인쇼핑몰, 인터넷면세점 10% 할인
통신: [자동납부영역] 통신요금, 아파트관리비 10% 할인
생활: [생활영역] 편의점, 커피 5% 할인 / 주유 리터당 80원 할인
유의사항: 꼭 확인하세요!"
150,탄탄대로 Miz&Mr 티타늄카드,KB국민카드,,"30,000","유의사항: ※ 해당 카드는 신규 발급이 중단되었습니다. 
할인: Trendy 서비스
할인: Daily 서비스
프리미엄: Miz&Mr 티타늄 서비스
여행/숙박: KB국민카드 여행 우대 서비스
유의사항: 꼭 확인하세요!"
151,탄탄대로 오토카드,KB국민카드,,"50,000","주유: 전 주유소(충전소 포함) 10~15% 청구할인
정비: 차량정비, 주차장, 세차장 업종 10% 청구 할인
생활: 통신요금 10% 청구 할인
편의점 10% 청구 할인
보험: 자동차 보험 2만원 청구할인
캐시백: 웰컴리워드 서비스
유의사항: 꼭 확인하세요!"
152,에듀카드,KB국민카드,,"35,000","학원: 교육 업종(학원, 학습지 등) 5~7% 청구할인
약국: 약국 이용 시 10% 청구할인
유의사항: 꼭 확인하세요!"
155,Lady다솜카드,NH농협카드,"6,000","8,000","쇼핑: 농협판매장, 백화점, 대형마트, 쇼핑몰 5% 적립
교육/육아: 유아 교육기관, 학원, 학습지 업종 5~10% 할인
테마파크: 주요 놀이공원 무료입장 및 할인
병원/약국: 전 의료업종 5% 청구할인
헤어: 미용실업종 10% 청구할인
기타: 기타서비스
유의사항: 꼭 확인하세요!"
156,Shopping Save카드,NH농협카드,"6,000","8,000","쇼핑: 쇼핑서비스 대상 가맹점 5~10% 적립
통신: 이동통신요금 자동이체 시 5% 적립
대중교통: 버스, 지하철 이용시 5% 적립
은행사: 금융 수수료 면제
기타: 기타서비스
유의사항: 꼭 확인하세요!"
157,아시아나클럽카드,NH농협카드,,"15,000","아시아나항공: 이용금액 1,000원당 1~3 항공마일리지 적립
유의사항: 꼭 확인하세요!"
158,스카이패스카드,NH농협카드,,"15,000","대한항공: 이용금액 1,500원당 1~3 항공마일리지 적립
유의사항: 꼭 확인하세요!"
159,TAKE(테이크)5카드,NH농협카드,"10,000","12,000","일반음식점: 전세계 음식점, 스타벅스 할인
쇼핑: 백화점, 대형마트, 쇼핑몰, 면세점 등 할인
교육/육아: 학원비(유치원, 학습지 포함), 국내외 서점 할인
적립: 전국 모든 가맹점 0.3~2% 무제한 적립
주유: 전국 모든 주유소·충전소 5% 적립
기타: 기타서비스 및 공통서비스
유의사항: 꼭 확인하세요!"
160,알뜰주유카드(할인형),NH농협카드,"6,000","8,000","주유소: 알뜰주유소 리터당 60~150원 청구할인
일반주유소 리터당 60원 청구할인
정비: 자동차 정비 · 부품·인테리어 · 세차, 보험료 10% 청구할인
차량 구매액의 1% 청구할인
할인: 기타서비스
유의사항: 꼭 확인하세요!"
161,NC다이노스카드,NH농협카드,"8,000","10,000","경기관람: NC다이노스 홈구장 입장료 현장 할인
온라인쇼핑: 온라인쇼핑 월 5천원~1만원 청구할인
영화: CGV, 롯데시네마, 메가박스 월 5천원~2만원 청구할인
카페: 스타벅스(사이렌오더 포함), 카페베네, 커피빈, 탐앤탐스 월 5천원~2만원 청구할인
테마파크: 전국 주요 놀이공원 할인
통신: 휴대폰 국제전화 서비스
유의사항: 꼭 확인하세요!"
162,#ing(샵핑)카드,NH농협카드,"8,000","10,000","쇼핑: 전국 주요 쇼핑업종, 모든 해외가맹점 청구할인 5% 할인(월5천원~2만5천원)
테마파크: 전국 주요 놀이공원 할인
유의사항: 꼭 확인하세요!"
163,#ing+(샵핑플러스)카드,NH농협카드,"23,000","25,000","쇼핑: 전국 주요 쇼핑업종, 모든 해외가맹점 청구할인 7% 할인(월5천원~5만원)
카페: 스타벅스(사이렌오더 포함), 카페베네, 커피빈, 탐앤탐스 4천원 할인
테마파크: 전국 주요 놀이공원 할인
유의사항: 꼭 확인하세요!"
164,ME+(미플러스)카드,NH농협카드,"23,000","25,000","푸드: 전국 음식점 7% 청구할인(해외포함)
교통: 전국 대중교통 7% 청구할인(해외포함)
온라인쇼핑: 국내외 온라인쇼핑 7% 청구할인
카페: 국내외 커피전문점 30% 청구할인
테마파크: 전국 주요 놀이공원 할인
유의사항: 꼭 확인하세요!"
165,ME(미)카드,NH농협카드,"8,000","10,000","푸드: 전국 음식점 5% 청구할인(해외포함)
교통: 전국 대중교통 5% 청구할인(해외포함)
온라인쇼핑: 국내외 온라인쇼핑 5% 청구할인
카페: 국내외 커피전문점 20% 청구할인
테마파크: 전국 주요 놀이공원 할인
유의사항: 꼭 확인하세요!"
166,BAZIC(베이직)카드,NH농협카드,"8,000","10,000","모든가맹점: 국내·외 전 가맹점 0.7~1% 청구할인
유의사항: 꼭 확인하세요!"
167,BAZIC+(베이직플러스)카드,NH농협카드,"23,000","25,000","모든가맹점: 국내·외 전 가맹점 0.7~1.4% 청구할인
교통: 대중교통 및 통신요금  5% 청구할인
프리미엄: 프리미엄 서비스
유의사항: 꼭 확인하세요!"
168,아이행복카드(교육)(비씨),NH농협카드,,,"유의사항: 아이행복카드 -> 국민행복카드로 통합
교육/육아: 어린이집/유치원 10% 청구할인
쇼핑: 온라인쇼핑몰/소셜커머스 10% 청구할인
병원/약국: 전국 병원 업종 10% 청구할인
카페: 커피전문점 / 제과점 10% 청구할인
테마파크: 전국 주요 놀이공원 무료입장 및 할인
할인: 공통/제휴서비스
유의사항: 꼭 확인하세요!"
169,아이행복카드(쇼핑)(비씨),NH농협카드,,,"유의사항: 아이행복카드 -> 국민행복카드로 통합
쇼핑: 백화점/대형마트/농협판매장/온라인쇼핑몰/소셜커머스 5% 청구할인
주유: 농협운영/SK에너지 주유소 및 충전소 리터당 60원 청구할인
병원/약국: 전국 병원 업종 10% 청구할인
카페/디저트: 커피전문점/제과점 10% 청구할인
테마파크: 전국 주요 놀이공원 무료입장 및 할인
할인: 공통/제휴 서비스
유의사항: 꼭 확인하세요!"
170,jumjum(점점)카드(할인)(비씨),NH농협카드,,"8,000","할인: 주요 6대 업종에서 5% 기본할인 + 주말/공휴일 10% 추가할인
 - 주요 6대 업종 : 마트(대형할인점), 농협판매장, 대중교통, 병의원, 커피(6대브랜드), 이동통신
유의사항: 꼭 확인하세요!"
171,jumjum(점점)카드(적립)(비씨),NH농협카드,,"8,000","적립: 전 가맹점 0.3%~2% 포인트 적립
유의사항: 꼭 확인하세요!"
172,NH올원카드,NH농협카드,"8,000","10,000","적립: 전월실적에 상관없이 0.7~0.9% 적립
멤버십포인트: 제휴서비스(OK Cashbag, GS&Point, POP)
유의사항: 꼭 확인하세요!"
173,NH올원+(플러스)카드,NH농협카드,"23,000","25,000","모든가맹점: 전월실적에 상관없이 0.7~0.9% NH포인트 적립 
해외이용: 해외이용액 1.2% NH포인트 적립
기타: 기타 제휴서비스
유의사항: 꼭 확인하세요!"
174,국민행복카드(비씨),NH농협카드,,,"국민행복: 임신출산, 보육료/유아학비 등 지원
멤버십포인트: 그린카드 멤버십 서비스 (공통 서비스)
기타: 공통서비스
바우처: 각종 바우처 제공
유의사항: 꼭 확인하세요!"
175,NH올원 하나로카드,NH농협카드,"8,000","10,000","모든가맹점: 농협판매장 이용 시 10% NH포인트 적립
멤버십포인트: 제휴서비스(OK Cashbag, GS&Point, POP)
유의사항: 꼭 확인하세요!"
176,부자되세요 HomeShopping카드(비씨),NH농협카드,,"10,000","홈쇼핑: 6대 홈쇼핑 이용액 6% 할인
생활: 패밀리레스토랑, 커피, 영화 등 할인
유의사항: 꼭 확인하세요!"
177,NH올원 All100(올백)카드,NH농협카드,"8,000","10,000","생활: 생활 업종 10% 적립
은행사: 보험 및 금융 서비스
OK캐쉬백: OK Cashbag 포인트 적립
멤버십포인트: 제휴서비스
유의사항: 꼭 확인하세요!"
178,NH올원 Shopping&11번가카드(R1타입),NH농협카드,"8,000","10,000","온라인쇼핑: [공통서비스] 온라인쇼핑 5~22% 청구할인
일반음식점: [R1-type 알찬서비스1] 일반음식점 5% 청구할인
편의점: [R1-type 알찬서비스1] 편의점 5% 청구할인
통신: [R1-type 알찬서비스1] 이동통신 5% 청구할인
카페: [R1-type 알찬서비스1] 커피 10% 청구할인
대중교통: [R1-type 알찬서비스1] 버스, 지하철 10% 청구할인
영화: [R1-type 알찬서비스1] 영화 이용 건당 1,500원 청구할인
테마파크: [특별서비스] 전국 주요 놀이공원 30~50% 할인
유의사항: 꼭 확인하세요!"
179,NH올원 Shopping&11번가카드(R2타입),NH농협카드,"8,000","10,000","온라인쇼핑: [공통서비스] 온라인쇼핑 5~22% 청구할인
대형마트: [R2-type 알찬서비스2] 대형마트/하나로클럽·마트 5% 청구할인
백화점: [R2-type 알찬서비스2] 백화점 5% 청구할인
병원: [R2-type 알찬서비스2] 병·의원/약국 5% 청구할인
카페: [R2-type 알찬서비스2] 커피 10% 청구할인
베이커리: [R2-type 알찬서비스2] 베이커리 10% 청구할인
주유소: [R2-type 알찬서비스2] 주유 60원/L 청구할인
테마파크: [특별서비스] 전국 주요 놀이공원 30~50% 할인
유의사항: 꼭 확인하세요!"
180,위카드,NH농협카드,,"200,000","적립: 전가맹점 적립! 온라인 1.2배, 해외 1.5배 적립!
바우처: 바우처 서비스(매년 1회, 택일)
캐시백: 보너스 캐시백(매년 1회)
프리미엄 서비스: 국제 브랜드 프리미엄 서비스
공항라운지: 국내/외 공항 라운지 무료 이용
유의사항: 꼭 확인하세요!"
181,NH올원 파이카드,NH농협카드,,"12,000","선택형: [파이서비스] 온라인쇼핑+선택업종 7~20% 청구할인 
카페: [라이프서비스] 커피전문점 20% 청구할인
대중교통: [라이프서비스] 대중교통(버스/지하철) 5% 청구할인
편의점: [라이프서비스] 편의점 및 잡화 5% 청구할인
배달앱: [라이프서비스] 배달앱 5% 청구할인
유의사항: 꼭 확인하세요!"
182,SolSol++(쏠쏠투플러스)카드,NH농협카드,,"50,000","생활: 주요 12대 생활업종 3~12% 청구할인
여행/숙박: 인천공항 캡슐호텔 3시간 무료 제공
바우처: 바우처 서비스
유의사항: 꼭 확인하세요!"
183,SolSol(쏠쏠)카드,NH농협카드,,"12,000","생활: 주요 12대 생활업종 3~12% 청구할인
유의사항: 꼭 확인하세요!"
184,NH20 해봄카드,NH농협카드,,"10,000","공항라운지: 인천 공항라운지 무료이용 서비스
테마파크: 전국 놀이공원 할인
온라인쇼핑: 온라인 쇼핑몰 10% 할인
도서: 온라인 서점 10% 할인
영화: CGV 2,000원 할인
배달앱: 배달앱 10% 할인
기타: 어플리케이션 2,000원 할인
통신: 통신비 4,000원 할인
카페/디저트: 커피 30% 할인
편의점: GS25 5% 할인
대중교통: 대중교통 10% 할인
주유: 주유 5% 할인
해외: 해외 전가맹점 2% 할인
유의사항: 꼭 확인하세요!"
185,NH농협 부자되세요 아파트카드(비씨),NH농협카드,,"10,000","생활: 아파트관리비 최대 1만원 할인
쇼핑: 쇼핑 최대 1만원 할인
학원: 학원 업종 5% 할인
카페: 커피, 베이커리 5% 할인
유의사항: 꼭 확인하세요!"
186,NH농협 콕카드,NH농협카드,,"12,000","마트/편의점: 농협 판매장 10% 할인

생활: 생활 업종 10% 할인
온라인쇼핑: 농협몰 10% 할인
통신: 통신요금 10% 할인
기타: 에코머니 포인트 적립
유의사항: 꼭 확인하세요!"
187,올바른POINT카드,NH농협카드,,"12,000","유의사항: 해당카드는 신규발급 중단되었습니다.
적립: 적립한도 없이 0.7~1.5% 적립
공항라운지: 국제공항 라운지 무료이용
은행사: 전자금융 수수료 면제
유의사항: 꼭 확인하세요!"
188,올바른OIL카드,NH농협카드,,"15,000","주유: GS칼텍스, 농협주유소 리터당 100원~150원 청구할인 (LPG충전소 포함)
정비: 오토오아시스 차량 경정비 현장할인
생활: 커피, 편의점, 교통 등 생활 적립서비스
유의사항: 꼭 확인하세요!"
189,올바른TRAVEL카드(일본특화),NH농협카드,,"20,000","여행/숙박: 유니버셜스튜디오재팬, 도쿄타워 입장권 할인
교통: 인천공항 무료 교통 서비스
해외이용: 해외이용금액 7%할인
생활: 국내 쇼핑, 커피, 영화 등 생활할인
프리미엄: 국제브랜드 프리미엄서비스
유의사항: 꼭 확인하세요!"
190,올바른TRAVEL카드(중국특화),NH농협카드,,"20,000","여행/숙박: 중국 비자 수수료 50% 할인
교통: 인천공항 무료 교통 서비스
해외이용: 해외이용금액 7%할인
생활: 국내 쇼핑, 커피, 영화 등 생활할인
프리미엄: 국제브랜드 프리미엄서비스
유의사항: 꼭 확인하세요!"
191,T라이트카드,NH농협카드,,"17,000","SKT: SKT라이트할부 및 통신료 할인 서비스
카페/디저트: 생활 할인 서비스
테마파크: 전국 주요 놀이공원 무료입장 또는 할인
유의사항: 꼭 확인하세요!"
192,KT수퍼할부카드(비씨),NH농협카드,,"15,000","KT: KT라이트할부 서비스
KT통신요금(자동이체) 할인 서비스
생활: 커피, 베이커리, 아이스크림 10% 청구할인
영화 CGV 1천원 청구할인
테마파크: 전국 주요 놀이공원 할인
유의사항: 꼭 확인하세요!"
193,NH올원 LGU+카드,NH농협카드,,"17,000","LGU+: LGU+ 라이트할부 및 통신료 자동이체 최대 17,000원 할인
생활: 커피, 베이커리 10% 청구할인 및 CGV 1,000원 청구할인
테마파크: 전국 주요 놀이공원 30~50% 할인
유의사항: 꼭 확인하세요!"
194,롯데포인트 플러스 카드,롯데카드,"5,000","5,000","적립: 더블포인트 적립 서비스 
무이자할부: 6개월 슬림할부(부분 무이자할부) 서비스
카드사: 롯데카드 기본 서비스"
195,VEEX 플래티넘 카드,롯데카드,"15,000","20,000","적립: VEEX 플래티넘 카드만의 포인트 0.2%~2% 적립
프리미엄: VISA/MASTER/AMEX Platinum 서비스
카드사: 롯데카드 기본 서비스"
196,뉴 에듀드림롯데카드,롯데카드,"5,000","10,000",교육/육아: 학원 및 유치원 이용시 5~10% 할인
197,올마이쇼핑 카드 (교통),롯데카드,"15,000","15,000",할인: 쇼핑업종 5% + 대중교통 10%  할인 
198,올마이쇼핑 카드 (통신),롯데카드,"15,000","15,000",할인: 쇼핑업종 5% + 이동통신 10% 할인
199,올마이쇼핑 카드 (점심),롯데카드,"15,000","15,000",할인: 쇼핑업종 5% + 점심시간(12~14시) 음식점 10% 할인
200,올마이쇼핑 카드 (해외),롯데카드,,"15,000",쇼핑: 쇼핑+해외이용금액 할인
201,롯데백화점 롯데카드,롯데카드,"10,000","15,000","백화점: 롯데백화점 15% 결제일할인
백화점: 롯데백화점 5% 현장할인 e-쿠폰 제공
무이자할부: 롯데백화점 12개월 할부서비스
멤버십포인트: L.POINT
유의사항: 꼭 확인하세요!"
202,SKYPASS THE DREAM 롯데카드,롯데카드,"25,000","30,000","대한항공: SKYPASS 마일리지 적립 + 추가 마일리지 혜택
호텔: SKYPASS 회원 할인 서비스
백화점: 롯데백화점 5% 현장할인 e-쿠폰
기타: MasterCard 플래티넘 서비스"
203,ALL MY DC,롯데카드,"15,000","18,000","모든가맹점: [다 할인 서비스] 모든 가맹점 1% 청구할인
대중교통: [더 할인 서비스] 교통 1.5% 청구할인
통신: [더 할인 서비스] 통신 1.5% 청구할인
대형마트: [더 할인 서비스] 마트 1.5% 청구할인
주유소: [더 할인 서비스] 주유 1.5% 청구할인
해외이용: [더 할인 서비스] 해외 1.5% 청구할인
유의사항: 꼭 확인하세요!"
204,ALL MY POINT,롯데카드,"15,000","18,000","모든가맹점: [다 적립 서비스] 모든 가맹점 1% 적립
대중교통: [더 적립 서비스] 교통 1.5% 적립
통신: [더 적립 서비스] 통신 1.5% 적립
대형마트: [더 적립 서비스] 마트 1.5% 적립
주유소: [더 적립 서비스] 주유 1.5% 적립
해외이용: [더 적립 서비스] 해외 1.5% 적립
유의사항: 꼭 확인하세요!"
205,ALL MY LIVING,롯데카드,"15,000","18,000","공과금: 통신비, 주거비, 교육비 5% 할인
대형마트: 주말 식료품비 5% 할인
생활: 의료비, 교통비, 편의점 5% 할인
유의사항: 꼭 확인하세요!"
206,ALL MY DRIVING,롯데카드,"15,000","15,000","주유: 주유소(가스충전소) 리터당 80원 할인
정비: 스피드메이트 엔진오일 할인 제공
교통: 시내버스, 지하철, 택시 10% 할인
쇼핑: 롯데마트 10% 할인
유의사항: 꼭 확인하세요!"
207,경차 smart 롯데카드,롯데카드,,,"기타: 경차 유류세 환급
주유소: 주유 할인 서비스
대중교통: 교통 할인 서비스
쇼핑: 쇼핑 할인 서비스
정비: 정비(엔진오일) 할인 서비스
헤어: 미용실 최대 20% 할인
테마파크: 놀이공원 할인
경기관람: 롯데 자이언츠 20% 할인
영화: 뮤지컬, 연극 등 공연 10~30% 할인
패밀리레스토랑: 외식 할인"
208,LIKIT FUN 카드,롯데카드,"10,000","10,000","카페: 스타벅스, 엔제리너스 50% 결제일 할인
모든 커피전문점 30% 결제일 할인
영화: 롯데시네마, CGV 50% 결제일 할인
대중교통: 시내버스, 지하철 20% 결제일 할인
통신: SKT, KT, LG U+ 10% 결제일 할인
소셜커머스: 쿠팡, 티몬, 위메프, 5% 결제일 할인
유의사항: 꼭 확인하세요!"
209,LIKIT ON 카드,롯데카드,"10,000","10,000","소셜커머스: 쿠팡, 위메프, 티몬 10% 결제일 할인
온라인쇼핑: 11번가, 옥션, G마켓 10% 결제일 할인
기타: 모든 온라인 이용 건 5% 결제일 할인
통신: SKT, KT, LG U+ 10% 결제일 할인
해외이용: 모든 해외 이용 건 5% 결제일 할인
유의사항: 꼭 확인하세요!"
210,LIKIT ALL 카드,롯데카드,"10,000","10,000","모든가맹점: 모든 가맹점 1% 결제일 할인
주유소: 주유 건당 5,000원 결제일 할인
편의점: 편의점 건당 1,000원 결제일 할인
유의사항: 꼭 확인하세요!"
211,트래블패스 시그니처카드,롯데카드,,"120,000","여행/숙박: 플라이어마일 적립 서비스
공항라운지: 국내 공항 라운지 무료이용 및 공항 무료 VIP의전 서비스
항공권: 국내선 동반자 무료 왕복 항공권
호텔: 전세계 해외호텔 무료숙박
프리미엄: VISA Signature 등급의 국제브랜드 서비스"
212,포인트플러스 GRANDE카드,롯데카드,"5,000","10,000","적립: 전월실적 제한없이, 일반가맹점 0.6% 적립
유의사항: 꼭 확인하세요!"
213,I’m WONDERFUL,롯데카드,"10,000","10,000","모든가맹점: 기본할인 - 국내외 가맹점 0.7 % 결제일 할인
할인: 특별할인 - 건별 10만원 이상 결제 시 1.4% 결제일 할인
유의사항: 꼭 확인하세요!"
214,I’m GREAT,롯데카드,"15,000","15,000","공과금: 월납생활비 - 이동통신, 공과금, 교육, 보험 5~10% 결제일 할인
대형마트: 주말생활비 - 마트/슈퍼 5~10% 결제일 할인
생활: 일상생활비 - 의료, 교통, 편의점 5~10% 결제일 할인
유의사항: 꼭 확인하세요!"
215,I’m CHEERFUL,롯데카드,"15,000","15,000","일반음식점: 언제나 할인 - 음식점 5% 결제일 할인
대중교통: 출퇴근 할인 - 시내버스, 지하철 10% 결제일 할인
점심: 점심 할인 - 음식점 10%, 커피 30% 결제일 할인
온라인쇼핑: 퇴근 후 할인 - 온라인쇼핑 10만원 이상 결제 시 5천원 결제일 할인
영화: 주말 할인 - 롯데시네마, CGV 1만원 이상 결제 시 3천원 결제일 할인
유의사항: 꼭 확인하세요!"
216,I’m HEARTFUL,롯데카드,"15,000","15,000","교육/육아: 교육비(도서, 학습지, 학원) 10% 할인
쇼핑: 쇼핑(마트, 소셜커머스, 홈쇼핑, 유기농샵) 10% 할인
유의사항: 꼭 확인하세요!"
217,I’m JOYFUL,롯데카드,"15,000","15,000","주유: 주말 주유 리터당 60원 할인
푸드: 야간요식 5~10% 결제일 할인
쇼핑: 쇼핑(소셜커머스, SPA브랜드, 편의점) 5~10% 결제일 할인
병원/약국: 헬스케어(병원, 약국, 동물병원) 5~10% 결제일 할인
교통: 대중교통(시내버스, 지하철, 택시) 5~10% 결제일 할인
유의사항: 꼭 확인하세요!"
218,L.pay 롯데카드,롯데카드,"9,000","10,000","적립: 지난달 실적 조건없이 1~2% L.POINT 적립
유의사항: 꼭 확인하세요!"
219,I’m YOLO,롯데카드,"35,000","35,000","라운지키: 공항라운지(Lounge Key) 무료이용 서비스
해외이용: 모든 해외 이용금액 1.2% 결제일 할인
쇼핑: 드럭스토어, SPA브랜드 10% 결제일 할인
백화점, 아울렛, 면세점 5% 결제일 할인
생활: 커피, 베이커리 10% 결제일 할인
미용실, 피부관리 / 택시 5% 결제일 할인
프리미엄: MASTER 플래티넘 서비스
멤버십포인트: L.POINT 적립/사용카드로 이용
유의사항: 꼭 확인하세요!"
220,L.CLASS L20 (스카이패스형),롯데카드,"195,000","200,000","대한항공: 1,000원당 1~1.5 스카이패스 마일리지 적립
바우처: 스페셜기프트 제공(연 1회)
프리미엄 서비스: 롯데호텔 객실 및 F&B 현장할인
롯데면세점 5~15% 현장할인
공항라운지/PP: L.CLASS 'L20' 카드 발급 시 MASTER WORLD 등급 국제브랜드 서비스 제공
유의사항: 꼭 확인하세요!"
221,L.CLASS L20 (아시아나클럽형),롯데카드,"195,000","200,000","아시아나항공: 1,000원당 1.5~2 아시아나클럽 마일리지 적립
바우처: 스페셜기프트 제공(연 1회)
프리미엄 서비스: 롯데호텔 객실 및 F&B 현장할인
롯데면세점 5~15% 현장할인
공항라운지/PP: L.CLASS 'L20' 카드 발급 시 MASTER WORLD 등급 국제브랜드 서비스 제공
유의사항: 꼭 확인하세요!"
222,L.CLASS L20 (L.POINT형),롯데카드,"195,000","200,000","적립: L.POINT 1.5 ~ 3% 적립
바우처: 스페셜기프트 제공(연 1회)
프리미엄 서비스: 롯데호텔 객실 및 F&B 현장할인
롯데면세점 5~15% 현장할인
공항라운지/PP: L.CLASS 'L20' 카드 발급 시 MASTER WORLD 등급 국제브랜드 서비스 제공
유의사항: 꼭 확인하세요!"
223,뉴 CJ헬로 롯데카드,롯데카드,"10,000","12,000","기타: CJ헬로/헬로모바일 통신료 할인
기타: 포인트 적립"
224,카카오페이 롯데카드,롯데카드,"12,000","15,000","카카오페이: 카카오드라이버/카카오페이 결제 시 청구할인
주유: 주유&교통할인"
225,PAYCO 플래티넘 롯데카드,롯데카드,"9,000","10,000","적립: 지난달 이용금액에 관계없이 1% 또는 5% PAYCO 포인트 적립
여행/숙박: VISA Platinum 서비스
유의사항: 꼭 확인하세요!"
226,터치원카드(Touch1),하나카드,,"10,000","주유소: 주유 월 2만원 할인
대형마트: 마트 월 2만원 할인
학원: 전국 학원 업종 5% 할인
영화: T멤버십 중복 할인
패밀리레스토랑: T멤버십 중복 할인
OK캐쉬백: OK캐쉬백 적립 및 사용
유의사항: 꼭 확인하세요!"
227,CLUB SK 카드,하나카드,"6,000","6,000","SKT: SK텔레콤 이동통신 요금 최대 15,000원 청구할인
주유소: SK주유소 리터당 최대 150원 청구할인
SK충전소 리터당 최대 70원 청구할인
생활: 교통, 영화, 외식, 커피 등 최대 10% 청구할인
대형마트: 이마트, 홈플러스, 롯데마트 최대 10% 청구할인
학원: 학원 업종 최대 10% 청구할인
멤버십포인트: SK멤버십 서비스
프리미엄 서비스: 브랜드 서비스
기타: 면세점/여행 관련 서비스,
하나은행 결제 계좌 고객 우대 서비스
유의사항: 꼭 확인하세요!"
228,Smart Any 카드(스마트애니),하나카드,"5,000","5,000","모든가맹점: 모든 가맹점 0.8% 청구할인
온라인쇼핑: 온라인 가맹점 1.3% 청구할인
APP: 1Q Pay 이용시 온라인 가맹점 1.4% 청구할인
유의사항: 꼭 확인해주세요!"
229,미생카드,하나카드,"6,000","8,000","온라인쇼핑: 인터넷쇼핑 5% 할인
편의점: 편의점 5% 할인
화장품: 화장품 10% 할인
카페/디저트: 커피 10% 청구할인
푸드: 외식 10% 할인
OTT/영화/문화: 영화 최대 4천원 청구할인
대중교통: 대중교통 7~5% 청구할인
OK캐쉬백: OK캐쉬백 적립 및 사용
유의사항: 꼭 확인하세요!"
230,아이행복카드,하나카드,,,"유의사항: 아이행복카드 -> 국민행복카드로 통합
아이행복: 보육료/유아학비 본인부담금  1만원 할인
온라인쇼핑: 11번가, G마켓, 옥션, 롯데마트 온라인 쇼핑몰 5% 청구할인
주유: 커피전문점, 병원, 약국 10/5% 청구할인
유의사항: 꼭 확인하세요!"
231,하나멤버스 1Q(원큐) 카드 Living,하나카드,"8,000","10,000","공과금: 국내 특화가맹점/해외 모든가맹점 하나머니 적립
카페: 스타벅스, 커피빈 할인
생활: 아파트관리비 자동이체 시 하나머니 적립
기타: 하나멤버스 서비스
유의사항: 꼭 확인하세요!"
232,하나멤버스 1Q(원큐) 카드 Shopping,하나카드,"8,000","8,000","쇼핑: 국내 특화가맹점/해외 모든가맹점 하나머니 적립
카페: 스타벅스, 커피빈 할인
생활: 아파트관리비 자동이체 시 하나머니 적립
기타: 하나멤버스 서비스
유의사항: 꼭 확인하세요!"
233,카카오페이 신용카드,하나카드,"10,000","12,000","카카오페이: 카카오페이 결제 시 25% 할인
생활: 택시, 쇼핑, 뷰티, 영화, 커피 업종 10% 할인
선택형: 카드디자인 선택
유의사항: 꼭 확인하세요!"
234,하나멤버스 1Q(원큐) 카드 Daily,하나카드,"8,000","10,000","모든가맹점: Daily/Monthly 하나머니 적립 
카페: 스타벅스, 커피빈 할인
생활: 아파트관리비 자동이체 시 하나머니 적립
기타: 하나멤버스 서비스
유의사항: 꼭 확인하세요!"
235,Ohmyzip(오마이집) 카드,하나카드,"10,000","15,000","해외이용: 해외 이용대금 및 오마이집 해외 배송비 5%할인
통신: 통신요금 5%할인
온라인쇼핑: 온라인쇼핑 5% 할인
대중교통: 대중교통 5% 할인
유의사항: 꼭 확인하세요!"
236,Simple Life,하나카드,"15,000","15,000","할인: 국내 이용금액 전월실적 없이 할인
통신: 통신요금 자동이체 할인
유의사항: 꼭 확인하세요!"
237,하나멤버스 1Q카드 내맘대로,하나카드,,"12,000","선택형: 6개 영역 중 선택한 3개 영역 하나머니 적립
온라인쇼핑: 온라인쇼핑 적립(공통서비스)
통신: 통신요금 적립(공통서비스)
교통: 대중교통 적립(공통서비스)
영화: 영화 적립(공통서비스)
프리미엄 서비스: 옵션서비스(프리미엄 부가서비스)
유의사항: 꼭 확인하세요!"
238,1Q Daily+,하나카드,"10,000","12,000","적립: [데일리 적립]
전월실적에 따라 0.3%~1.0% 하나머니 적립(적립한도 없음)
적립: [플러스 적립]
온라인쇼핑, 통신/교통/자동이체, 해외영역별 이번달 합산 이용금액 10만원 이상시 5천 하나머니 적립
주유: SK주유소 월 최대 6천원 청구할인
카페: 스타벅스/커피빈 4천원 이상 결제시 4천원 청구할인
공과금: 이번달 아파트관리비 / 4대보험 자동이체 금액
합산 10만원 이상일 때 5천 하나머니 적립
유의사항: 꼭 확인하세요!"
239,1Q Shopping+,하나카드,"10,000","12,000","적립: [쇼핑 적립]
마트, 백화점 이용금액 하나머니 적립(월 최대 4만 머니)
적립: [플러스 적립]
온라인쇼핑, 통신/교통/자동이체, 해외영역별 이번달 합산 이용금액 10만원 이상시 5천 하나머니 적립
주유: SK주유소 월 최대 6천원 청구할인
카페: 스타벅스/커피빈 4천원 이상 결제시 4천원 청구할인
공과금: 이번달 아파트관리비 / 4대보험 자동이체 금액
합산 10만원 이상일 때 5천 하나머니 적립
유의사항: 꼭 확인하세요!"
240,1Q Living+,하나카드,,"12,000","생활: [리빙 적립]
주유, 학원 이용금액 하나머니 적립(월 최대 4만 머니)
적립: [플러스 적립]
온라인쇼핑, 통신/교통/자동이체, 해외영역별 이번달 합산 이용금액 10만원 이상시 5천 하나머니 적립
SSM: 국내 SSM 1만원 이상 결제할 때마다 1천원 청구할인
카페: 스타벅스/커피빈 4천원 이상 결제시 4천원 청구할인
공과금: 이번달 아파트관리비 / 4대보험 자동이체 금액
합산 10만원 이상일 때 5천 하나머니 적립
유의사항: 꼭 확인하세요!"
241,1Q Special+,하나카드,,"12,000","쇼핑: 쇼핑 또는 주유 이용금액 스페셜 적립
생활: 온라인쇼핑, 통신/교통/자동이체, 해외 이용금액 플러스적립
일반음식점: 국내 음식업종 할인
카페: 스타벅스, 커피빈 4,000원 할인
공과금/렌탈: 아파트관리비, 4대보험 적립
유의사항: 꼭 확인하세요!"
242,Mile 1.6 대한항공,하나카드,,"45,000","항공마일리지: HANA Mile 적립
카페: 스타벅스 4,000원 청구할인
영화: CGV, 롯데시네마 4,000원 청구할인
유의사항: 꼭 확인하세요!"
243,Mile 1.6 아시아나,하나카드,,"45,000","항공마일리지: HANA Mile 적립
카페: 스타벅스 4,000원 청구할인
영화: CGV, 롯데시네마 4,000원 청구할인
유의사항: 꼭 확인하세요!"
244,Mile 1.8 대한항공,하나카드,,"130,000","항공마일리지: HANA Mile 적립
공항라운지/PP: Priority Pass카드 무료 제공
카페/디저트: 스타벅스 4,000원 청구할인
OTT/영화/문화: CGV, 롯데시네마 4,000원 청구할인
유의사항: 꼭 확인하세요!"
245,Mile 1.8 아시아나,하나카드,,"130,000","항공마일리지: HANA Mile 적립
공항라운지/PP: Priority Pass카드 무료 제공
카페/디저트: 스타벅스 4,000원 청구할인
OTT/영화/문화: CGV, 롯데시네마 4,000원 청구할인
유의사항: 꼭 확인하세요!"
246,통커 카드,하나카드,,"20,000","카페: 스타벅스 30~50% 청구할인
통신: 이동통신요금 자동이체 시 10% 청구할인
온라인쇼핑: 온라인쇼핑, 소셜커머스 5% 청구할인
유의사항: 꼭 확인하세요!"
247,#tag1카드 Orange,하나카드,,"12,000","생활: 기본서비스(커피, 편의점, 통신, 영화할인)
선택형: 선택서비스(쇼핑, 주유할인)
대중교통: 우대PLUS서비스(대중교통, 외식할인)
테마파크: 주요 놀이공원 현장할인
유의사항: 꼭 확인하세요!"
248,#tag1카드 Navy,하나카드,,"12,000","생활: 기본서비스(교육, 아파트관리비, 통신, 영화할인)
선택형: 선택서비스(쇼핑, 주유할인)
대형마트: 우대PLUS서비스(대형마트, 외식할인)
테마파크: 주요 놀이공원 현장할인
유의사항: 꼭 확인하세요!"
249,1Q Coupon 카드,하나카드,,"15,000","적립: 하나 Syrup Wallet 포인트 서비스
멤버십포인트: 하나 Syrup Wallet 포인트 및 쿠폰교환소 안내
유의사항: 꼭 확인하세요!"
250,my pass 마패 카드,하나카드,,"17,000","대중교통: 대중교통 청구할인
편의점: 편의점 청구할인
카페: 커피 청구할인
유의사항: 꼭 확인하세요!"
251,1Q Global VIVA,하나카드,"13,000","15,000","해외: 해외가맹점 결제 시 국제브랜드 수수료 1% 면제
해외이용 및 해외직구 이용금액 하나머니 적립
여행/숙박: 저가항공(LCC), 면세점 이용금액 하나머니 적립
적립: 온라인쇼핑, 통신/교통/자동이체 이용금액 하나머니 적립
영화: 국내 영화관 영화표 1만원 이상 결제하면 5천원 청구할인
유의사항: 꼭 확인하세요!"
252,Any PLUS 카드,하나카드,"15,000","15,000","모든가맹점: 국내 가맹점 0.7% 청구할인
온라인쇼핑: 국내 온라인 가맹점 1.7% 청구할인
해외: 해외 가맹점 1.7% 청구할인
유의사항: 꼭 확인해주세요!"
253,1Q My Café,하나카드,"15,000","15,000","카페: 스타벅스, 커피빈에서 50% 적립
적립: 국내 적립대상 가맹점 일시불/할부 이용 금액에 따라 하나머니 적립
선택형: 6가지 옵션 중 선택한 적립대상 가맹점에서 5% 적립
유의사항: 꼭 확인하세요!"
254,1Q My Lunch,하나카드,"15,000","15,000","점심: 점심시간 국내 일반음식점에서 10% 적립
적립: 국내 적립대상 가맹점 일시불/할부 이용 금액에 따라 하나머니 적립
선택형: 6가지 옵션 중 선택한 적립대상 가맹점에서 5% 적립
유의사항: 꼭 확인하세요!"
255,1Q My Edu,하나카드,"15,000","15,000","도서: Yes24, 알라딘, 인터파크 도서 7% 적립
적립: 국내 적립대상 가맹점 일시불/할부 이용 금액에 따라 하나머니 적립
선택형: 6가지 옵션 중 선택한 적립대상 가맹점에서 5% 적립
유의사항: 꼭 확인해주세요!"
258,Oil & Life카드(Oil카드),IBK기업은행,,"5,000","통신: [기본서비스] 휴대폰 이용금액의 3% 할인
주유: [특화서비스] GS칼텍스 리터당 120원 청구할인(LPG 포함)
영화: [기본서비스] CGV, 롯데시네마 2천원 현장할인
테마파크: [기본서비스] 주요 놀이공원 할인
은행사: [기본서비스] 금융수수료 면제
기타: [기본서비스] GS&POINT 포인트 적립 및 다양한 혜택 제공
프리미엄 서비스: Life Prime/Oil Prime 서비스 중 한가지 선택가능
유의사항: 꼭 확인하세요!"
259,Oil & Life카드(Life카드),IBK기업은행,,"5,000","통신: [기본서비스] 휴대폰 이용금액의 3% 할인
일반음식점: [특화서비스] 푸드, 커피, 제과업종 10% 할인
주유: [특화서비스] GS칼텍스 리터당 60원 청구할인(LPG 포함)
기타: [기본서비스] GS&POINT 포인트 적립 및 다양한 혜택 제공
영화: [기본서비스] CGV, 롯데시네마 2천원 현장할인
테마파크: [기본서비스] 주요 놀이공원 할인
은행사: [기본서비스] 금융수수료 면제
프리미엄 서비스: Life Prime/Oil Prime 서비스 중 한가지 선택가능
유의사항: 꼭 확인하세요!"
260,국민행복카드(신용),IBK기업은행,,,"국민행복: 신청 및 바우처 안내
어린이집: 선택서비스 : for Green Life Service(C-Type)
학원: 선택서비스 : for Children Service(B-Type)
병원: 선택서비스 : for Baby Service(A-Type)
기타: 그린카드 멤버십서비스
유의사항: 꼭 확인하세요!"
263,참! 좋은 kt wiz 카드(신용),IBK기업은행,,"2,000","모든가맹점: TOP포인트 적립 서비스
주유소: [부가 서비스] 전 주유소 리터당 60원 할인
대형마트: [부가 서비스] 마트(대형 할인점) 5% 할인
영화: [친구 서비스] 전국 영화관 8,000원 할인
소셜커머스: [친구 서비스] 소셜커머스 20% 할인
카페: [친구 서비스] 주요 커피전문점 20% 할인
패밀리레스토랑: [친구 서비스] 외식 업종 20% 할인
테마파크: [부가 서비스] 주요 놀이공원 무료입장 또는 입장료/자유이용권 할인
경기관람: [kt wiz 서비스] 입장권 및 야구용품 할인
유의사항: 꼭 확인하세요!"
264,olleh Super DC IBK카드,IBK기업은행,,"10,000","KT: KT통신요금 최대 15,000원 할인
주유: 전 주유소/충전소 리터당 60원 청구할인(부가서비스)
패밀리레스토랑: 주요 패밀리레스토랑 10% 청구할인(부가서비스)
영화: 영화 1,500원 청구할인(부가서비스)
테마파크: 주요 놀이공원 할인(부가서비스)
유의사항: 꼭 확인하세요!"
266,일상의 기쁨카드(신용),IBK기업은행,,"10,000","대중교통: 대중교통 할인
영화: 영화 할인
카페: 커피전문점 할인
주유소: 주유소 할인
편의점: 편의점 할인
드럭스토어: 올리브영 할인
대형마트: 마트 할인
온라인쇼핑: 온라인쇼핑 할인
기타: 금융우대서비스
테마파크: 놀이공원 할인
유의사항: 꼭 확인하세요!"
267,마일앤조이카드(대한항공),IBK기업은행,,"30,000","대한항공: 이용금액 1,500원 당 1~3마일 적립
기차: KTX, SRT 일반석 승차권 10% 할인
공항라운지: 공항라운지 무료 이용(연2회)
여행/숙박: 각종 여행편의 서비스
프리미엄 서비스: UnionPay 플래티늄 서비스
유의사항: 꼭 확인하세요!"
268,마일앤조이카드(아시아나),IBK기업은행,,"30,000","아시아나항공: 이용금액 1,000원 당 1~3마일 적립
기차: KTX, SRT 일반석 승차권 10% 할인
공항라운지: 공항라운지 무료 이용(연 2회)
여행/숙박: 각종 여행편의 서비스
프리미엄 서비스: UnionPay 플래티늄 서비스
유의사항: 꼭 확인하세요!"
269,IBK-Hybrid(하이브리드)카드,IBK기업은행,,"10,000","하이브리드: 하이브리드 서비스 (체크+신용 결제서비스)
유의사항: 꼭 확인하세요!"
270,아모레퍼시픽 IBK카드,IBK기업은행,,"10,000","화장품: 아모레퍼시픽 할인
영화: 영화 할인
카페: 커피전문점 할인
대중교통: 대중교통 할인
주유소: 주유소 할인
편의점: 편의점 할인
드럭스토어: 올리브영 할인
대형마트: 마트 할인
테마파크: 놀이공원 할인
유의사항: 꼭 확인하세요!"
271,일년의 설렘카드,IBK기업은행,,"10,000","캐시백: 정액캐시백 지급
기타: 금융우대서비스
테마파크: 놀이공원 할인
유의사항: 꼭 확인하세요!"
273,참! 좋은 다이소카드(신용),IBK기업은행,,"10,000","쇼핑: 다이소 결제금액의 30% 청구할인
다이소 멤버십 포인트 자동적립
소셜커머스: 쿠팡, 티몬, 위메프 20% 할인
헤어: 미용실, 이용원 20% 할인
카페: 주요 커피전문점 20% 할인
편의점: 편의점, 드럭스토어 10% 할인
영화: CGV, 롯데시네마 4,000원 할인
주유소: 전 주유소 리터당 40원 할인
대형마트: 이마트, 홈플러스, 롯데마트, 농협하나로클럽 5% 할인
테마파크: 주요 놀이공원 할인
유의사항: 꼭 확인하세요!"
274,쇼핑앤조이 카드,IBK기업은행,,"10,000","대중교통: 대중교통 할인
통신: 이동통신요금 할인
온라인쇼핑: 쇼핑 할인
카페: 스타벅스 할인
기타: 금융우대서비스
유의사항: 꼭 확인하세요!"
275,제주항공 Refresh Point 카드,IBK기업은행,,"20,000","제주항공: JEJU Air Refresh Point 적립 서비스
공항: JEJU AirCafe 할인 서비스
공항라운지: 공항라운지, 발렛파킹 등 플래티늄 서비스
유의사항: 꼭 확인하세요!"
276,플러스마일카드,SC제일은행,,"49,000","항공마일리지: 대한항공/아시아나항공 마일리지 적립
유의사항: 꼭 확인하세요!"
277,시그마카드,SC제일은행,,"200,000","바우처: Thank You 선물(매년)
적립:  360˚ 리워드 포인트 적립
여행/숙박: 해외이용수수료 면제, 무료 해외여행보험 등 서비스
은행사: 은행 상품 연계한 360˚ 리워드 및 은행상품 우대
유의사항: 꼭 확인하세요!"
278,FANtastic S 신한카드 체크,신한카드,,,"간편결제: 간편결제(FAN페이) 15% 캐시백
소셜커머스: 소셜커머스(쿠팡,티몬) 10% 캐시백
편의점: 편의점(CU) 10% 캐시백
카페: 커피(스타벅스) 10% 캐시백
해외이용: 해외 전 가맹점 이용액(온라인 포함) 1.2% 캐시백
해외인출 1건당 US $3 캐시백
캐시백: 통합캐시백한도
유의사항: 꼭 확인하세요!"
279,CJ ONE 신한카드 체크,신한카드,,,"영화: CGV 영화 예매 시 최대 7,000원 캐시백
드럭스토어: 올리브영 10% 캐시백
CJ ONE: CJ ONE 5% 포인트 추가 적립
온라인쇼핑: CJ mall 5% 캐시백
패스트푸드: VIPS / 계절밥상 10% 캐시백
카페/디저트: 투썸플레이스 / 뚜레쥬르 10% 캐시백
유의사항: 꼭 확인해주세요! "
280,11번가 팝 신한카드 체크,신한카드,,,"온라인쇼핑: 11번가 이용 시 11% 할인
멤버십포인트: GS25, GS수퍼마켓 팝 서비스
유의사항: 꼭 확인해주세요! "
281,신한카드 Deep Dream 체크,신한카드,,,"적립: 기본 포인트 적립
생활: 추가 포인트 적립
생활: 추가 포인트 적립
주유소: 주유소 적립
택시: 택시 할인
적립: 추가 포인트 적립
금융: 수수료 우대
유의사항: 꼭 확인하세요!"
282,신세계 신한카드 체크,신한카드,,,"영화: 신세계백화점 입점영화관 토,일요일 2천원 캐시백
카페: 스타벅스 사이즈업 지원 캐시백
생활: 주요 업종 0.5% ~ 1% 마이신한포인트 적립 
테마파크: 롯데월드, 서울랜드 50% 할인 
유의사항: 꼭 확인해주세요!"
283,쿠팡 신한카드 체크,신한카드,,,"소셜커머스: 쿠팡 이용금액의 3% 『쿠팡캐시』 적립
카페: 스타벅스 이용금액의 10% 캐시백
유의사항: 꼭 확인하세요!"
284,신한카드 주거래 체크,신한카드,,,"모든가맹점: 모든 가맹점 0.3% 포인트 적립
쇼핑: 신한은행 결제 계좌 연결 제공 서비스(추가 포인트 적립)
은행사: 주거래Package
유의사항: 꼭 확인하세요!"
285,G마켓/옥션 신한카드 Smile365 체크,신한카드,,,"온라인쇼핑: G마켓 / 옥션 15% 캐시백
편의점: GS25 5% 캐시백
렌터카: 카쉐어링 「SOCAR」 5% 캐시백
유의사항: 꼭 확인해주세요! "
286,카카오페이 신한 체크카드,신한카드,,,"선택형: 플레이트 디자인 선택 가능
카카오페이: 카카오페이 결제 시 2% 적립
대중교통: 대중교통 3% 적립
통신: 이동통신요금 3% 적립
영화: CGV 영화 최대 3천원 적립
해외: 해외 전가맹점(온라인 포함) 이용금액 1% 적립,
해외 인출 1건당 US $3 적립 제공
프리미엄 서비스: Master 플래티늄 서비스
유의사항: 꼭 확인하세요!"
287,NCSOFT 신한카드 체크,신한카드,,,"게임: N코인 구매금액 10% 캐시백
편의점: GS25 이용금액 10% 캐시백
카페: 스타벅스 이용금액 10% 캐시백
캐시백: 통합캐시백한도
유의사항: 꼭 확인하세요!"
288,신한카드 YOLO Triplus 체크,신한카드,,,"모든가맹점: 국내외 모든 가맹점 마일리지 적립
여행사: 여행사 이용금액 마일리지 적립
카페: 스타벅스 이용금액 마일리지 적립
해외이용: 해외인출 캐시백
카드사: 신한 MASTER Platinum 서비스
유의사항: 꼭 확인하세요!"
289,신한 글로벌패스 Check&Debit (라이프),신한카드,,,"주유소: 3·6·9 day 주유 적립 서비스
패밀리레스토랑: 베니건스 할인
영화: CGV 할인
카페: 스타벅스 할인
해외이용: 편리한 해외 이용 서비스
기타: 환율우대서비스
카드사: 올댓서비스
유의사항: 꼭 확인하세요!"
290,신한카드 4Tune 체크,신한카드,,,"적립: 기본 적립
적립: 선택 적립
카페: 커피전문점 할인
유의사항: 꼭 확인하세요!"
291,팝 신한카드 S-Choice 체크,신한카드,,,"마트/편의점: GS25, GS수퍼마켓 팝 서비스
카페: 모든 커피 전문점 이용 금액의 20% 할인 (캐시백)
은행사: 신한은행 금융서비스
선택형: Combo 서비스
유의사항: 꼭 확인하세요!"
292,신한카드 아이행복 체크카드,신한카드,,,"병원: 병원/약국 할인
대형마트: 할인점 할인
온라인쇼핑: 온라인몰 할인
통신: 이동통신비 할인
공과금: 도시가스비 할인
테마파크: 놀이공원 할인
은행사: 신한금융 혜택
생활: 특화 혜택
유의사항: 꼭 확인하세요!"
293,신한 빅플러스 체크카드,신한카드,,,"영화: 영화 할인
헤어: 미용실 할인
경기관람: 스포츠 할인
쇼핑: 쇼핑 할인
테마파크: 놀이공원 할인
여행사: 신한카드 여행 서비스
생활: 기타 할인
유의사항: 꼭 확인하세요!"
294,신한카드 S-Line 체크,신한카드,,,"적립: 전 가맹점 이용금액의 0.2% ~ 0.5% 마이신한포인트 적립
푸드: 요식업종 이용금액의 5% 할인
교통: 버스, 지하철 이용금액의 5% 할인(후불교통 카드 선택 시)
SK주유소 주유 시 리터당 40원 할인(후불교통카드 미 선택 시)
쇼핑: 홈쇼핑 이용금액의 5% 할인
해외 이용금액의 5% 할인
금융: 금융 우대 서비스
할인: 신한카드 S-Line 체크 할인한도
유의사항: 꼭 확인하세요!"
295,신한 S20 Pink(핑크)체크카드,신한카드,,,"대중교통: 전국 지하철/버스 10% 캐시백
통신: 이동통신요금 자동이체시 2~3천원 캐시백
온라인쇼핑: 4대 온라인 쇼핑몰, 올리브영 이용 시 2~7% 캐시백
기타: 듀오웨드 이용 시 현장 할인
카페: 커피전문점 (스타벅스/커피빈) 20% 캐시백
패밀리레스토랑: 패밀리레스토랑 (TGI Friday’s) 20% 캐시백
테마파크: 테마파크 50% 할인
영화: 맥스무비 2천원 할인
유의사항: 꼭 확인하세요!"
296,신한 S-Choice체크카드,신한카드,,,"교통: 버스,지하철,택시 이용금액의 10% 할인 (캐시백)
카페: 모든 커피 전문점 이용 금액의 20% 할인 (캐시백)
백화점: 4대 백화점 및 3대 할인점 이용 금액의 10% 할인 (캐시백)
유의사항: 꼭 확인하세요!"
297,해피포인트 신한카드 BigPlus 체크,신한카드,,,"해피포인트: 해피포인트 가맹점내 이용 시 5% 캐시백 및 5% 현장적립
기타: 기본서비스
유의사항: 꼭 확인하세요!"
298,신한 S20 체크카드,신한카드,,,"교통: 전국 버스/지하철/택시 최고 10% 캐시백
통신: 이동통신요금 자동이체시 2~3천원 캐시백
편의점: GS25 이용시 2~7% 캐시백
도서: 교보문고 / 반디앤루니스 5% 캐시백
학원: 어학원강좌(YBM시사, 파고다) 5% 캐시백
기타: TOEIC 응시료 2천원 캐시백
카페: 커피전문점 (스타벅스/커피빈) 20% 캐시백
패밀리레스토랑: 패밀리레스토랑 (TGI Friday’s) 20% 캐시백
테마파크: 전국 유명 놀이공원 본인 자유이용권 50% 할인
영화: 맥스무비 2천원 할인
유의사항: 꼭 확인하세요!"
299,신한카드 EV 체크,신한카드,,,"기타: 전기차 충전요금 할인
대중교통: 대중교통 할인
보험사: 보험료 할인
유의사항: 꼭 확인하세요!"
300,SOCAR 제휴 SOCAR 신한카드 체크,신한카드,,,"렌터카: SOCAR 결제 시 10% 할인(캐시백)
영화: 영화 이용 시 10% 할인(캐시백)
기차: KTX, SRT 포함 철도 이용 시 5% 할인(캐시백)
캐시백: 통합할인한도
유의사항: 꼭 확인하세요!"
301,KT 신한카드 체크,신한카드,,,"KT: KT 통신요금 월 최대 5천원 캐시백
편의점: GS25 5% 캐시백
영화: CGV 10% 캐시백
유의사항: 꼭 확인하세요!"
302,LG U+ 신한카드 Smart 체크,신한카드,,,"LGU+: LG U+ 통신요금 자동이체 시 최대 3천원 캐시백
편의점: GS25 편의점 5% 캐시백
영화: 맥스무비 최대 2천원 캐시백
테마파크: 롯데월드/서울랜드 50% 현장할인
유의사항: 꼭 확인하세요!"
303,GS칼텍스 신한카드 경차사랑 체크,신한카드,,,"자동차: 경차 유류세 환급 서비스
주유: GS칼텍스 주유할인 서비스(LPG포함)
보험: DB손해보험 다이렉트 자동차보험 할인
유의사항: 꼭 확인하세요!"
304,SRT 신한카드 체크,신한카드,,,"멤버십포인트: SRT 승차권 구매시 사용이 가능한 '레일리지' 적립 서비스 
멤버십포인트: '레일리지' 사용 서비스 
유의사항: 꼭 확인하세요!"
305,KBO 제휴 신한카드 MY KBO 체크,신한카드,,,"적립: 국내/외 신판이용 가맹점 0.2% 적립
경기관람: 전 구단 대상 결제일 정규시즌 야구 할인
금융: 신한은행 우대 서비스
유의사항: 꼭 확인하세요!"
306,리디 신한카드 체크,신한카드,,,"도서: 리디북스 이용 시 10% 할인(캐시백)
영화: 영화 예매시 10% 할인(캐시백)
패스트푸드: KFC 이용 시 10% 할인(캐시백)
유의사항: 꼭 확인하세요!"
307,더본 신한카드 체크,신한카드,,,"푸드: 빽다방 이용시 20% 결제일 할인(캐시백)
더본(theborn) 모든 매장 이용 시 5% 결제일 할인(캐시백)
영화: CGV 예매시 10% 할인
유의사항: 꼭 확인하세요!"
308,요기요 신한카드 체크,신한카드,,,"배달앱: 요기요 결제금액 15% 할인
카페: 이디야 10% 할인
편의점: CU 10% 할인
기타: 통합할인한도
유의사항: 꼭 확인하세요!"
309,EDIYA 신한카드 체크,신한카드,,,"카페: EDIYA 특화 할인 서비스
유의사항: 꼭 확인해주세요!"
310,마이 홈플러스 신한카드 체크,신한카드,,,"대형마트: 홈플러스 이용적립 
유의사항: 꼭 확인해주세요!"
311,몰테일 신한카드 체크,신한카드,,,"해외직구: 몰테일(malltail) 배송비 결제 시 3천원 캐시백
테일리스트(taillist), 비타트라(Vitatra) 5% 즉시 할인 (최대 US $2 할인)
해외이용: 해외 전 가맹점 이용액 (온라인 포함) 1.2% 캐시백
수수료우대: 해외 인출 1건당 US $3 캐시백
소셜커머스: 쿠팡, 티몬 9% 캐시백
편의점: CU 9% 캐시백
카페: 스타벅스 9% 캐시백
유의사항: 꼭 확인해주세요!"
312,카드의정석 COOKIE CHECK,우리카드,,,"공항라운지/PP: 전세계 1,000여개 공항라운지 무료 입장 서비스
해외이용: 해외가맹점(해외직구 포함) 이용금액의 1~2% 캐시백
생활: 쇼핑, 커피, 영화, 편의점, 교통 등 국내 캐시백 서비스
간편결제: 네이버페이, 카카오페이, PAYCO 1천원 추가 캐시백 	
CJ ONE: 멀티 멤버십 서비스(OK캐시백, CJ ONE)
유의사항: 꼭 확인하세요!"
313,LoL CHAMPIONS KOREA 우리체크카드,우리카드,,,"수수료우대: [해외서비스] 해외이용수수료 면제
해외이용: [해외서비스] 해외가맹점(해외직구 포함) 이용금액의 1~2% 캐시백
공항라운지: [해외서비스] 인천 공항라운지 무료이용 서비스
생활: [국내서비스] 쇼핑, 커피, 영화 등 다양한 국내 가맹점 할인 서비스
유의사항: 꼭 확인하세요!"
314,카드의정석 SSO3 CHECK,우리카드,,,"직장인: 저녁시간 음식점(주점 포함), 노래방, 커피 캐시백
교통: 교통 캐시백(주유, 택시, 대중교통)
쇼핑: 쇼핑 캐시백(대형할인점, 편의점, 뷰티스토어)
해외이용: 해외가맹점 캐시백
기타: 통합 월 캐시백한도
유의사항: 꼭 확인하세요!"
315,카카오페이 체크카드,우리카드,,,"카카오페이: 카카오페이 가맹점 이용금액 5% 캐쉬백
온라인쇼핑: 온라인 쇼핑몰 이용금액 5% 캐쉬백
편의점: 오프라인 쇼핑 이용금액 5% 캐쉬백
기타: 월간 통합 캐쉬백 한도
유의사항: 꼭 확인하세요!"
316,카드의정석 L.POINT CHECK,우리카드,,,"모든가맹점: L.POINT 0.3 ~ 1% 적립
테마파크: 롯데월드 아쿠아리움 입장권 및 놀이공원 자유이용권 50% 현장할인
유의사항: 꼭 확인하세요!"
317,카드의정석 POINT CHECK,우리카드,,,"모든가맹점: 모아포인트 0.3 ~ 1.5% 적립
테마파크: 롯데아쿠아리움 및 주요 놀이공원 50% 현장할인
유의사항: 꼭 확인하세요!"
318,위메프 우리체크,우리카드,"3,000","5,000","소셜커머스: 위메프 이용금액의 5%적립
카페: 스타벅스 30%, 편의점 5% 캐시백할인
유의사항: 꼭 확인하세요!"
319,배달의민족 우리체크,우리카드,,,유의사항: ※ 해당 카드는 신규 발급이 중단되었습니다.
320,롯데마트 라서 즐거운 체크카드,우리카드,,,"대형마트: 롯데마트 매장 및 롯데마트몰 10% 캐시백 할인 
카페: 스타벅스, 투썸플레이스 20% 캐시백 할인
패밀리레스토랑: 아웃백, TGIF 10% 캐시백 할인
영화: 모든 영화관 3,000원 캐시백 할인
대중교통: 시내버스, 지하철 1,500원 청구할인
주유소: GS칼텍스 리터당 40원 캐시백 할인
테마파크: 주요 놀이공원 자유이용권 50% 현장할인
유의사항: 꼭 확인하세요!"
322,우리 아이행복체크카드,우리카드,,,"병원/약국: 모든 병원(동물병원 포함), 약국업종 5% 청구할인
대중교통: 전국 시내버스, 지하철 5% 청구할인
패밀리레스토랑: 아웃백, TGIF 10% 청구할인
카페: 스타벅스, 투썸플레이스 20% 청구할인
테마파크: 주요 놀이공원 자유이용권 50% 현장할인
멤버십포인트: 그린카드 멤버십 혜택
유의사항: 꼭 확인하세요!"
323,우리국민행복체크카드,우리카드,,,"국민행복: 국민행복카드란?
병원/약국: for Baby Service [ A-TYPE ]
학원: for Children Service [ B-Type ]
멤버십포인트: for Green Life Service [ C-Type ]
기타: 공통서비스
유의사항: 꼭 확인하세요!"
324,우리 YG 체크카드,우리카드,,,"공연/전시: YG 엔터테인먼트 공연티켓, 온라인몰 할인
기타: YG 엔터테인먼트 운영 쇼핑몰 할인
생활: 커피, 영화, 외식 등 다양한 국내 가맹점 할인 서비스
유의사항: 꼭 확인하세요!"
325,그랑블루 체크카드,우리카드,,"95,000","바우처: GIFT VOUCHER (연 1회, 택1회)
모든가맹점: 사용업종 또는 결제건당 금액에 따라 0.3~1% 모아포인트 적립
공항라운지/PP: 체크 브랜드별 공항라운지 이용 서비스
여행/숙박: [Travel Service] 국내외 여행 관련 서비스 제공
푸드: 치킨, 피자 10% 청구할인
영화: 전국 영화관 3,000원 청구할인
레저/스포츠: 골프 우대 서비스 및 자전거 무료 세척 서비스
주유소: SK주유 및 충전 시 리터당 60원 청구할인 
유의사항: 꼭 확인하세요!"
326,해피포인트 우리체크카드,우리카드,,,"해피포인트: 해피포인트 가맹점 20% 캐시백할인 및 5%적립
마트/편의점: 주요할인점 5%할인
기타: 공통서비스
유의사항: 꼭 확인하세요!"
328,라떼 우리체크카드,우리카드,"2,000",,"카페: 커피전문점 1회당 1,000원 할인 캐시백
유의사항: 꼭 확인하세요!"
329,갤러리아 체크카드,우리카드,,,"백화점: 갤러리아 백화점, Mall 5% 현장할인
모든가맹점: 업종별 0.3~1.5% 모아포인트 적립
해외이용: 해외 가맹점(해외직구 포함) 1% 캐시백 할인
테마파크: 주요 놀이공원 50% 현장할인
유의사항: 꼭 확인하세요!"
330,카드의정석 CREAM TEENS CHECK,우리카드,,,"마트/편의점: 편의점/올리브영 캐시백
도서: 서점 캐시백
패스트푸드: 베이커리/패스트푸드 캐시백
교통: 티머니 충전 캐시백
CJ ONE: 멀티 멤버십 서비스(OK캐시백, CJ ONE)
기타: 통합 월 캐시백 한도
유의사항: 꼭 확인하세요!"
331,New 현대백화점 체크카드,우리카드,,,"백화점: 현대백화점 및 현대아울렛 5% 할인
진에어: 진에어 5% 캐시백 할인
카페: 스타벅스, 커피빈 20% 캐시백 할인
패밀리레스토랑: 아웃백스테이크하우스, TGIF, VIPS, 우노 10% 캐시백 할인
영화: CGV, 메가박스, 롯데시네마 최대 6,000원 캐시백 할인
도서: 인터넷교보문고, 인터넷영풍문고, Yes24 3,000원 캐시백 할인
주유소: S-OIL 주유소 리터당 40원 캐시백 할인
테마파크: 놀이공원 무료입장 및 자유이용권 최대 50% 현장할인
기타: TOEIC 응시료 3,000원 캐시백 할인
유의사항: 꼭 확인하세요!"
332,카카오페이 KB국민 체크카드,KB국민카드,,,"카카오페이: 카카오페이결제 2%적립
카페: 커피전문점 업종 이용 시 카카오페이머니 1% 적립
베이커리: 제과/아이스크림 업종 이용시 카카오페이머니 1% 적립
편의점: CU편의점 이용 시 카카오페이머니 1% 적립
대중교통: 대중교통(버스,지하철) 이용 시 카카오페이머니 1% 적립
유의사항: 꼭 확인하세요!"
333,Liiv Mate 체크카드,KB국민카드,,,"모든가맹점: 국내외 가맹점 기본적립
카페/디저트: 커피/제과아이스크림 업종 추가적립
영화: 영화관 업종 추가적립
통신: 이동통신요금(SKT, KT, LG U+) 자동이체 시 추가적립
대중교통: 대중교통(버스, 지하철) 추가적립
소셜커머스: 소셜커머스(티몬, 쿠팡, 위메프) 추가적립
편의점: GS25 편의점 추가적립
유의사항: 꼭 확인하세요!"
334,아시아나 체크카드,KB국민카드,,,"아시아나항공: 전가맹점 2,500원당 1마일 적립
소셜커머스: 소셜커머스, 스타벅스, 파리바게뜨 5% 환급할인
유의사항: 꼭 확인하세요!"
335,청춘대로 싱글 체크카드,KB국민카드,,,"편의점: 편의점 업종 5~10% 환급할인
소셜커머스: 다이소/소셜커머스 5~10% 환급할인
교통: 대중교통, 택시 5% 환급할인
애완동물: 올리브영·박승철헤어스투디오/동물병원 10% 환급할인
해외이용: 해외이용/해외직구 할인캐시백
여행/숙박: 라이프샵 여행 해외패키지 3% 현장할인
유의사항: 꼭 확인하세요!"
336,가온체크카드,KB국민카드,,,"모든가맹점: 모든 가맹점 포인트리 기본적립
푸드: 음식점, 커피전문점 업종 포인트리 추가적립
교통: 대중교통, 택시 포인트리 추가적립
통신: 이동통신요금 포인트리 추가적립
유의사항: 꼭 확인하세요!"
338,누리체크카드,KB국민카드,,,"모든가맹점: 모든 가맹점 기본 환급할인 및 주말·공휴일 추가 환급할인
푸드: 음식점, 커피전문점 업종 추가 환급할인
교통: 대중교통(버스·지하철), 택시 추가 환급할인
통신: 이동통신요금 추가 환급할인
해외: 해외이용 1% 할인캐시백
유의사항: 꼭 확인하세요!"
339,음 체크카드,KB국민카드,,,"일반음식점: 한식 업종 5% 평일 환급할인
카페: 커피전문점, 베이커리, 아이스크림전문점 5% 평일 환급할인
교통: 버스·지하철 5% 청구할인
유의사항: 꼭 확인하세요!"
340,락스타 체크카드,KB국민카드,,,"대중교통: 버스·지하철 10% 청구할인
통신: 이동통신요금 2,500원 환급할인
영화: CGV 35% 환급할인
푸드: 아웃백, VIPS / 스타벅스 20% 환급할인
테마파크: 에버랜드·롯데월드 50% 환급할인
금융: 금융수수료 면제 서비스
생활: GS25/교보문고 5% 환급할인
기타: 통합할인한도
유의사항: 꼭 확인하세요!"
341,훈 체크카드,KB국민카드,,,"학원: 문리계·외국어학원 7% 환급할인
도서: 서점업종 5% 환급할인
병원/약국: 동물병원·약국업종 5% 환급할인
대중교통: 버스·지하철 5% 청구할인
유의사항: 꼭 확인하세요!"
342,해피노리체크카드,KB국민카드,,,"대중교통: 버스·지하철 10% 청구할인
통신: 이동통신요금 2,500원 환급할인
영화: CGV 35% 환급할인
패밀리레스토랑: 아웃백, VIPS 20% 환급할인
카페: 스타벅스 20% 환급할인
테마파크: 에버랜드·롯데월드 50% 환급할인
편의점: GS25 5% 환급할인
도서: 교보문고 5% 환급할인
해피포인트: 해피포인트 5% 현장적립
은행사: 금융수수료 면제 서비스
기타: 통합할인한도
유의사항: 꼭 확인하세요!"
343,포인트리체크카드,KB국민카드,,,"주유소: GS칼텍스 리터당 주중 50점, 주말 60점 포인트리 적립
패밀리레스토랑: 아웃백·VIPS 10% 포인트리 적립
영화: CGV 3,000원 포인트리 적립
대중교통: 버스·지하철 5% 포인트리 적립
통신: 이동통신요금 2,500점 포인트리 적립
온라인쇼핑: G마켓·옥션 3% 포인트리 적립
도서: 교보문고 3% 포인트리 적립
드럭스토어: 올리브영 5% 포인트리 적립
테마파크: 에버랜드 50% 포인트리 적립
기타: 통합적립한도
유의사항: 꼭 확인하세요!"
344,아이행복 체크카드,KB국민카드,,,"아이행복: 아이행복카드란?
온라인쇼핑: 인터넷쇼핑몰 5% 환급할인 서비스
약국: 약국 업종 5% 환급할인 서비스
유의사항: 꼭 확인하세요!"
345,정 체크카드,KB국민카드,,,"백화점: 롯데·현대·신세계백화점 7% 환급할인
홈쇼핑: GS홈쇼핑·CJ홈쇼핑 / G마켓·옥션 5% 환급할인
화장품: 미용실·화장품·피부미용 5% 환급할인
교통: 버스·지하철 5% 청구할인
해외이용: 해외이용 5% 할인 캐시백
유의사항: 꼭 확인하세요!"
346,민 체크카드,KB국민카드,,,"대형마트: 이마트·롯데마트·홈플러스 5% 환급할인
주유소: SK에너지 리터당 60원 환급할인
정비: 스피드메이트 엔진오일교환 2만원 현장할인 및 정비 할인
패스트푸드: 패스트푸드 10% 환급할인
통신: 이동통신요금 2,500원 환급할인
대중교통: 버스·지하철 5% 청구할인
편의점: CU편의점 3% CU포인트 적립
기타: 통합할인한도
유의사항: 꼭 확인하세요!"
347,비트윈체크카드,KB국민카드,,,"패밀리레스토랑: 아웃백·VIPS·TGIF·세븐스프링스
카페: 커피빈 주중 5%, 주말 10% 환급할인
영화: CGV·메가박스 20% 환급할인
테마파크: 에버랜드·서울랜드·롯데월드 30% 환급할인
편의점: GS25 5% 환급할인
대중교통: 버스·지하철 5% 청구할인
도서: 교보문고 3% 환급할인
헤어: 박승철헤어스투디오·올리브영 10% 환급할인
항공권: 제주항공 10% 환급할인
은행사: 금융수수료 면제 서비스
기타: 통합할인한도
유의사항: 꼭 확인하세요!"
348,노리체크카드,KB국민카드,,,"대중교통: 버스·지하철 10% 청구할인
통신: 이동통신요금 2,500원 환급할인
영화: CGV 35% 환급할인
푸드: 아웃백, VIPS / 스타벅스 20% 환급할인
테마파크: 에버랜드·롯데월드 50% 환급할인
금융: 금융수수료 면제 서비스
편의점: GS25 5% 환급할인
도서: 교보문고 5% 환급할인
유의사항: 꼭 확인하세요!"
349,해피락스타 체크카드,KB국민카드,,,"대중교통: 버스·지하철 10% 청구할인
통신: 이동통신요금 2,500원 환급할인
영화: CGV 35% 환급할인
패밀리레스토랑: 아웃백, VIPS 20% 환급할인
카페: 스타벅스 20% 환급할인
테마파크: 에버랜드·롯데월드 50% 환급할인
편의점: GS25 5% 환급할인
도서: 교보문고 5% 환급할인
해피포인트: 해피포인트 5% 현장적립
은행사: 금융수수료 면제 서비스
기타: 통합할인한도
유의사항: 꼭 확인하세요!"
350,직장인보너스체크카드,KB국민카드,,,"공과금/렌탈: 국세·지방세 7천원 환급할인
주유소: GS칼텍스 리터당 주중 50원, 주말 60원 환급할인
정비: 스피드메이트 엔진오일교환 2만원 현장할인 및 정비 할인
렌터카: SK렌터카 할인 (연 2회)
백화점: 롯데·현대·신세계백화점 5% 환급할인
패밀리레스토랑: 아웃백 10% 환급할인
대중교통: 버스·지하철 5% 청구할인
통신: 이동통신요금 1,000원 환급할인 (월 1회)
테마파크: 에버랜드 50% 환급할인
해피포인트: 해피포인트 5% 현장적립
기타: 통합할인한도
유의사항: 꼭 확인하세요!"
351,스타체크카드,KB국민카드,,,"주유소: GS칼텍스 리터당 주중 50원, 주말 60원 환급할인
대중교통: 버스·지하철 5% 청구할인
통신: 이동통신요금 2,500원 환급할인
영화: CGV 3,000원 환급할인
테마파크: 에버랜드 50% 환급할인
온라인쇼핑: G마켓·옥션 3% 환급할인
드럭스토어: 올리브영 5% 환급할인
도서: 교보문고 3% 환급할인
패밀리레스토랑: 아웃백·VIPS 10% 환급할인
기타: 통합할인한도
유의사항: 꼭 확인하세요!"
353,해피CU포인트 체크카드,KB국민카드,,,"멤버십포인트: CU편의점, 해피포인트 가맹점 2%적립
교통: 대중교통(버스,지하철)/택시업종 1% 포인트리 적립
유의사항: 꼭 확인하세요!"
354,LG U+ 체크카드,KB국민카드,,,"통신: LG U+ 이동통신요금 자동납부 시 4~6천원 환급할인
카페: 스타벅스 10% 환급할인
영화: CGV 10% 환급할인
유의사항: 꼭 확인하세요!"
355,H.Point 체크카드,KB국민카드,,,"기타: H.Point 적립
카페: 커피/제과 할인
영화: CGV 할인
드럭스토어: 올리브영 할인
유의사항: 꼭 확인하세요!"
357,AK KB국민 체크카드,KB국민카드,,,"백화점: AK특화 서비스
항공권: 제주항공 할인
카페: 커피전문점 할인
영화: 영화 할인
해피포인트: 해피포인트 할인
유의사항: 꼭 확인하세요!"
359,아모레퍼시픽 체크카드,KB국민카드,,,"화장품: 아모레퍼시픽 가맹점 10% 환급할인
카페: 스타벅스 10% 환급할인
해피포인트: 해피포인트 가맹점 5% 환급할인
기타: GS리테일POP서비스
유의사항: 꼭 확인하세요!"
360,올바른POINT체크카드,NH농협카드,,,"모든가맹점: 적립한도 없이 0.2% ~ 0.7% NH포인트 적립
공항라운지: 국제공항 라운지 무료이용
은행사: 전자금융 수수료 면제
유의사항: 꼭 확인하세요!"
361,콕체크카드,NH농협카드,,,"모든가맹점: 국내·외 가맹점 이용금액 최대 0.5% 적립
온라인쇼핑: 6차 산업 우수 상품에 대해 10% 청구할인
멤버십포인트: 에코머니 제휴가맹점 에코머니 포인트 적립
유의사항: 꼭 확인하세요!"
362,NH20해봄체크카드,NH농협카드,,,"선택형: 해봄 선택 서비스_여행해봄/놀이해봄 Type 중 택1
온라인쇼핑: [On-Line 서비스]
생활: [Off-Line 서비스]
멤버십포인트: GS리테일 POP 서비스
기타: 주요서비스 통합 월 할인한도
유의사항: 꼭 확인하세요!"
363,Global Unlimited(글로벌 언리미티드)체크카드,NH농협카드,,"3,000","해외이용: 해외가맹점 이용금액 2% 캐쉬백
유의사항: 꼭 확인하세요!"
364,국민행복체크카드(비씨),NH농협카드,,,"국민행복: 국민행복카드란?
선택형: 임신출산, 보육료/유아학비 등 지원
멤버십포인트: 그린카드 멤버십 서비스 (공통서비스)
기타: 공통서비스
유의사항: 꼭 확인하세요!"
365,DC줌체크카드(비씨),NH농협카드,,,"대중교통: 대중교통(버스, 지하철) 10% 청구할인
카페: 주요 커피 전문점 10% 청구할인
온라인쇼핑: 주요 온라인쇼핑몰·소셜커머스 10% 청구할인
패밀리레스토랑: 주요 패밀리레스토랑 10% 청구할인
도서: 주요 서점 10% 청구할인
병원: 전국 병원·약국 10% 청구할인
영화: 전국 주요 영화관 1,500원 청구할인
금융: SMS 휴대폰 바로알림 서비스
기타: 통합할인한도
유의사항: 꼭 확인하세요!"
366,jumjum(점점) 체크카드(비씨),NH농협카드,,,"모든가맹점: 국내·외 전 가맹점 0.2%~0.4% TOP포인트 적립
유의사항: 꼭 확인하세요!"
367,내일배움체크카드,NH농협카드,,,"교육/육아: 내일배움카드제도란?
주유소: 농협운영주유소, NH-Oil 및 GS칼텍스 주유소 할인 또는 적립
대형마트: 농협판매장 5% NH포인트 적립
영화: 문화 서비스(영화, 커피, 서적) 10% 청구 할인
여행/숙박: 국내·외 여행스케치 현장 할인(3~5%)
유의사항: 꼭 확인하세요!"
368,NH올원체크카드,NH농협카드,,,"적립: 전월실적에 상관없이 0.2 ~ 0.4% 적립
OK캐쉬백: 제휴멤버십 서비스
기타: 기타서비스
유의사항: 꼭 확인하세요!"
369,아이행복체크카드(비씨),NH농협카드,,,"온라인쇼핑: 온라인쇼핑몰/소셜커머스 3~5% 청구할인
병원: 전국 병원 업종 3% 청구할인
카페: 커피전문점/제과점 5% 청구할인
테마파크: 전국 주요 놀이공원 무료입장 및 할인
기타: 공통/제휴서비스
유의사항: 꼭 확인하세요!"
370,BAZIC(베이직)체크카드,NH농협카드,,,"모든가맹점: 국내·외 전 가맹점 0.2~0.3% 청구할인
유의사항: 꼭 확인하세요!"
371,#ing(샵핑) 체크카드,NH농협카드,,,"쇼핑: 전국 주요 쇼핑업종 · 모든 해외 가맹점 할인 3% 할인
유의사항: 꼭 확인하세요!"
372,NC다이노스체크카드,NH농협카드,,,"경기관람: NC다이노스 홈구장 입장료 현장 할인
온라인쇼핑: 온라인쇼핑 5% 할인
카페: 영화 · 커피 10%할인
기타: 기타 서비스
유의사항: 꼭 확인하세요!"
373,Global체크카드,NH농협카드,,,"학원: 어학원 및 어학시험 할인(5~10%)
영화: 영화·커피 할인(20~30%) 
해외이용: 해외 초·중·고·대학등록금 결제 시 국제카드 수수료 할인(50%)
은행사: 금융서비스
여행/숙박: 휴대폰 국제전화 서비스
기타: 주요서비스 이용조건 및 월 할인한도
유의사항: 꼭 확인하세요!"
374,청년동행체크카드(비씨),NH농협카드,,,"모든가맹점: 국내·외 전 가맹점 0.2%~0.4% TOP포인트 적립
유의사항: 꼭 확인하세요!"
375,올바른GLOBAL체크카드,NH농협카드,,,"해외이용: 해외 물품 구매시 2% 캐시백
공항라운지: 국제공항 라운지 무료이용
생활: 10대 업종 0.5~1.0% 캐시백
유의사항: 꼭 확인하세요!"
376,문화융성체크카드,NH농협카드,,,"OTT/영화/문화: 문화플랫폼 서비스
영화: 영화 2천원 청구 할인
도서: 오프라인 도서 이용액의 15% 청구 할인
경기관람: 4대 프로스포츠 이용권 2천원 청구 할인
CJ ONE: CJ ONE 포인트 적립 및 사용
유의사항: 꼭 확인하세요!"
377,행복건강체크카드,NH농협카드,,,"병원: 전국 모든 병원, 약국 이용 시 이용 건당 1,000원 할인
여행/숙박: 국내·외 여행 패키지 현장할인
유의사항: 꼭 확인하세요!"
378,VIVA+ 체크카드,하나카드,,,"수수료우대: 해외 이용 수수료 면제 서비스
해외 인출 수수료 우대 서비스
점심: Lunch Time 7% 캐쉬백 서비스
유의사항: 꼭 확인해주세요!"
379,VIVA e-Platinum 체크카드,하나카드,,,"해외직구: 해외 직접구매 배송 대행료 20% 할인 
대중교통: 대중교통 15% 캐시백
온라인쇼핑: 국내 온라인쇼핑 200원 캐쉬백	
수수료우대: 해외 이용 수수료 우대
유의사항: 꼭 확인해주세요! "
380,하나멤버스 1Q 체크카드,하나카드,,,"멤버십포인트: 편의점/베이커리/커피 1만원이상 이용시 건당 5% 하나머니 적립
대중교통(버스,지하철) 월 사용금액 5만원 이상 시 5% 하나머니 적립
카드사: 하나멤버스 서비스
유의사항: 꼭 확인하세요!"
381,뷰티풀해피 체크카드,하나카드,,,"해피포인트: 아모레퍼시픽/해피포인트 5% 추가 적립 
적립: 인터넷/모바일 결제 2만원당 200 하나머니 적립
유의사항: 꼭 확인해주세요! "
382,카카오페이 체크카드,하나카드,,,"캐시백: 카카오페이, 통신요금자동이체, 커피, 대중교통 캐시백
선택형: 카드플레이트 디자인 선택 가능
유의사항: 꼭 확인하세요!"
383,해피포인트 체크카드,하나카드,,,"캐시백: 해피포인트 더블 체크카드
캐시백: 해피포인트 하나 체크카드
해피포인트: [공통서비스] 해피포인트 5% 적립(1천원 이상 구매 시)"
385,VIVA G platinum 체크카드,하나카드,,,"해외이용: 해외 이용시 1.5% 캐쉬백
생활: 국내 5대 업종 0.5% 캐쉬백
수수료우대: 해외 이용 수수료 우대
OK캐쉬백: OK캐쉬백 적립 및 사용
유의사항: 꼭 확인해주세요!"
386,CJ ONE 체크카드,하나카드,,,"CJ ONE: CJ ONE 더블캐쉬백 서비스
캐시백: 2만원 당 100원 캐쉬백
금융: 하나금융그룹 우대서비스
유의사항: 꼭 확인해주세요! "
387,비바2 플래티늄 체크카드,하나카드,,,"대한항공: 대한항공 마일리지 적립
정비: 스피드메이트 할인서비스
해외이용: 해외 물품구매 및 현금인출 서비스 (국내외겸용)
유의사항: 꼭 확인해주세요! "
388,하나멤버스 Mega 체크카드,하나카드,,,"멤버십포인트: 요식/마트/백화점/온라인쇼핑/주유/병원/ 2만원당 200 하나머니 적립
SKT/KT/LGU+ 자동이체 적립(월1회) 3천~5천 하나머니 적립
카드사: 하나멤버스 서비스
유의사항: 꼭 확인하세요!"
389,시코르 체크카드,하나카드,,,"적립: 시코르 및 신세계 캐쉬백/적립 서비스
대중교통: 버스/지하철 7% 캐시백 
선택형: 카드 디자인 선택 
유의사항: 꼭 확인해주세요! "
390,신세계 하나 체크카드,하나카드,,,"캐시백: 신세계 백화점 캐시백/적립 서비스
교통: 후불교통 이용금액 7% 캐시백 서비스
유의사항: 꼭 확인하세요!"
391,신한카드 하이패스(전용) 체크,신한카드,,,"하이패스: 하이패스 이용요금의 0.1% 포인트 적립
유의사항: 꼭 확인하세요!"
392,국민행복 삼성체크카드,삼성카드,,,"국민행복: 국민행복 바우처 서비스
모든가맹점: 업종 및 연간 이용금액에 따라 0.2%~0.8% 빅포인트 적립
패밀리레스토랑: 아웃백스테이크하우스 10% 현장할인
카페: 스타벅스 1,000원 결제일할인
영화: CGV, 무비존, 메가박스 영화할인
정비: 닥터카서비스
백화점: 신세계백화점 5% 할인 및 신세계포인트 적립
대형마트: 이마트 맘키즈 서비스
유의사항: 꼭 확인하세요!"
393,삼성체크카드 & POINT,삼성카드,,,"모든가맹점: 업종 및 연간 이용금액에 따라 0.2%~0.8% 빅포인트 적립
영화: CGV 3,000원 할인
테마파크: 놀이공원 자유이용권 50%·워터파크 입장권 30% 현장할인
유의사항: 꼭 확인하세요!"
394,삼성체크카드 & CASHBACK,삼성카드,,,"모든가맹점: 업종 및 연간 이용금액에 따라 0.2%~0.6% 캐시백
영화: CGV 3,000원 할인
테마파크: 놀이공원 자유이용권 50%·워터파크 입장권 30% 현장할인
유의사항: 꼭 확인하세요!"
395,삼성체크카드 & YOUNG,삼성카드,,,"통신: 이동통신 자동결제 시 10% 캐시백
대중교통: 대중교통 이용금액의 10% 캐시백
편의점: 편의점·커피전문점·제과점 업종 1,000원 캐시백
영화: CGV 3,000원 할인
테마파크: 놀이공원 자유이용권 50%·워터파크 입장권 30% 현장할인
유의사항: 꼭 확인하세요!"
396,씨티 캐시백 체크카드,씨티카드,,,"할인: 국내가맹점 0.5% / 해외가맹점 1.0% 캐시백 할인
해외: 국제현금(체크)카드 기능 
프리미엄 서비스: 마스터 플래티늄 서비스
유의사항: 꼭 확인하세요!"
397,신세계 씨티 플러스 체크카드,씨티카드,,,"생활: 체크카드 할인혜택
백화점: 신세계 백화점 혜택
해외: 국제현금(체크)카드 기능
유의사항: 꼭 확인하세요!"
398,롯데 아이행복 체크카드,롯데카드,,,"아이행복: 보육료-유아학비 정부지원금(바우처) 서비스
교육/육아: 육아 맞춤 서비스
기타: 육아 특별 제휴서비스
유의사항: 꼭 확인하세요!"
399,위클리 체크카드,롯데카드,,,"모든가맹점: 평일 이용실적이 높을수록 커지는 주말 캐시백 혜택
유의사항: 꼭 확인하세요!"
400,롯데포인트플러스 체크카드,롯데카드,,,"멤버십포인트: L.POINT 더블포인트 적립 서비스
해외: 해외이용 안내
유의사항: 꼭 확인하세요!"
402,롯데 플래티넘 체크카드,롯데카드,,"1,000","모든가맹점: 이용금액의 0.2% L.POINT 적립
해외: 해외이용 안내
프리미엄 서비스: VISA Platinum 국제브랜드 서비스
유의사항: 꼭 확인하세요!"
403,롯데체크카드,롯데카드,,,"적립: 전국 가맹점 및 SK주유소 이용 시 적립혜택
해외: 해외이용 안내
유의사항: 꼭 확인하세요!"
404,롯데 국민행복 체크카드,롯데카드,,,"국민행복: 국민행복카드란?
교육/육아: 행복 맞춤 서비스
기타: 출산육아 특별서비스
유의사항: 꼭 확인하세요!"
405,에이스플러스체크카드(미키90주년),SC제일은행,,,"영화: 영화 인터넷 예매시 1,500원 청구할인
테마파크: 유명 놀이공원 무료입장 또는 자유이용권 현장할인
패밀리레스토랑: 패밀리레스토랑 10% 청구할인
카페: 스타벅스 20% 청구할인
도서: 교보문고(온라인 포함), Yes24 1,500원 청구할인
주유소: GS칼텍스 리터당 25원 청구할인
면세점: 동화면세점 최고 10% 현장할인
멤버십포인트: 오! 포인트 추가 할인 및 적립
유의사항: 꼭 확인하세요!"
406,부자되세요 더 마일리지 체크카드,SC제일은행,,,"대한항공: 쓸 때마다 대한항공 마일리지 적립
온라인쇼핑: 온라인 몰 5% 청구 할인
유의사항: 꼭 확인하세요!"
407,현대카드M CHECK,현대카드,"2,000",,"적립: 업종·이용금액별 기본 M포인트 적립에 추가 M포인트 적립
유의사항: 꼭 확인하세요!"
408,현대카드X CHECK,현대카드,"2,000",,"모든가맹점: 사용금액별 X캐시백 적립
유의사항: 꼭 확인하세요!"
409,부자되세요 더 마일리지 카드(체크),IBK기업은행,,,"대한항공: 대한항공 마일리지 적립 서비스
온라인쇼핑: 5개 온라인몰 5% 청구 할인
영화: CGV, 메가박스, 롯데시네마 2천원 청구할인
테마파크: 주요 놀이공원 무료입장 또는 입장료/자유이용권 할인 (월 1회, 연 2회)
유의사항: 꼭 확인하세요!"
410,현대카드ZERO(할인형),현대카드,"5,000","5,000","할인: [기본 할인] 모든 가맹점에서 이용대금의 0.7% 할인
할인: [추가 할인] 생활필수영역 0.5% 추가 할인 / 선결제 0.3% 추가 할인
무이자할부: 무이자할부 서비스
유의사항: 꼭 확인하세요! "
411,현대카드X Edition2,현대카드,"15,000","15,000","할인: 모든 가맹점 0.5% / 1% 할인
시즌 스페셜 할인처에서 5% 할인"
412,현대카드X2 Edition2,현대카드,"35,000","35,000","할인: 모든 가맹점 0.5% / 1% 할인
시즌 스페셜 할인처에서 5% 할인
프리미엄 서비스: 현대카드 플래티넘서비스"
413,현대카드M2 Edition2,현대카드,"35,000","35,000","유의사항: ※ 해당 카드는 신규 발급이 중단되었습니다.
적립: 모든 가맹점에서 0.5~2% 기본 M포인트 적립
온라인쇼핑 시 1~10% 추가 M포인트 적립 외
멤버십포인트: 일상생활, 쇼핑, 자동차구매, H-Coin, 현대카드 Gift카드 등
다양한 사용처에서 M포인트 사용
프리미엄 서비스: 현대카드 플래티넘서비스"
414,현대카드M HYBRID,현대카드,,,"모든가맹점: 당월 이용금액별 M포인트 적립
하이브리드: 체크결제와 신용결제 서비스를 한번에
유의사항: 꼭 확인하세요!"
415,현대카드X HYBRID,현대카드,,,"모든가맹점: 당월 이용금액별 X캐시백 제공
하이브리드: 체크결제와 신용결제 서비스를 한번에
유의사항: 꼭 확인하세요!"
416,현대카드X3 Edition2,현대카드,"65,000","65,000","할인: 모든 가맹점 0.5% / 1% 할인
시즌 스페셜 할인처에서 5% / 10% 할인
프리미엄 서비스: 현대카드 플래티넘서비스"
417,현대카드T3 Edition2,현대카드,"65,000","70,000","항공마일리지: 이용금액별 대한항공·아시아나항공 0.8~1 마일리지 적립
연간 누적 마일리지에 10% 보너스 마일리지
PP: Priority Pass카드 회원 본인 제공
여행/숙박: 모바일 해외데이터 로밍 1일 이용권 제공
인천국제공항에서 출발하는 교통할인권 제공
프리미엄 서비스: 현대카드 플래티넘서비스"
418,현대카드ZERO MOBILE(포인트형),현대카드,"5,000","5,000","적립: 국내외 가맹점에서 1% 기본 M포인트 적립
적립: 6대 온라인쇼핑 업종  1.5% 추가 M포인트 적립
선결제 시 0.5% 추가 M포인트 적립
멤버십포인트: 일상생활, 쇼핑, 자동차구매, H-Coin, 현대카드 Gift카드 등
다양한 사용처에서 M포인트 사용"
419,현대카드ZERO MOBILE(할인형),현대카드,"5,000","5,000","할인: [기본 할인] 국내외 가맹점 이용금액의 0.7% 청구 할인
할인: [추가 할인] 6대 온라인쇼핑 업종 이용금액의 0.8% 추가 할인 
[추가 할인] 이용 후 5일 이내 선결제 시 0.3% 추가 할인"
420,현대카드ZERO(포인트형),현대카드,"5,000","5,000","적립: 국내외 가맹점에서 1% 기본 M포인트 적립
적립: 6대 생활 필수 영역 이용금액의 1% M포인트 추가 적립
선결제 시 0.5% 추가 M포인트 적립
멤버십포인트: 일상생활, 쇼핑, 자동차구매, H-Coin, 현대카드 Gift카드 등
다양한 사용처에서 M포인트 사용"
421,현대카드M-경차전용카드(유류세 환급),현대카드,,,"주유: 경차 유류세 환급 대상자 주유 및 충전(LPG) 시 유류세 환급
주유: 현대오일뱅크/SK에너지 주유시 리터당 200원·400원 할인 
모든 충전소(LPG) 이용 시 리터당 100원·200원 할인
정비: 스피드메이트 엔진오일 교환 및 타이어 펑크 수리 무료서비스 제공
보험: 현대해상 자동차 보험료 결제 시 청구 할인
적립: 국내 가맹점 0.5% M포인트 적립
GS칼텍스 주유 시 리터당 60 M포인트 적립 외
멤버십포인트: 일상생활, 쇼핑, 자동차구매, H-Coin, 현대카드 Gift카드 등 
다양한 사용처에서 M포인트 사용"
422,the Green,현대카드,"145,000","150,000","적립: 당월 이용금액별 국내외가맹점 최대 2% 기본적립
여행, 고메, 해외쇼핑 5% 특별적립
바우처: M포인트로 여행, 면세점, 호텔에서 사용 가능한 the Green 바우처 교환
적립: [리워드] 연간 5만 M포인트 적립
[리워드] 발급 2차년도 이후 연회비 5만원/갱신 이후 10만원 본인카드 연회비 면제
프리미엄 서비스: Priority Pass카드 및 특수 소재 플레이트 제공
기타: VISA Signature 서비스
MasterCard World 서비스"
423,the Red Edition3,현대카드,"295,000","300,000","적립: 국내외 가맹점에서 0.5~2% 기본 M포인트 적립
100만원 이상 이용 시 1.5배 적립 / 200만원 이상 이용 시 2배 적립
바우처: 최대 50만원 상당의 바우처 제공(연 1회)
프리미엄 서비스: 특수 소재 카드 플레이트 제공
전 세계 800여 개 공항라운지 무료 이용 등
유의사항: 꼭 확인하세요!"
424,the Purple Edition2,현대카드,"795,000","800,000","바우처: [공통 제공 혜택]
연 1회, 여행과 쇼핑을 위한 바우처
선택형: [선택 제공 혜택]
항공마일리지(대한항공/아시아나항공) 또는 M포인트 적립
프리미엄 서비스: 특수소재 카드 플레이트 제공
전 세계 800여 개 공항라운지 무료 이용 등
유의사항: 꼭 확인하세요!"
425,코스트코 리워드 현대카드,현대카드,"10,000","10,000","멤버십포인트: 코스트코 매장 · 온라인몰 결제 시 1~3% 적립
생활편의영역 1~2%, 그 외 가맹점 1% 적립
바우처: 코스트코 리워드 포인트 매년 1회 바우처 교환
멤버십포인트: 코스트코 연간 이용금액 30만원 이상 시 차년도 연회비 면제"
426,알파원카드,KB국민카드,,,"간편결제: 한장의 대표카드로 보유 중인 모든 카드 사용이 가능한 All-in-One카드
유의사항: 꼭 확인하세요!"
427,내일배움카드,NH농협카드,"3,000","5,000","교육/육아: 내일배움카드제도란?
주유소: 농협운영주유소, NH-Oil 및 GS칼텍스 주유소 할인 또는 적립
대형마트: 농협판매장 5% NH포인트 적립
패밀리레스토랑: 외식 10% 청구 할인
영화: 문화 서비스(영화, 커피, 서적) 20% 청구 할인
기타: 국내·외 여행스케치 현장 할인(3~5%)
유의사항: 꼭 확인하세요"
430,아시아나클럽 롯데 플래티넘 카드,롯데카드,,"120,000","아시아나항공: 이용금액 1,000원 당 1마일리지 적립
공항라운지: 스카이허브 라운지, 마티나(인천공항 제1여객터미널)라운지 무료입장
프리미엄 서비스: VISA/MASTER Platinum 서비스
유의사항: 꼭 확인하세요!"
431,아시아나클럽 롯데 골드 아멕스카드,롯데카드,,"20,000","아시아나항공: 아시아나클럽 마일리지 적립 서비스
여행/숙박: 롯데 아메리칸 엑스프레스 카드 서비스
유의사항: 꼭 확인하세요!"
432,SKYPASS 롯데 아멕스카드,롯데카드,,"20,000","대한항공: SKYPASS 1,000원당 1마일, 해외결제는 더블마일 적립
유의사항: 꼭 확인하세요!"
433,롯데카드 텔로 SKT,롯데카드,"20,000","20,000","SKT: SKT 통신요금 16,000원~26,000원 결제일 할인
기타: L.POINT 적립
유의사항: 꼭 확인하세요!"
434,SSG카드,SSGPAY. CARD,"9,000","10,000","적립: 실적 관계없이, 한도 제한없이 전 가맹점 1~1.5% 적립/청구할인
선택형: 네이비, 오렌지, 화이트 중 원하는 카드 색상 선택
유의사항: 꼭 확인하세요!"
435,카카오뱅크 프렌즈 체크카드,카카오뱅크,,,"모든가맹점: 조건 없이 캐시백, 평일 0.2% 주말/공휴일 0.4%
생활: 카카오뱅크 프렌즈 체크카드 캐시백 프로모션 2025
대중교통: 부릉부릉 K-패스 혜택 카드
선택형: 내 마음에 드는 디자인 선택의 즐거움
유의사항: 꼭 확인하세요!"
436,케이뱅크 X KT멤버십더블혜택 체크카드,케이뱅크,,,"KT: KT통신요금 5~20%캐시백
멤버십포인트: KT멤버십 제휴가맹점 할인, POP CARD 할인 및 GS&POINT 적립
수수료우대: 모든 은행, GS25 ATM / 해외 결제 및 ATM 인출수수료 무료
유의사항: 꼭 확인하세요!"
437,케이뱅크X네이버페이 체크카드2,케이뱅크,,,"네이버페이: 국내·외 가맹점(온라인 포함)에서 1.2% 네이버페이 포인트 적립
멤버십포인트: POP CARD 할인 및 GS&POINT 적립
은행사: 모든 은행, GS25 ATM 수수료 무료
유의사항: 꼭 확인하세요!"
438,케이뱅크 체크카드 포인트적립형,케이뱅크,,,"모든가맹점: 1.0% 케이뱅크 포인트 적립
기타: POP CARD 할인 및 GS&POINT 적립
은행사: 모든 은행, GS25 ATM 수수료 무료
유의사항: 꼭 확인하세요!"
439,케이뱅크X해피포인트 체크카드,케이뱅크,,,"해피포인트: 해피포인트 가맹점 10~20% 캐시백 및 포인트적립
멤버십포인트: POP CARD 할인 및 GS&POINT 적립
은행사: 모든 은행, GS25 ATM 수수료 무료
유의사항: 꼭 확인하세요!"
440,GD카드(체크),IBK기업은행,,,"대중교통: 대중교통(버스, 지하철) 8% 청구할인
온라인쇼핑: 온라인쇼핑 8% 청구할인
카페: 스타벅스(사이렌 오더 포함) 20% 청구할인
음원사이트: 음원서비스 20% 청구할인(멜론, 엠넷, 지니, 벅스)
은행사: 금융우대 서비스
기타: 통합할인한도
유의사항: 꼭 확인하세요!"
441,일상의 기쁨카드(체크),IBK기업은행,,,"대중교통: 버스, 지하철 이용건당 100원 할인
편의점: GS25, CU, 세븐일레븐 5% 할인
드럭스토어: 올리브영 5% 할인
소셜커머스: 쿠팡, 티켓몬스터, 위메프 10% 할인
영화: CGV, 롯데시네마, 메가박스 4천원 할인
카페: 주요 커피전문점 10% 할인
은행사: 금융우대서비스
테마파크: 주요 놀이공원 무료입장 또는 입장료/자유이용권 할인
기타: 통합할인한도
유의사항: 꼭 확인하세요!"
442,IBK 국민행복 체크카드,IBK기업은행,,,"국민행복: 신청 및 바우처 안내
모든가맹점: 선택서비스 : for Green Life Service(C-Type)
어린이집: 선택서비스 : for Children Service(B-Type)
병원: 선택서비스 : for Baby Service(A-Type)
멤버십포인트: 그린카드 멤버십서비스
유의사항: 꼭 확인하세요!"
443,아이행복카드(체크),IBK기업은행,,,"어린이집: 어린이집 및 유치원(정부지원금 제외) 청구할인
통신: 이동통신요금 자동이체 시 1,000원 청구할인
온라인쇼핑: 주요 온라인 쇼핑몰 5% 청구할인
카페: 주요 커피 전문점 10% 청구할인
병원: 병/의원 업종 5% 청구할인
은행사: IBK기업은행 전자금융 이체수수료 면제
멤버십포인트: 그린카드 멤버십, 롯데멤버스, 다둥이클럽 서비스
유의사항: 꼭 확인하세요!"
444,참! 좋은 글로벌 체크카드,IBK기업은행,,"3,000","무실적: 국내/해외 가맹점 이용금액 캐시백 제공
유의사항: 꼭 확인하세요!"
445,문화융성카드(체크),IBK기업은행,,,"CJ ONE: CJ ONE멤버십
영화: 영화 2천원 청구할인
도서: 오프라인 도서 이용액의 15% 청구할인
경기관람: 4대 프로스포츠 이용권 2천원 청구 할인
OTT/영화/문화: 문화 플랫폼 서비스
유의사항: 꼭 확인하세요!"
446,IBK 나라사랑카드,IBK기업은행,,,"교통: 전국 시내버스/지하철, KTX(철도)/SRT/고속버스 할인
통신: 군 공중전화요금 자동이체 시 10% 할인
편의점: CU 및 군마트(PX)할인
화장품: 이니스프리 온/오프라인 매장 상시 10% 할인
영화: CGV 3천원 현장할인(동반1인 포함 시)
패밀리레스토랑: 아웃백스테이크 20% 현장할인
테마파크: 주요 놀이공원 본인 자유이용권 50% 현장할인
여행/숙박: 여기어때 결제금액 매월 최대 1만원 청구할인
도서: 인터넷 토익시험 접수(결제) 및 온라인서적(교보문고) 구매시 2천원 청구할인
은행사: 군 복무 중 은행 ATM 출금수수료 무제한 면제
멤버십포인트: 그린카드 멤버십 서비스 및 Syrup 통합 멤버십 서비스
유의사항: 꼭 확인하세요!"
447,CLUB Premier (Travel 형),하나카드,,"210,000","항공권: 국내 저가항공 할인
라운지키: 전 세계 제휴 라운지 무료
기타: 하나머니 적립
면세점: Daily Service
카페: Daily Service
택시: Daily Service
카드사: 브랜드 서비스
유의사항: 꼭 확인하세요!"
448,CLUB Premier (Hotel형),하나카드,,"210,000","호텔: 국내 특급호텔 할인
라운지키: 전 세계 라운지 무료 입장
기타: 하나머니 적립
주유소: 모든 주유소 할인
카페: 스타벅스, 커피빈 할인
택시: 택시 할인
카드사: 국제 브랜드 서비스
유의사항: 꼭 확인하세요!"
449,CLUB Signature SKYPASS 카드,하나카드,,"145,000","바우처: Special Service 제공
라운지키: LoungeKey 제공
대한항공: 대한항공 마일리지 적립
프리미엄 서비스: 국제 브랜드 서비스
유의사항: 꼭 확인하세요!"
450,CLUB Signature Asiana Club 카드,하나카드,,"145,000","바우처: Special Service 제공
라운지키: LoungeKey 제공
아시아나항공: 아시아나항공 마일리지 적립
프리미엄 서비스: 국제 브랜드 서비스
유의사항: 꼭 확인하세요!"
451,CLUB Primus Point 카드,하나카드,,"100,000","모든가맹점: 일반 업종 이용금액 1% 포인트 기본적립
면세점: 면세점 및 백화점 이용금액 2% 포인트 특별적립
해외이용: 해외 이용금액 2% 포인트 특별적립
레저/스포츠: 골프, 레저 업종 이용금액 3~5% 포인트 특별적립
주유소: SK 주유소 이용금액 리터당 60포인트 적립
바우처: Free Package (연 1회, 택 1)
프리미엄 서비스: 프리머스카드 공통서비스
유의사항: 꼭 확인하세요!"
452,CLUB Primus Skypass 카드,하나카드,,"100,000","대한항공: 일반 업종 이용금액 1,500원당 1마일리지 기본적립
면세점: 면세점 및 백화점 이용금액 1,500원당 2마일리지 특별적립
해외이용: 해외 이용금액 1,500원당 2마일리지 특별적립
레저/스포츠: 골프, 레저 업종 이용금액 1,500원당 3~5마일리지 특별적립
주유소: SK 주유소 이용금액 리터당 3마일리지 적립
바우처: Free Package (연 1회, 택 1)
프리미엄 서비스: 프리머스카드 공통서비스
유의사항: 꼭 확인하세요!"
453,CLUB Primus Asiana Club 카드,하나카드,,"100,000","아시아나항공: 일반 업종 이용금액 1,000원당 1마일리지 기본적립
면세점: 면세점 및 백화점 이용금액 1,000원당 2마일리지 특별적립
해외이용: 해외 이용금액 1,000원당 2마일리지 특별적립
레저/스포츠: 골프, 레저 업종 이용금액 1,000원당 3~5마일리지 특별적립
주유소: SK 주유소 이용금액 리터당 3마일리지 적립
바우처: Free Package (연 1회, 택 1)
프리미엄 서비스: 프리머스카드 공통서비스
유의사항: 꼭 확인하세요!"
454,가온 올포인트 체크카드,KB국민카드,,,"모든가맹점: 국내외 가맹점 0.2% 포인트리 기본 적립
카페/디저트: 커피/제과아이스크림 업종 0.2% 포인트리 추가 적립
통신: 이동통신요금 자동이체 시 0.2% 포인트리 추가 적립
편의점: GS25 편의점 0.2% 포인트리 추가 적립
교통: 대중교통(버스, 지하철), 택시 0.2% 포인트리 추가 적립
대형마트: 대형마트 0.8% 포인트리 추가 적립
주유: GS칼텍스 주유소 0.8% 포인트리 추가 적립
유의사항: 꼭 확인하세요!"
455,롯데 국민행복카드,롯데카드,,,"국민행복: 국가바우처
쇼핑: 쇼핑 5% 결제일 할인
교육/육아: 키즈 30% 결제일 할인
병원/약국: 헬스(병원, 약국, 산후조리원 업종) 5% 결제일 할인
교육/육아: 육아/교육(어린이집, 유치원, 학원, 학습지 등) 10% 결제일 할인
교통: 교통 10% 결제일 할인
통신: 통신 2천원 결제일 할인
교육/육아: 롯데 국민행복카드 특화서비스
유의사항: 꼭 확인하세요!"
456,롯데 아이행복 카드,롯데카드,,,"유의사항: 아이행복카드 -> 국민행복카드로 통합
아이행복: 보육료-유아학비 정부지원금(바우처) 서비스
생활: 육아 맞춤 서비스 (통합 할인한도 내 적용)
교육/육아: 롯데 아이행복카드 특화서비스
유의사항: 꼭 확인하세요!"
457,썸타는 우리 체크,우리카드,,,"수수료우대: [해외서비스] 해외이용수수료 면제
해외이용: [해외서비스] 해외가맹점(해외직구 포함) 이용금액의 1~2% 캐시백
공항라운지: [해외서비스] 인천 공항라운지 무료이용 서비스
생활: [국내서비스] 쇼핑, 커피, 영화 등 다양한 국내 가맹점 할인 서비스
유의사항: 꼭 확인하세요!"
458,네이버페이 taptap,삼성카드,"15,000","15,000","선택형: 라이프스타일 옵션 패키지
네이버페이: [일상팩] 네이버페이 온라인 간편결제 시 10% 네이버페이 포인트 적립
카페: [일상팩] 커피전문점·편의점·배달앱 5% 네이버페이 포인트 적립
네이버페이: [온라인팩] 네이버페이 온라인 간편결제 시 10% 네이버페이 포인트 적립
네이버페이: [온라인팩] 네이버페이 온라인 간편결제 시 3,000 네이버페이 포인트 추가적립
적립: 국내외 온오프라인 가맹점 기본 0.5% 네이버페이 포인트 적립
유의사항: 꼭 확인하세요!"
459,카드의정석 WOWRI,우리카드,"10,000","12,000","적립: 모아포인트 5%~0.8% 적립
간편결제: 주요 간편결제 모아포인트 3% 추가적립
유의사항: 꼭 확인하세요!"
460,네이버페이 신한카드 체크,신한카드,,,"네이버페이: 네이버페이포인트 1% 적립
유의사항: 꼭 확인하세요!"
461,현대카드M Edition2,현대카드,"15,000","15,000","유의사항: ※ 해당 카드는 신규 발급이 중단되었습니다.
적립: 모든 가맹점에서 0.5%~2% 기본 M포인트 적립
제휴 온라인쇼핑 시 1~10% 추가 M포인트 적립
멤버십포인트: 일상생활, 쇼핑, 자동차구매, H-Coin,현대카드 Gift카드 등
다양한 사용처에서 M포인트 사용"
462,현대카드M3 Edition2,현대카드,"65,000","65,000","유의사항: ※ 해당 카드는 신규 발급이 중단되었습니다.
적립: 모든 가맹점에서 0.5~2% 기본 M포인트 적립
온라인쇼핑 시 1~10% 추가 M포인트 적립 외
멤버십포인트: 일상생활, 쇼핑, 자동차구매, H-Coin, 현대카드 Gift카드 등
다양한 사용처에서 M포인트 사용
프리미엄 서비스: 현대카드 플래티넘서비스"
463,신세계 씨티 클리어 카드,씨티카드,"4,000","5,000","생활: 청구 할인 혜택 (매일 할인, 라이프 스타일 할인) 최대 7% 할인
멤버십포인트: 신세계 제휴 서비스
유의사항: 꼭 확인하세요!"
465,K리그 축덕 하나멤버스 1Q Play1 카드,하나카드,"10,000","12,000","적립: 통합적립한도 안에서 하나머니 적립
(월 최대 3만 하나머니)
영화: CGV, 메가박스, 롯데시네마 영화표 1만원 이상 결제하면 5천원 청구할인 (월 1회)
유의사항: 꼭 확인하세요!"
466,신한카드 Air One,신한카드,,"51,000","대한항공: 대한항공 마일리지 적립
프리미엄 서비스: AMEX PLATINUM 서비스 제공
유의사항: 꼭 확인하세요!"
469,Easy pick카드,KB국민카드,,"20,000","온라인쇼핑: [Easy 서비스] 인터넷쇼핑몰 5% 적립
배달앱: [Easy 서비스] 배달앱 5% 적립
대형마트: [Easy 서비스] 대형마트 5% 적립
주유: [Easy 서비스] 주유소/충전소 5% 적립
대중교통: [Basic 서비스] 대중교통 5% 적립
통신: [Basic 서비스] 이동통신 5% 적립
APP: [Basic 서비스] 인터넷 쇼핑몰 앱카드 결제 5% 적립
선택형: [Pick 서비스] 선호영역(택1) 5% 적립
유의사항: 꼭 확인하세요!"
470,Easy on카드,KB국민카드,,"20,000","온라인쇼핑: [Easy on 특화서비스] 인터넷 쇼핑몰 5% 할인
푸드: [Easy on 특화서비스] 음식 업종 5% 할인
소셜커머스: [Easy on 특화서비스] 소셜커머스 5% 할인
배달앱: [Easy on 특화서비스] 배달앱 5% 할인
백화점: [Easy on 특화서비스] 백화점 5% 할인
카페: [Easy on 특화서비스] 커피 5% 할인
편의점: [Easy on 특화서비스] 편의점 5% 할인
대중교통: [Easy on Plus 서비스] 대중교통 5% 할인
통신: [Easy on Plus 서비스] 이동통신요금 5% 할인
생활: [Easy on Plus 서비스] 온라인 음원, 숙박앱 5% 할인
APP: [Easy on Plus 서비스] 인터넷 쇼핑몰 앱카드 결제 5% 할인
유의사항: 꼭 확인하세요!"
471,LOTTE ONers 롯데카드,롯데카드,"5,000","5,000","생활: 기본적립 0.5% L.POINT 적립
생활: 특별적립 3% L.POINT 적립
유의사항: 꼭 확인하세요!"
472,카드의정석 일본여행,우리카드,"10,000","12,000","온라인쇼핑: [온라인 쇼핑] 온라인 업종 10% 할인
백화점: [오프라인 쇼핑] 백화점 / 아울렛 10% 할인
대형마트: [오프라인 쇼핑] 대형 할인점 / 슈퍼마켓 /  창고형 할인매장 10% 할인
편의점: [오프라인 쇼핑] 편의점 / 잡화 10% 할인
주유: 4대 주유소 리터당 60원 할인
카페: 스타벅스, 폴바셋 10% 할인
공항라운지: 공항라운지 무료 이용, 수하물 관련 서비스 제공
해외이용: 일본 유명 가맹점 5% 할인
생활: Two-in-One 결제서비스
유의사항: 꼭 확인하세요!"
473,카드의정석 UniMile,우리카드,"20,000","20,000","저가항공: [특별적립] 저비용 항공사 6개사 3% UniMile 적립
해외이용: [특별적립] 해외이용 2% UniMile 적립
온라인 여행사: [특별적립] 온라인여행사 2% UniMile 적립
면세점: [특별적립] 면세점 2% UniMile 적립
렌터카: [특별적립] 렌터카 1% UniMile 적립
주유소: [특별적립] 주유소 1% UniMile 적립
생활: [기본적립] 국내가맹점 0.7% UniMile 적립
여행/숙박: 프리미엄 투어 서비스
카페: 스타벅스, 투썸플레이스 1천원 청구할인
공항라운지: 국내외 공항라운지 무료 이용
해외: 해외 유명 박물관/미술관 입장권 할인
프리미엄 서비스: UnionPay Platinum 서비스
유의사항: 꼭 확인하세요!"
474,카카오페이 신한 체크카드(무지),신한카드,,,"간편결제: 카카오페이 결제 시 2% 적립
교통: 대중교통 3% 적립
통신: 이동통신요금 3% 적립
OTT/영화/문화: CGV 영화 최대 3천원 적립
해외: 해외 이용금액 1% 적립
유의사항: 꼭 확인하세요!"
475,ONE AIR(UniMile),IBK기업은행,"10,000",,"저가항공: 유니마일(Unimile) 적립
공항라운지: 국내외 공항라운지 무료
기타: 인천공항 무료 다이닝 / 수하물 우대서비스
카페: 스타벅스 2천원 할인
유의사항: 꼭 확인하세요!"
476,신한카드 Deep Making,신한카드,"30,000","30,000","선택형: [Making 17 서비스] 포인트 적립받을 영역과 적립율을 직접 선택하는 DIY 서비스!
쇼핑: 백화점, 마트, 홈쇼핑, 온라인쇼핑, 소셜몰, 패션&뷰티 1~5% 적립
푸드: 커피전문점, 편의점, 베이커리, 배달앱 1~5% 적립
해외: 해외, 항공&면세점 1~5% 적립
생활: 주유, 교육, 병원, 이동통신, 대중교통 1~5% 적립
적립: [My Pick 서비스] 마이신한포인트 2,000포인트 적립
유의사항: 꼭 확인하세요!"
477,신한카드 Deep Taking,신한카드,"20,000","20,000","선택형: [Taking 10 서비스] 가장 많이 이용한 5개 영역 각 2%씩 적립
쇼핑: 백화점, 마트, 홈쇼핑, 온라인쇼핑, 소셜몰, 패션&뷰티 2% 적립
푸드: 커피전문점, 편의점, 베이커리, 배달앱 2% 적립
해외: 해외, 항공&면세점 2% 적립
생활: 주유, 교육, 병원, 이동통신, 대중교통 2% 적립
적립: [My Pick 서비스] 마이신한포인트 1,000포인트 적립
유의사항: 꼭 확인하세요!"
478,마이 홈플러스 신한카드,신한카드,"12,000","15,000","대형마트: 홈플러스 포인트 1.2% 적립
영화: YES24, 인터파크 영화 예매 1,500원 할인
기타: 생활친화가맹점 잔돈할인 서비스
유의사항: 꼭 확인하세요!"
479,마이 홈플러스 체크카드,신한카드,,,"마트/편의점: 홈플러스포인트 0.6% 적립
유의사항: 꼭 확인하세요!"
480,카카오 T 하나카드,하나카드,"20,000",,"APP: 카카오 T 2천원 할인
주유소: 주유소 리터당 60원 할인
기차: 철도(KTX/SRT포함) 5% 할인
영화: 영화관 3천원 할인
유의사항: 꼭 확인하세요!"
481,카드의정석 댕댕냥이(강아지),우리카드,"10,000","12,000","온라인쇼핑: 온라인 쇼핑 10% 청구할인
간편결제: 4대 PAY 결제 시 5% 추가 청구할인
동물병원: 동물병원 10% 청구할인
쇼핑: 백화점, 아울렛, 잡화 10% 청구할인
마트/편의점: 대형할인점, 편의점 등 10% 청구할인
해외이용: 해외 이용금액 1% 청구할인
공항라운지: 국내외 공항라운지 무료 이용 서비스
주유소: 주말 4대 주유소 리터당 60원 청구할인
카페: 스타벅스, 폴바셋 10% 청구할인
유의사항: 꼭 확인하세요!"
482,카드의정석 댕댕냥이(고양이),우리카드,"10,000","12,000","온라인쇼핑: 온라인 쇼핑 10% 청구할인
간편결제: 4대 PAY 결제 시 5% 추가 청구할인
동물병원: 동물병원 10% 청구할인
쇼핑: 백화점, 아울렛, 잡화 10% 청구할인
마트/편의점: 대형할인점, 편의점 등 10% 청구할인
해외이용: 해외 이용금액 1% 청구할인
공항라운지: 국내외 공항라운지 무료 이용 서비스
주유소: 주말 4대 주유소 리터당 60원 청구할인
카페: 스타벅스, 폴바셋 10% 청구할인
유의사항: 꼭 확인하세요!"
483,뉴타임카드,SC제일은행,"8,000","10,000","편의점: 주요 편의점 및 제과점 5% 할인
푸드: 음식점 5% 할인
카페: 커피전문점 5% 할인
드럭스토어: 드러그스토어 5% 할인
배달앱: 배달앱 5% 할인
온라인쇼핑: 주요인터넷 쇼핑 5% 할인
대중교통: 지하철 · 버스 5% 할인
통신: 이동통신요금(휴대폰) 5% 할인
해외이용: 해외 이용요금 5% 할인 (온라인 및 오프라인)
대형마트: 3대 마트 5% 할인
주유: S–Oil 리터당 60원 할인(LPG충전소 포함)
유의사항: 꼭 확인하세요!"
484,탄탄대로 Biz 티타늄카드,KB국민카드,,"40,000","주유: SK, GS칼텍스 주유소 리터당 최대 120점 포인트리 적립
대형마트: 3대 대형할인점, 하나로식자재매장 15% 포인트리 적립
온라인쇼핑: 6대 인터넷쇼핑몰 15% 포인트리 적립
공과금: 4대 사회보험/통신/전기·수도요금 10% 적립
적립: 가맹점 운영지원, 온라인몰 10% 적립
생활: 마이비즈 서비스
프리미엄: Biz 티타늄 서비스
유의사항: 꼭 확인하세요!"
485,탄탄대로 올쇼핑 티타늄카드,KB국민카드,,"30,000","대형마트: 대형마트 10% 청구할인
쇼핑: 홈쇼핑, 온라인쇼핑몰, 인터넷면세점, 가전제품업종 10% 청구할인 
통신: 통신요금 10% 청구할인
공과금: 아파트관리비, 도시가스요금 10% 청구할인 
편의점: 편의점 5% 청구할인
카페: 커피 업종 5% 청구할인
주유: 주유 리터당 100원 청구할인
프리미엄: 올쇼핑 티타늄 서비스
유의사항: 꼭 확인하세요!"
486,CJ ONE 우리카드 체크,우리카드,,,"쇼핑: 올리브영 3천원 캐시백
영화: CGV 3천원 캐시백
베이커리: 뚜레쥬르 3천원 캐시백
대중교통: 버스, 지하철 3천원 캐시백
공항라운지: 인천공항 라운지 무료이용 서비스
유의사항: 꼭 확인하세요!"
487,신한카드 B.Big(마이펫 스노우볼 삑),신한카드,,"10,000","대중교통: 버스, 지하철 후불 교통 이용 금액 일 200원 ~ 일 600원 할인
택시: 택시/KTX 이용 금액 10% 할인
백화점: 4대 백화점 5% 할인
카페: 커피전문점 10% 할인
편의점: 편의점 5% 할인
통신: 이동통신요금 5% 할인
영화: CGV, 인터파크, YES24 영화 할인
캐시백: 전기요금, 통신요금, 해외이용금액 5% 캐시백 제공
유의사항: 꼭 확인하세요!"
488,Easy auto 티타늄카드,KB국민카드,,"30,000","주유: 주유 리터당 150점 포인트리 적립
자동차/하이패스: 오토케어 5% 포인트리 적립
보험: 자동차보험 1만점 포인트리 적립
OTT/영화/문화: 영화 3천점 포인트리 적립
카페/디저트: 제과/아이스크림 2천점 포인트리 적립
편의점: 편의점, 올리브영 1천점 포인트리 적립
적립: 국내·외 가맹점 0.2% 포인트리 적립
프리미엄 서비스: Easy auto 티타늄 서비스
유의사항: 꼭 확인하세요!"
489,Easy fly 티타늄카드,KB국민카드,,"35,000","여행/숙박: 여행 할인
할인: 전 가맹점 할인
생활: Easy fly+ 서비스
프리미엄: Easy fly 티타늄 서비스
유의사항: 꼭 확인하세요!"
490,11번가 신한카드,신한카드,"5,000","8,000","적립: 국내외 가맹점 이용금액 0.5% SK pay 포인트 적립
온라인쇼핑: 11번가에서 SK pay 결제 시 이용금액 1% 적립
유의사항: 꼭 확인하세요!"
491,11번가 신한카드 체크,신한카드,,,"적립: 국내외 가맹점 이용금액 0.1% SK pay 포인트 적립
온라인쇼핑: 11번가에서 SK pay 결제 시 이용금액 0.5% 적립
유의사항: 꼭 확인하세요!"
492,현대카드M Edition3,현대카드,"30,000","30,000","적립: 모든 가맹점에서 0.5~3% 기본 M포인트 적립
제휴 온라인쇼핑 시 1~10% 추가 M포인트 적립
멤버십포인트: 일상생활, 쇼핑, 자동차구매, H-Coin, 현대카드 Gift카드 등 다양한 사용처에서 M포인트 사용"
493,현대카드M2 Edition3,현대카드,"60,000",,"적립: 모든 가맹점에서 0.5~3% 기본 M포인트 적립
온라인쇼핑 시 추가 M포인트 적립
멤버십포인트: 일상생활, 쇼핑, 자동차구매, H-Coin, 현대카드 Gift카드 등
다양한 사용처에서 M포인트 사용
프리미엄 서비스: 현대카드 플래티넘 서비스"
494,현대카드M3 Edition3,현대카드,"90,000","90,000","적립: 모든 가맹점에서 0.5~3% 기본 M포인트 적립
월 200만원 이상 이용 시 2배 적립
멤버십포인트: 일상생활, 쇼핑, 자동차구매, H-Coin, 현대카드 Gift카드 등
다양한 사용처에서 M포인트 사용
프리미엄 서비스: 현대카드 플래티넘서비스"
496,씨티 글로벌 월렛 체크카드,씨티카드,,,"수수료우대: 해외쇼핑 및 직구 시 해외결제수수료 완전무료
점심: 점심식사 3% 할인
온라인쇼핑: 온라인 쇼핑 3% 할인
영화: 영화 3% 할인
편의점: 편의점 3% 할인
유의사항: 꼭 확인하세요!"
497,NEW농촌사랑체크카드,NH농협카드,,,"적립: [Point Pack] NH포인트 최대 0.5% 적립
주유소: [Auto Pack] GS칼텍스 L당 40원 주유할인(LPG제외)
생활: [Joy Pack] 농협판매장, 놀이공원, 영화, 통신요금 할인
기타: 기타서비스
유의사항: 꼭 확인하세요!"
498,농부의마음 Farmers Heart 체크카드,NH농협카드,,,"적립: 일상생활, 농협계통업종, 농업관련업종 NH포인트 적립
유의사항: 꼭 확인하세요!"
499,체크카드,NH농협카드,,,"적립: 농협판매장 NH포인트 적립
주유: 농협운영주유소, GS칼텍스 적립 및 할인
OTT/영화/문화: 문화서비스 할인
수수료우대: 외화 환전 우대 서비스
생활: 기타 서비스
유의사항: 꼭 확인하세요!"
500,신세계면세점 SSG카드,SSGPAY. CARD,"108,000","110,000","모든가맹점: 전 가맹점 0.8~1.2% 적립/청구할인
면세점: 신세계면세점 선불카드 5만원 증정
공항라운지/PP: 공항라운지 및 발레파킹 서비스
적립: 신세계포인트 가맹점 이용 시 신세계포인트 적립
유의사항: 꼭 확인하세요!"
501,이마트에브리데이 SSG카드,SSGPAY. CARD,"9,000","10,000","모든가맹점: 실적 관계없이, 한도 제한없이 전 가맹점 1~1.5% 적립/청구할인
적립: 신세계포인트 가맹점 이용 시 신세계포인트 추가 적립
유의사항: 꼭 확인하세요!"
502,네이버페이 플래티넘 롯데카드,롯데카드,"15,000","15,000","기타: 네이버에서 네이버투자통장(삼성증권 CMA계좌) 개설 후, 네이버에서만 카드신청 가능
적립: 0.5% 또는 3% 네이버페이 포인트 적립
프리미엄 서비스: Platinum Service
유의사항: 꼭 확인하세요!"
503,씨티 메가마일 스카이패스,씨티카드,"8,000","10,000","대한항공: [기본적립] 1,500원당 0.7 마일리지 적립
OTT/영화/문화: [특별적립] 엔터테인먼트 15 마일리지 적립
여행/숙박: [특별적립] 여행 7 마일리지 적립
생활: [특별적립] 생활(라이프) 5 마일리지 적립
쇼핑: [특별적립] 쇼핑 5 마일리지 적립
기타: 마일리지 우대 프로그램
프리미엄 서비스: 프리미엄 서비스
유의사항: 꼭 확인하세요!"
504,씨티 메가마일 아시아나,씨티카드,"8,000","10,000","아시아나항공: [기본적립] 1,500원당 1 마일리지 적립
OTT/영화/문화: [특별적립] 엔터테인먼트 20 마일리지 적립
여행/숙박: [특별적립] 여행 10 마일리지 적립
생활: [특별적립] 생활(라이프) 7 마일리지 적립
쇼핑: [특별적립] 쇼핑 5 마일리지 적립
기타: 마일리지 우대 프로그램
프리미엄 서비스: 프리미엄 서비스
유의사항: 꼭 확인하세요!"
505,적립조아카드,NH농협카드,"10,000","12,000","적립: 국내이용 시 0.5~1.2% TOP포인트 적립
해외이용: 해외이용 시 1~1.5% TOP포인트 적립
기타: 해외이용 시 감사포인트 적립(연 1회)
유의사항: 꼭 확인하세요!"
506,할인조아카드,NH농협카드,"13,000","15,000","주유: [7대 업종 생활할인] 전 주유소(LPG 포함) 리터당 60원 청구할인
영화: [7대 업종 생활할인] CGV/롯데시네마/메가박스 2천원 청구할인
카페: [7대 업종 생활할인] 스타벅스/이디야 2천원 청구할인
온라인쇼핑: [7대 업종 생활할인] 쿠팡/티몬/위메프 2천원 청구할인
편의점: [7대 업종 생활할인] GS25/CU/세븐일레븐 1천원 청구할인
대형마트: [7대 업종 생활할인] 하나로마트/이마트/홈플러스/롯데마트 5% 청구할인
대중교통: [7대 업종 생활할인] 버스/지하철 이용 시 건당 100원 청구할인
테마파크: 전국 주요 놀이공원 할인 (월 1회, 연 6회)
유의사항: 꼭 확인하세요!"
507,쇼핑조아카드,NH농협카드,"13,000","15,000","간편결제: 페이 결제 시 5% 할인
쇼핑: 온라인/오프라인 쇼핑 5% 할인
모든가맹점: 전 가맹점 0.5% 기본할인
유의사항: 꼭 확인하세요!"
508,올바른 Edu 카드,NH농협카드,,"25,000","교육/육아: 학원비 5% 청구할인
교육/육아: 초/중/고교 교육비 자동납부 시 2천원 청구할인
생활: 10대 업종 0.5~1% 청구할인
금융: 전자금융 수수료 면제
유의사항: 꼭 확인하세요!"
512,올바른 POINT UP 카드,NH농협카드,,"14,000","모든가맹점: 적립한도 없이 기본 0.7% 적립+우대 최대0.3% 적립
생활: 생활영역 0.5%~1.0% 추가적립 
공항라운지/PP: 국제공항 라운지 무료이용
금융: 전자금융 수수료 면제
유의사항: 꼭 확인하세요!"
513,올바른 POINT UP+ 카드,NH농협카드,,"25,000","모든가맹점: 적립한도 없이 기본 0.7% 적립+우대 최대0.3% 적립
생활: 생활영역 0.7%~1.2% 추가적립 
금융: 전자금융 수수료 면제
유의사항: 꼭 확인하세요!"
514,올바른 BAZIC 카드,NH농협카드,,"14,000","모든가맹점: 할인한도 없이  0.7%~1.2% 할인
해외: 해외이용가맹점 1.0% 청구할인
공항라운지/PP: 국제공항 라운지 무료이용
유의사항: 꼭 확인하세요!"
516,올바른 BAZIC+ 카드,NH농협카드,,"25,000","모든가맹점: 할인한도 없이  0.7%~1.4% 할인
해외: 해외이용가맹점 1.0% 청구할인
생활: 선택영역 1개 영역 1.4%~2.1% 청구할인
유의사항: 꼭 확인하세요!"
517,NH1934 체크카드,NH농협카드,,,"모든가맹점: 국내·외 전 가맹점 0.2~0.3% 청구할인
은행사: NH1934체크카드 & NH1934우대통장 교차이용 혜택
유의사항: 꼭 확인하세요!"
518,신한카드 Deep ECO,신한카드,"13,000","16,000","기타: [기부서비스] 국내/외 가맹점 ECO 기부 포인트 0.1% 적립
교통: [캐시백 서비스] 교통
온라인쇼핑: [캐시백 서비스] 온라인&Recycling
OTT/영화/문화: [캐시백 서비스] Paperless
생활: [Health Care 서비스] 워킹 / 보험
유의사항: 꼭 확인하세요!"
519,신한카드 D-day,신한카드,"18,000","18,000","편의점: [DAY 서비스] 월요일, 화요일, 수요일 편의점 5% 적립
영화: [DAY 서비스] 목요일 영화 예매 5% 적립
푸드: [DAY 서비스] 금요일 요식업종 가맹점 5% 적립
뷰티/피트니스: [DAY 서비스] 토요일 뷰티업종 가맹점 5% 적립
온라인쇼핑: [DAY 서비스] 일요일 온라인 쇼핑 이용금액 5% 적립
대중교통: [DAY 서비스] 버스/지하철 이용금액 5% 적립
카페/디저트: [WEEK 서비스] 매주 월요일 오전 스타벅스 최대 2,000원 할인
음원사이트: [MONTH 서비스] 멜론 음악/아마존프라임비디오 스트리밍 2,000원 할인
공항라운지/PP: [YEAR 서비스] 라운지 무료입장, 에어서울 20,000원 할인
유의사항: 꼭 확인하세요!"
520,스마일 신용카드,현대카드,"5,000","8,000","모든가맹점: 스마일캐시 1~2% 적립
유의사항: 꼭 확인하세요!"
521,카드의정석 베트남여행,우리카드,"10,000","12,000","온라인쇼핑: 온라인 쇼핑 10% 청구할인
쇼핑: 오프라인 쇼핑 10% 청구할인
해외이용: 베트남 현지 오프라인 全가맹점 5% 청구할인
공항라운지/PP: 국내외 공항라운지 무료 이용 서비스
주유: 주말 4대 주유소 리터당 60원 청구할인
카페/디저트: 스타벅스, 폴바셋 10% 청구할인
유의사항: 꼭 확인하세요!"
522,Liiv M 카드,KB국민카드,"20,000","20,000","통신: 통신요금 자동이체 1만원~1만5천원 청구할인
프리미엄 서비스: Liiv M 마스터 티타늄 서비스
유의사항: 꼭 확인하세요!"
523,Liiv M 체크카드,KB국민카드,,,"통신: 이동통신요금 5% 환급할인
소셜커머스: 11번가 3% 환급할인
여행/숙박: 야놀자 3% 환급할인
편의점: CU편의점 3% 환급할인
유의사항: 꼭 확인하세요!"
524,한국야쿠르트 팝 신한카드 체크,신한카드,,,"푸드: 한국야쿠르트 정기주문, hyFresh 캐시백
마트/편의점: GS리테일 매장(GS25, GS수퍼마켓, 랄라블라) 5% 캐시백
카페: 스타벅스 5% 캐시백
유의사항: 꼭 확인하세요!"
525,에너지플러스카드,현대카드,"20,000","20,000","주유소: GS칼텍스에서 주유 시 리터당 20~150포인트 GS&POINT 적립
생활: 생활편의영역에서 결제 시 1~2% GS&POINT 적립
모든가맹점: 그 외 가맹점에서 결제 시 0.5% GS&POINT 적립
유의사항: 꼭 확인하세요!"
526,NH농협 올바른LIFE카드(할인형),NH농협카드,,"10,000","온라인쇼핑: 온라인쇼핑 3% 청구할인
대형마트: 대형마트 3% 청구할인
병원/약국: 병원, 약국 3% 청구할인
도서: 서점 3% 청구할인
카페/디저트: 커피, 제과점 5% 청구할인
영화: 영화 5% 청구할인
편의점: 편의점 5% 청구할인
통신: 이동통신요금 자동납부건 2천원 청구할인
테마파크: 전국 주요 놀이공원 할인
유의사항: 꼭 확인하세요!"
527,NH농협 올바른LIFE카드(적립형),NH농협카드,,"10,000","무실적: 국내·외 이용가맹점 0.5% 기본적립
기타: 생활, 여가, 해외업종 0.3%~0.5% 추가적립
멤버십포인트: 리워드 포인트 제공(매년 1회)
유의사항: 꼭 확인하세요!"
528,라이언 치즈 체크카드,NH농협카드,,,"카페: 커피. 월~금 0.5% / 토,일 1% NH포인트 적립
편의점: 편의점. 월~금 0.5% / 토,일 1% NH포인트 적립
영화: 영화. 월~금 0.5% / 토,일 1% NH포인트 적립
온라인쇼핑: 온라인쇼핑. 월~금 0.5% / 토,일 1% NH포인트 적립
APP: 배달앱. 월~금 0.5% / 토,일 1% NH포인트 적립
교통: 교통. 요일관계없이 1.5% NH포인트 적립
해외: 해외. 요일관계없이 1.5% NH포인트 적립
도서: 서점. 요일관계없이 1.5% NH포인트 적립
생활: 자기계발, 공연·전시, H&B. 요일관계없이 1.5% NH포인트 적립
기타: 유튜브, 넷플릭스, 유료 어플리케이션 결제 5% NH포인트 적립
공항라운지: 국제공항 라운지 무료이용 서비스
유의사항: 꼭 확인하세요!"
529,the Red Edition4,현대카드,"300,000","300,000","모든가맹점: 국내외 가맹점에서 1% 기본 M포인트 적립
100만원 이상 이용 시 1.5배 적립 / 200만원 이상 이용 시 2배 적립
바우처: 최대 20만원 상당의 바우처 제공(연 1회)
프리미엄 서비스: 특수 소재 카드 플레이트 제공
공항라운지 무료이용 / 발레파킹서비스 제공
기타: 연회비 감면
MasterCard/VISA 서비스
유의사항: 꼭 확인하세요!"
530,LCC UniMile카드,NH농협카드,,"25,000","저가항공: 저비용항공사(LCC) 3% UniMile 적립
모든가맹점: 국내·외 가맹점 이용 시 0.7~1.4% UniMile 적립
공항라운지: 국내·외 공항라운지 무료 이용
프리미엄 서비스: UnionPay 위탁수하물 서비스
생활: 생활 할인 서비스
유의사항: 꼭 확인하세요!"
531,NH농협 올바른 하나로(Hanaro) 카드,NH농협카드,"13,000","15,000","모든가맹점: 농협판매장 이용금액의 5% NH포인트 적립
생활: 주요 생활편의업종 이용액의 3% NH포인트 적립
테마파크: 전국 주요 놀이공원 할인
병원/약국: 병원, 약국 5% 청구할인
공항라운지: 국제공항 라운지 무료이용
기타: 전자금융 수수료 면제
OK Cashbag 제휴서비스
유의사항: 꼭 확인하세요!"
532,NH농협 올바른 하나로(Hanaro) 체크카드,NH농협카드,,,"적립: NH포인트 0.2% 기본 적립
모든가맹점: 농협판매장 NH포인트 추가 적립
OK캐쉬백: OK Cashbag 제휴서비스
공항라운지: 국제공항 라운지 무료이용
유의사항: 꼭 확인하세요!"
533,I’m DRIVING,롯데카드,"18,000","18,000","주유소: [DC ONE] 내가 직접 고르는 특별할인!
[DC ALL] 언제 어디서나 누리는 기본할인!
저녁: [드라이버 할인] 음식점(저녁), 편의점, 주차장, 세차장, 대리운전 5% 할인
자동차: [오토 할인]엔진오일 교환 25,000원 할인
자동차보험 10,000원 할인
유의사항: 꼭 확인하세요!"
534,인터파크 롯데카드,롯데카드,"10,000","10,000","무실적: 국내외 온·오프라인 가맹점 0.5% 결제일 청구할인
온라인쇼핑: 인터파크 5.0% 결제일 청구할인
유의사항: 꼭 확인하세요!"
535,샤롯데 플래티넘 스타 카드,롯데카드,,"35,000","쇼핑: 롯데면세점 5~15% 할인우대, 롯데백화점 5% 할인 e-쿠폰 등
푸드: T.G.I. FRiDAY'S 10% 할인, 미스터피자 15% 현장할인 등
뷰티/피트니스: 박준 뷰티랩 20%할인/박승철 헤어스투디오 15% 할인 (프리미엄 매장 제외)
기타: 롯데월드 본인 종합이용권 50% 할인, 롯데시네마 관람권 1,500원 할인 등
바우처: 스페셜기프트 제공(연 1회)
생활: Be My Guest / Star Point / Life Support / Bonus Present
프리미엄 서비스: AMEX Platinum 서비스
유의사항: 꼭 확인하세요!"
536,신한카드 Deep Once,신한카드,"20,000","23,000","렌탈 : 10개 렌탈사 자동이체 이용 시 마이신한포인트 적립
공과금: 7개 생활월납 자동이체 이용 시 마이신한포인트 적립
기타: 디지털 구독 서비스 정기결제 이용 시 마이신한포인트 적립
유의사항: 꼭 확인하세요!"
537,신한카드 Deep Once Plus,신한카드,"27,000","30,000","렌탈 : 10개 렌탈사 자동이체 이용 시 마이신한포인트 적립
공과금: 7개 생활월납 자동이체 이용 시 마이신한포인트 적립
기타: 7개 디지털 구독 서비스 정기결제 이용 시 마이신한 포인트 적립
생활: 커피, 편의점, 해외 이용시 마이신한포인트 적립
유의사항: 꼭 확인하세요!"
538,Easy study 티타늄카드,KB국민카드,"35,000","35,000","학원: 학원 3% 할인
온라인강의 5% 할인
뷰티/피트니스: 수영장, 요가, 레포츠클럽, 문화센터, 종합스포츠센터 3% 할인
도서: 서점, 문방구점, 학습지, 기타 학습자재 5% 할인
생활: 대형마트, 통신요금, 패스트푸드 할인
프리미엄 서비스: Easy study 티타늄 서비스
유의사항: 꼭 확인하세요!"
539,샤롯데 비앤 롯데카드,롯데카드,"47,000","50,000","바우처: 3만원 상당 기프트카드 제공
생활: 외식업종, 마트, 학원업종 10% 할인
병원: 의료업종 2~3개월 무이자 할부
프리미엄 서비스: 마스터 플래티넘 서비스
기타: 라이프 매거진 매월 발송,
쇼핑/외식/여가문화 혜택
유의사항: 꼭 확인하세요!"
540,I’m ACTIVE,롯데카드,"15,000","15,000","병원/약국: 병원, 약국, 동물병원 5% 캐시백
뷰티/피트니스: 운동, 레저스포츠, 건강보조식품 등 5% 캐시백
선택형: 월 이용금액 TOP3 그룹 자동으로 5% 캐시백
기타: 누적 이용금액 600만원 달성 시, 1만원 보너스 캐시백
유의사항: 꼭 확인하세요!"
541,I’m Wonderful Plus,롯데카드,"15,000","15,000","국내외가맹점: 국내외 가맹점 최대 1.4% 할인
유의사항: 꼭 확인하세요!"
542,갤러리아 우리카드,우리카드,"10,000","12,000","백화점: 갤러리아 관련 혜택
해외이용: 해외 가맹점(해외직구 포함) 1% 청구할인
주유소: 4대 주유소 주말 주유시 리터당 60원 청구할인
카페: 커피(스타벅스, 폴바셋, 빈스앤베리스) 1천원 청구할인
OTT/영화/문화: CGV, 롯데시네마 12,000원 이상 결제시 5,000원 청구할인
대림미술관 20% 청구할인
프리미엄 서비스: 공항라운지 무료,
발렛 파킹 무료
유의사항: 꼭 확인하세요!"
543,카드의정석 APT,우리카드,"15,000","15,000","공과금: 아파트관리비(공공 임대료) 5천~15천원 청구할인,
도시가스 자동납부 3,000원 청구할인
기타: 유튜브 프리미엄 정기권 30% 청구할인,
넷플릭스 정기권 30% 청구할인
유의사항: 꼭 확인하세요!"
544,카드의정석 APT Platinum,우리카드,"29,000","29,000","공과금: 아파트관리비(공공 임대료) 5천~15천원 청구할인,
도시가스 자동납부 3,000원 청구할인
학원: 학원 10% 청구할인
기타: 유튜브 프리미엄 정기권 30% 청구할인,
넷플릭스 정기권 30% 청구할인
프리미엄 서비스: 전 세계 1,000여개 공항라운지 무료 입장 서비스,
프리미엄 투어 서비스
유의사항: 꼭 확인하세요!"
545,카드의정석 APT CHECK,우리카드,"9,000","9,000","공과금: 아파트관리비(공공 임대료) 3천~10천원 캐시백
기타: 유튜브 프리미엄 정기권 30% 캐시백
유의사항: 꼭 확인하세요!"
546,다둥이 행복카드,우리카드,,,"대중교통: 대중교통요금 10% 할인
적립: 모아포인트 최고 0.9% 적립
주유소: GS칼텍스 리터당 최대 70원 청구할인
패밀리레스토랑: 패밀리 레스토랑 할인
OTT/영화/문화: 영화, 놀이공원, 콘도 할인
쇼핑: 유명의류, 한국프뢰벨, 현대홈쇼핑, 특별할인서비스
생활: 자동차, 통신 등 생활서비스 제공
유의사항: 꼭 확인하세요!"
548,카드의정석 MILEAGE SKYPASS,우리카드,"39,000","39,000","대한항공: 이용금액 1,000원당 대한항공 마일리지 적립
공항라운지: 세계 공항라운지 무료 이용 서비스
유의사항: 꼭 확인하세요!"
549,아이행복카드,IBK기업은행,,,"통신: 이동통신요금 자동이체시 1,000원 청구할인
온라인쇼핑: 주요 온라인쇼핑몰/소셜커머스 5% 청구할인
푸드: 주요 패밀리레스토랑/커피전문점 청구할인
교육/육아: 어린이집/유치원/학원 5% 청구할인
병원: 병/의원 업종 5% 청구할인
생활: 그린카드 멤버십/다둥이클럽 서비스 등
유의사항: 꼭 확인하세요!"
550,에이스플러스체크카드 (벨리미키),SC제일은행,,,"영화: 영화 인터넷 예매시 1,500원 청구할인
테마파크: 유명 놀이공원 무료입장 또는 자유이용권 현장할인
패밀리레스토랑: 패밀리레스토랑 10% 청구할인
카페: 스타벅스 20% 청구할인
도서: 교보문고(온라인 포함), Yes24 1,500원 청구할인
주유소: GS칼텍스 리터당 25원 청구할인
면세점: 동화면세점 최고 10% 현장할인
멤버십포인트: 오! 포인트 추가 할인 및 적립
유의사항: 꼭 확인하세요!"
551,Easy link 티타늄카드,KB국민카드,"30,000","31,000","생활: 자동납부 5천원/1만원 캐시백
통신: 통신요금 자동납부 5천원 청구할인
영화: 영화 3천원 청구할인
기타: 정기결제 1천원 청구할인
선택형: Easy link 선택서비스(택1)
프리미엄 서비스: 티타늄 서비스
유의사항: 꼭 확인하세요!"
552,삼성카드 2 V4,삼성카드,"20,000","20,000","카페/디저트: 커피전문점·편의점 5% 할인
기타: 교통·통신 5% 할인
생활: 생활 필수 영역 5% 할인
해외: 해외 1.5% 할인
항공권: 항공권 1.5% 할인
영화: 영화 5,000원 결제일할인(청구할인)
유의사항: 꼭 확인하세요!"
553,삼성카드 3 V4,삼성카드,"20,000","20,000","마트/편의점: 편의점·배달앱·신선식품 배송·커피전문점·제과점 3% 할인

쇼핑: 할인점·온라인쇼핑몰·해외 3% 할인
기타: 교육, 주유 3% 할인
테마파크: 놀이공원 50%·워터파크 30% 할인
영화: 영화 5,000원 결제일할인(청구할인)
생활: 생활요금 자동납부 서비스포인트 적립
유의사항: 꼭 확인하세요!"
554,삼성카드 6 V4,삼성카드,"39,000","39,000","주유: 모든 주유소 리터당 70원·90원 결제일할인(청구할인)
정비: 차량 점검 서비스
모든가맹점: 국내외 가맹점 0.5% 할인
쇼핑: 생활 필수 영역 1.5% 할인
패밀리레스토랑: VIPS 20% 할인
영화: 영화 5,000원 결제일할인(청구할인)
생활: 생활요금 자동납부 서비스포인트 적립
유의사항: 꼭 확인하세요!"
555,삼성카드 4 V4,삼성카드,"20,000","20,000","카페/디저트: 커피전문점·편의점·제과점 2% 할인
모든가맹점: 국내외 가맹점 0.5% 할인
기타: 할인점·주유·의료·홈쇼핑 1% 할인
영화: 영화 5,000원 결제일할인(청구할인)
생활: 생활요금 자동납부 서비스포인트 적립
유의사항: 꼭 확인하세요!"
556,삼성카드 4 V4 (포인트),삼성카드,"20,000","20,000","카페/디저트: 커피전문점·편의점·제과점 2% 빅포인트 적립
모든가맹점: 국내외 가맹점 0.5% 빅포인트 적립
기타: 할인점·주유·의료·홈쇼핑 1% 빅포인트 적립
영화: 영화 5,000원 결제일할인(청구할인)
생활: 생활요금 자동납부 서비스포인트 적립
유의사항: 꼭 확인하세요!"
557,삼성카드 5 V4,삼성카드,"39,000","39,000","교육/육아: 학원·학습지·인터넷강의·서점 5% 결제일할인(청구할인)
쇼핑: 할인점·온라인쇼핑몰 2% 결제일할인(청구할인)
해외: 해외 2% 결제일할인(청구할인)
병원/약국: 의료 2% 결제일할인(청구할인)
카페/디저트: 커피전문점·제과점 2% 결제일할인(청구할인)
영화: 영화 10,000원 결제일할인(청구할인)
레저/스포츠: 놀이공원 자유이용권 50%·워터파크 입장권 30% 현장할인
생활: 생활요금 자동납부 서비스포인트 적립
기타: 국제브랜드 서비스(해외겸용카드 전용)
유의사항: 꼭 확인하세요!"
558,카드의정석 MILEAGE Asiana Club,우리카드,"39,000","39,000","아시아나항공: 이용금액 1,000원당 아시아나항공 마일리지 적립
공항라운지: 전 세계 공항라운지 무료 이용 서비스
기타: 프리미엄 투어 서비스
유의사항: 꼭 확인하세요!"
559,펭수 노리 체크카드(펭카),KB국민카드,,,"대중교통: 버스·지하철 10% 청구할인
통신: 이동통신요금 2,500원 환급할인
영화: CGV 35% 환급할인
푸드: 아웃백, VIPS / 스타벅스 20% 환급할인
테마파크: 에버랜드·롯데월드 50% 환급할인
금융: 금융수수료 면제 서비스
편의점: GS25 5% 환급할인
도서: 교보문고 5% 환급할인
기타: 통합할인한도
유의사항: 꼭 확인하세요!"
560,위 레아카드(아시아나클럽),NH농협카드,,"330,000","아시아나항공: 국내 1마일리지, 해외 2마일리지 적립
국내 특별 가맹점 2마일리지 적립
바우처: 프리미엄 바우처 서비스(매년 1회, 택 1)
적립: 보너스 포인트 적립 (매년 1회)
공항라운지: 전세계 공항 라운지 무료 이용
프리미엄: MASTERCARD WORLD PREMIUM SERVICES
유의사항: 꼭 확인하세요!"
561,펭수 노리 체크카드(펭모티콘),KB국민카드,,,"대중교통: 버스·지하철 10% 청구할인
통신: 이동통신요금 2,500원 환급할인
영화: CGV 35% 환급할인
푸드: 아웃백, VIPS / 스타벅스 20% 환급할인
테마파크: 에버랜드·롯데월드 50% 환급할인
금융: 금융수수료 면제 서비스
편의점: GS25 5% 환급할인
도서: 교보문고 5% 환급할인
기타: 통합할인한도
유의사항: 꼭 확인하세요!"
562,올바른 GIVE 카드,NH농협카드,"23,000","25,000","기타: 전가맹점 러브포인트 0.8% 적립
생활: 5대 업종 5% 청구할인
통신: 이동통신요금 자동납부건 2천원 청구할인(월 1회)
병원: 종합건강검진비 2만원 청구할인(연 1회)
테마파크: 전국 주요 놀이공원 할인(통합 월 1회, 연 6회)
프리미엄 서비스: Mastercard 프리미엄 서비스 제공
유의사항: 꼭 확인하세요!"
563,위 레아카드(스카이패스),NH농협카드,,"330,000","대한항공: 국내 1마일리지, 해외 2마일리지 적립
국내 특별 가맹점 2마일리지 적립
바우처: 프리미엄 바우처 서비스(매년 1회, 택 1)
적립: 보너스 포인트 적립 (매년 1회)
공항라운지: 전세계 공항 라운지 무료 이용
프리미엄: MASTERCARD WORLD PREMIUM SERVICES
유의사항: 꼭 확인하세요!"
564,위 레아카드(포인트),NH농협카드,,"295,000","적립: 국내 1%, 해외 2% 적립
국내 특별 가맹점 2% 적립
바우처: 프리미엄 바우처 서비스(매년 1회, 택 1)
적립: 보너스 포인트 적립 (매년 1회)
공항라운지: 전세계 공항 라운지 무료 이용
프리미엄: UNIONPAY DIAMOND PREMIUM SERVICES
MASTERCARD WORLD PREMIUM SERVICES
유의사항: 꼭 확인하세요!"
565,위 테라카드(스카이패스),NH농협카드,,"530,000","대한항공: 국내 1마일리지, 해외 2마일리지 적립
주말 국내 2마일리지, 해외 3마일리지 적립
바우처: 프리미엄 바우처 서비스(매년 1회, 택 1)
카페: 전세계 스타벅스 이용시 4천원 청구할인(월 1회)
공항라운지: 전세계 공항 라운지 무료 이용
프리미엄: VISA SIGNATURE PREMIUM SERVICES
유의사항: 꼭 확인하세요!"
566,위 테라카드(아시아나클럽),NH농협카드,,"530,000","아시아나항공: 국내 1마일리지, 해외 2마일리지 적립
주말 국내 2마일리지, 해외 3마일리지 적립
바우처: 프리미엄 바우처 서비스(매년 1회, 택 1)
카페: 전세계 스타벅스 이용시 4천원 청구할인(월 1회)
공항라운지: 전세계 공항 라운지 무료 이용
프리미엄: VISA SIGNATURE PREMIUM SERVICES
유의사항: 꼭 확인하세요!"
567,위 테라카드(포인트),NH농협카드,,"495,000","적립: 국내 1%, 해외 2% 적립
주말 국내 2%, 해외 3% 적립
바우처: 프리미엄 바우처 서비스(매년 1회, 택 1)
카페: 전세계 스타벅스 이용시 4천원 청구할인(월 1회)
공항라운지: 전세계 공항 라운지 무료 이용
유의사항: 꼭 확인하세요!"
568,부릉 삼성카드 BIZ,삼성카드,"10,000","10,000","적립: 커피, 이동통신, 주유 등 1~3% 빅포인트 적립
베이커리: 파리바게뜨·배스킨라빈스·던킨도너츠 10% 결제일할인
영화: CGV 및 롯데시네마 3,000원 결제일할인
생활: 부가세환급 편의지원서비스 및 전자세금계산서 월 250건 무료 제공
유의사항: 꼭 확인하세요!"
569,현대카드 DIGITAL LOVER,현대카드,"20,000","20,000","생활: 4대 디지털 스트리밍 서비스 1만원 청구 할인
간편결제: 6대 온라인 간편결제서비스 5% 청구 할인
선택형: 서로 다른 매력이 있는 4종의 디자인 중에서 하나를 선택해 발급
유의사항: 꼭 확인하세요!"
570,이로운카드,IBK기업은행,"10,000","10,000","할인: 6대 생활영역 이용금액 1% 기본캐시백,
이용금액이 가장 많은 영역 1% 추가캐시백
푸드: [6대 생활영역] 음식점
온라인쇼핑: [6대 생활영역] 온라인 쇼핑
마트/편의점: [6대 생활영역] 대형마트·편의점
통신: [6대 생활영역] 통신비
병원: [6대 생활영역] 종합병원, 병의원, 한의원, 치과
교통: [6대 생활영역] 교통
유의사항: 꼭 확인하세요!"
571,어디서나 체크카드,우체국,,,"쇼핑: 전통시장 10% 캐시백,
대형마트, 6대 홈쇼핑, 다이소 5% 캐시백
푸드: 음식점 5%포인트 적립,
파리바게트, 뚜레쥬르, 엔제리너스, 카페베네, 스타벅스, 이디야, 폴바셋 5% 포인트 적립
주유소: SK주유 L당 40원 포인트 적립,
알뜰주유 L당 100원 포인트 적립
OTT/영화/문화: 메가박스 현장구매, 홈페이지 예매시 5% 캐시백,
Yes24, 교보문고(인터넷) 5% 캐시백
기타: 우편, 택배, EMS, 우표구매, 우체국쇼핑 10% 포인트 적립
유의사항: 꼭 확인하세요!"
572,포미 하이브리드 체크카드,우체국,,,"마트/편의점: GS25, CU 10% 캐시백,
이마트, 롯데마트, 홈플러스 10% 캐시백
간편결제: 삼성페이, 카카오페이, 네이버페이 10% 캐시백
온라인쇼핑: G마켓, 11번가, 쿠팡 10% 캐시백
통신: 통신료(SKT, KT, LG U+) 3천원 캐시백
배달앱: 배달의 민족 10% 캐시백
유의사항: 꼭 확인하세요!"
573,다드림 체크카드,우체국,,,"적립: 국내 전 가맹점 이용금액의 0.3% 우체국 포인트 적립,
우편·우체국쇼핑 이용금액의 5% 우체국 포인트 적립
통신: 우체국 알뜰폰 통신료 10% 우체국 포인트 적립
멤버십포인트: 전국 Oh! point 가맹점에서 적립 또는 사용 가능
금융: 우체국 다드림 통장 우대서비스
유의사항: 꼭 확인하세요!"
574,드림플러스 아시아나 체크카드,우체국,,,"아시아나항공: 할인가맹점 이용액 1,500원 당 1마일리지 적립,
그 외 전 가맹점 이용액 2,500원 당 1마일리지 적립
해외이용: 해외 이용 시 1% 캐시백
온라인쇼핑: 쿠팡, 티몬, 위메프 5% 캐시백
마트/편의점: GS25, CU, 세븐일레븐 5% 캐시백
홈플러스, 이마트, 이마트 트레이더스, 롯데마트, 롯데VIC마켓 5% 캐시백
카페: 스타벅스, 투썸플레이스, 이디야 5% 캐시백
주유소: SK주유 L당 40원 할인
면세점: 면세점 5% 캐시백
영화: CGV, 롯데시네마, 메가박스 5% 캐시백
금융: 우체국 서비스(우편, 쇼핑) 5% 캐시백
유의사항: 꼭 확인하세요!"
575,라이프+플러스 체크카드,우체국,,,"선택형: 원하는 카드 유형을 선택하세요!
쇼핑: [국내 서비스] 온라인 쇼핑, 홈쇼핑 10%
마트/편의점: [국내 서비스] 대형마트, 편의점 10%
애완동물: [국내 서비스] 반려동물 10%
레저/스포츠: [국내 서비스] 레저/스포츠 10%
기타: [국내 서비스] 우체국 5%
해외: [해외 서비스] 해외 전 가맹점 1%
저가항공: UniMile(유니마일) 플랫폼 서비스
유의사항: 꼭 확인하세요!"
576,young利한(영리한) 체크카드,우체국,,,"푸드: 죠스떡볶이 · 롯데리아 · 맥도날드 · 버거킹 10% 캐시백
화장품: 더페이스샵 · 미샤 · 이니스프리 5% 캐시백
학원: YBM시사 · 파고다 10% 캐시백,
토익 TEPS 응시료 10% 캐시백
도서: 교보문고 · YES24 5% 캐시백
통신: 통신요금 월 최대 3,000원 캐시백
기차: 코레일5% 캐시백
편의점: GS25 5% 캐시백
카페: 스타벅스 · 카페베네 · 엔제리너스 10% 캐시백
영화: CGV · 메가박스 · 롯데시네마 10% 캐시백
기타: 우편서비스, 전통시장 · 중소슈퍼(통합할인)
유의사항: 꼭 확인하세요!"
577,네이버페이 신한카드,신한카드,"27,000","30,000","네이버페이: 네이버페이포인트 1% 적립
네이버 카드간편결제 2% 추가적립
유의사항: 꼭 확인하세요!"
578,금융포인트리카드,KB국민카드,,"10,000","금융: 금융포인트 0.5~5% 적립
KB증권 매매수수료의 5% 금융포인트 적립
기타: 다양한 KB금융 서비스 혜택
유의사항: 꼭 확인하세요!"
579,I’m YOLO 플래티넘,롯데카드,"48,000","50,000","대한항공: 국내외(온․오프라인) 가맹점 1,000원당 1마일리지 적립
해외, 커피, 택시, 편의점, 대중교통 가맹점 1,000원당 1마일리지 추가 적립
공항라운지: 공항라운지(The Lounge Members) 무료 이용 서비스
프리미엄: Mastercard Platinum 서비스
유의사항: 꼭 확인하세요!"
580,Easy pick 티타늄 카드,KB국민카드,"30,000","30,000","온라인쇼핑: [Easy 서비스] 인터넷쇼핑몰 5% 적립
배달앱: [Easy 서비스] 배달앱 5% 적립
대형마트: [Easy 서비스] 대형마트 5% 적립
주유: [Easy 서비스] 주유소/충전소 5% 적립
피트니스: [Easy 서비스] 피트니스 5% 적립
대중교통: [Basic 서비스] 대중교통 5% 적립
통신: [Basic 서비스] 이동통신 5% 적립
APP: [Basic 서비스] 인터넷 쇼핑몰 앱카드 결제 5% 적립
렌탈 : [Basic 서비스] 정수기 렌탈 5% 적립
선택형: [Pick 서비스] 선호영역(택1) 5% 적립
프리미엄: 티타늄 서비스
유의사항: 꼭 확인하세요!"
581,I’m Powerful,롯데카드,"15,000","15,000","모든가맹점: 국내외 가맹점 0.5% 결제일 할인
할인: 슈퍼, 병원, 커피, 편의점 최대 2% 결제일 할인
할인: 이동통신, 대중교통 최대 5% 결제일 할인
유의사항: 꼭 확인하세요!"
582,I’m WONDERFUL platinum,롯데카드,"35,000","35,000","국내외가맹점: [기본할인] 국내외 가맹점 0.7 % 결제일 할인
할인: [특별할인] 건별 10만원 이상 결제 시 1.4% 결제일 할인
프리미엄 서비스: 공항라운지(The Lounge Members) 무료 이용 서비스,
Mastercard Platinum 서비스
유의사항: 꼭 확인하세요!"
583,우리 K-패스(신용),우리카드,"13,000","15,000","대중교통: K-패스 사업 지역 안내
할인: 생활 편의 서비스
할인: 생활 밀착 서비스
유의사항: 꼭 확인하세요!"
584,우리 K-패스 (COOKIE CHECK),우리카드,,,"대중교통: K-패스 사업 지역 안내
해외: 해외 서비스(Mastercard 브랜드 발급 시 제공)
캐시백: 국내서비스
유의사항: 꼭 확인하세요!"
585,행복한 체크카드,우체국,,,"병원/약국: 병원·의원, 모든 약국 10% 캐시백
학원: 학원 10% 캐시백
대형마트: 마트 10% 캐시백
공연/전시: 문화 10% 캐시백
기타: 순수 우편서비스 12% · 우체국쇼핑 10% 캐시백
지자체 시설 무료입장 및 할인, 에코머니 적립 등
유의사항: 꼭 확인하세요!"
586,어피치 스윗 체크카드,NH농협카드,,,"간편결제: 올원페이, 카카오페이, 삼성페이 온라인결제 3% 할인
카페: 스타벅스, 투썸플레이스, 커피빈 4% 할인
화장품: 올리브영, 랄라블라 4% 할인
기타: 유튜브프리미엄, 넷플릭스, 유료 어플리케이션 5% 할인
공항라운지: 국제공항 라운지 무료이용 서비스
유의사항: 꼭 확인하세요!"
587,모두의 쇼핑,하나카드,"15,000","15,000","온라인쇼핑: 온라인 쇼핑 10% 적립
쇼핑: 생활 쇼핑 5% 적립
아울렛: 아울렛 쇼핑 5% 적립
유의사항: 꼭 확인하세요!"
588,네이버페이 우리카드 체크,우리카드,"5,000","5,000","네이버페이: 네이버페이 포인트 1% 적립
공항라운지: 국내외 공항라운지 무료 이용 서비스
수수료우대: 해외이용수수료 면제
프리미엄 서비스: MasterCard Platinum 서비스 제공
유의사항: 꼭 확인하세요!"
589,토스 신용카드,하나카드,"10,000","10,000","해외: 해외 모든 가맹점 2% 토스머니 적립 (월 1만 토스머니 한도)
해외이용: 해외 인출 수수료 우대 서비스
프리미엄 서비스: 국제 브랜드 서비스
유의사항: 꼭 확인하세요!"
590,카카오뱅크 신한카드,신한카드,"15,000","15,000","할인: 전월실적 조건없이 자주 결제하는만큼 늘어나는 캐시백
배달앱: 배달앱 3천원 캐시백
교통: 교통앱 3천원 캐시백
수수료우대: 해외서비스 수수료(0.18%) 전액 할인
유의사항: 꼭 확인하세요!"
591,카카오뱅크 KB국민카드,KB국민카드,"15,000","15,000","카카오페이: 간편결제 3천원 할인
편의점: 편의점 3천원 할인
OTT/영화/문화: 영화·배달앱 3천원 할인
푸드: 커피·제과·패스트푸드 3천원 할인
여행/숙박: 숙박앱 5천원 할인
레저/스포츠: 공연/음악 5천원 할인
스포츠/놀이 5천원 할인
유의사항: 꼭 확인하세요!"
592,카카오뱅크 삼성카드,삼성카드,"7,000","7,000","할인: 조건 없이 국내외 가맹점 0.5% 할인
마트/편의점: 조건 없이 마트/편의점 1% 할인
OTT/영화/문화: 넷플릭스, 웨이브, 멜론 20% 할인
CGV, 롯데시네마 5천원 할인
생활: 커피/교통 5% 할인
쇼핑/배달앱 3% 할인
유의사항: 꼭 확인하세요!"
593,카카오뱅크 씨티카드,씨티카드,"6,000","7,000","카페: 전 세계 스타벅스 50% 할인 (국내/해외 월 2회 제공)
OTT/영화/문화: 넷플릭스, 멜론, 유튜브 프리미엄 25% 할인
교통: 버스, 지하철 5% 할인
통신: SKT, KT, LG U+ 5% 할인
생활: 공유자전거 50% 할인
배달앱, 편의점 5% 할인
기타: 전월실적 없어도 최대 5천원 보너스할인
수수료우대: 해외 서비스 수수료 전액 면제
유의사항: 꼭 확인하세요!"
594,카드의정석 삼성디지털프라자,우리카드,"20,000","20,000","쇼핑: 삼성디지털프라자 장기할부 및 청구할인
영화: 전국 영화관 3,000원 청구할인
카페: 커피전문점 1천원 청구할인
프리미엄 서비스: VISA브랜드 제공 서비스
유의사항: 꼭 확인하세요!"
595,아이파킹 크레딧 카,우리카드,"15,000","18,000","자동차/하이패스: i PARKING 주차비 할인
주유: 주유 / 충전 할인
유의사항: 꼭 확인하세요!"
596,셀리턴 우리카드,우리카드,"15,000","20,000","렌탈 : 셀리턴 렌탈 요금 자동이체 시 청구할인
유의사항: 꼭 확인하세요!"
597,AK우리카드,우리카드,"12,000","12,000","모든가맹점: 국내가맹점 이용액 0.2% 위비꿀머니(모아포인트) 적립
카페: 스타벅스, 폴바셋 1천원 청구할인
테마파크: 주요 놀이공원 자유이용권 50% 현장할인
공항라운지: 국내외 공항라운지 무료 이용 서비스
멤버십포인트: AK플라자 현장할인과 AK멤버스 마일리지 적립
유의사항: 꼭 확인하세요!"
598,AK우리카드 VIP,우리카드,"25,000","25,000","모든가맹점: 국내가맹점 이용액 0.2% 위비꿀머니(모아포인트) 적립
카페: 스타벅스, 폴바셋 1천원 청구할인
테마파크: 주요 놀이공원 자유이용권 50% 현장할인
공항라운지: 국내외 공항라운지 무료 이용 서비스
멤버십포인트: AK플라자 추가 현장할인,
AK 멤버스 서비스
프리미엄 서비스: 브랜드서비스 제공
유의사항: 꼭 확인하세요!"
599,AK우리카드 체크,우리카드,"3,000","3,000","모든가맹점: 국내가맹점 이용액 0.1% 우리WON꿀머니(모아포인트) 적립
카페: 스타벅스, 폴바셋 1천원 청구할인
테마파크: 주요 놀이공원 자유이용권 50% 현장할인
멤버십포인트: AK플라자 현장할인과 AK멤버스 마일리지 적립
유의사항: 꼭 확인하세요!"
600,대한항공카드 030,현대카드,"30,000","30,000","대한항공: 국내외 가맹점 이용금액 1천원당 1마일리지 기본 적립
특정 업종별 이용금액 1천원당 2마일리지 적립(기본 1마일 + 추가 1마일)
프리미엄 서비스: MasterCard 플래티넘서비스
유의사항: 웰컴보너스 3천 마일리지 적립
유의사항: 꼭 확인하세요!"
601,대한항공카드 070,현대카드,"70,000","70,000","대한항공: 국내외 가맹점 이용금액 1천원당 1마일리지 기본 적립
특정 업종별 이용금액 1천원당 2마일리지 적립(기본 1마일 + 추가 1마일)
공항라운지: 인천국제공항 제2여객터미널 마티나라운지 무료 이용
카페: 스타벅스, 폴바셋, 이디야 결제 건당 500원 할인
자동차: 서울 및 대도시 제휴 주차장 주말 무료 주차
프리미엄 서비스: MasterCard 플래티넘서비스
기타: 웰컴보너스 5천 마일리지 적립
유의사항: 꼭 확인하세요!"
602,대한항공카드 150,현대카드,"150,000","150,000","대한항공: 국내외 가맹점 이용금액 1천원당 1마일리지 기본 적립
특정 업종별 이용금액 1천원당 2~3마일리지 적립(기본 1마일 + 추가 1~2마일)
바우처: 마일리지, 항공권, 면세점 바우처 서비스
기타: 특수 소재 플레이트
공항라운지: 인천국제공항 제2여객터미널 마티나/마티나골드 라운지 무료 이용
프리미엄: 국내 특급호텔 및 공항 무료 발레파킹서비스
카페: 스타벅스, 폴바셋, 이디야 결제 건당 500원 할인
자동차: 서울 및 대도시 제휴 주차장 주말 무료 주차
프리미엄 서비스: MasterCard World 서비스
기타: 웰컴보너스 5천 마일리지 적립
유의사항: 꼭 확인하세요!"
603,대한항공카드 the First,현대카드,"500,000","500,000","대한항공: 국내외 가맹점 이용금액 1천원당 1마일리지 기본 적립
특정 업종별 이용금액 1천원당 3~5마일리지 적립(기본 1마일 + 추가 2~4마일)
바우처: 마일리지, 항공권, 면세점, Special 바우처 서비스
기타: 특수 소재 플레이트
공항라운지: 인천국제공항 제2여객터미널 마티나/마티나골드 라운지 무료 이용 + 해외 라운지 무료 이용
프리미엄: 국내 특급호텔 및 공항 무료 발레파킹서비스
카페: 스타벅스, 폴바셋, 이디야 결제 건당 500원 할인
자동차: 서울 및 대도시 제휴 주차장 주말 무료 주차
프리미엄 서비스: MasterCard World 서비스
기타: 웰컴보너스 1만5천 마일리지 적립
유의사항: 꼭 확인하세요!"
604,씨티 프리미어마일 대한항공,씨티카드,,"120,000","항공마일리지: 1,000원당 1 씨티 프리미어마일 적립
항공마일리지: 프리미어마일 전환 사용안내
PP: Priority Pass 카드 제공
공항: 인천공항 다이닝 무료 제공
바우처: 고품격 프리미엄 바우처 제공
기타: 무이자 할부, 씨티골드 체험 프로그램, 환전 우대 서비스
프리미엄: 프리미엄 서비스 및 MasterCard World 서비스 제공"
605,씨티 프리미어마일 아시아나,씨티카드,,"120,000","항공마일리지: 1,000원당 1 씨티 프리미어마일 적립
항공마일리지: 프리미어마일 전환 사용안내
PP: Priority Pass 카드 제공
공항: 인천공항 다이닝 무료 제공
바우처: 고품격 프리미엄 바우처 제공
기타: 무이자 할부, 씨티골드 체험 프로그램, 환전 우대 서비스
프리미엄: 프리미엄 서비스 및 MasterCard World 서비스 제공"
606,카드의정석 UNTACT,우리카드,"12,000","12,000","생활: 정기결제 최대 20% 청구할인
기타: 쿠팡 로켓와우, 간편결제, 게임결제 청구할인
해외이용: 해외 가맹점 (온라인/오프라인) 1% 청구할인
유의사항: 꼭 확인하세요!"
607,카드의정석 UNTACT PLATINUM,우리카드,"25,000","25,000","생활: 정기결제 최대 20% 청구할인
기타: 쿠팡 로켓와우, 간편결제, 게임결제
해외이용: 해외 가맹점 (온라인/오프라인) 2% 청구할인
공항라운지: 공항라운지 무료 이용(월 1회, 연 2회)
유의사항: 꼭 확인하세요!"
608,현대카드ZERO Edition2(할인형),현대카드,"10,000",,"할인: [기본 할인] 국내외 가맹점 이용금액의 0.7% 청구 할인
할인: [생활 필수 영역 할인] 이용금액의 1.5% 청구 할인
프리미엄 서비스: VISA 플래티넘 / Young Premium 서비스 제공
무이자할부: 무이자할부 서비스
유의사항: 꼭 확인하세요!"
609,현대카드ZERO MOBILE Edition2(할인형),현대카드,"10,000",,"할인: [기본 할인] 국내외 가맹점 이용금액의 0.7% 청구 할인
할인: [모바일 필수 영역 할인] 이용금액의 1.5% 할인
프리미엄 서비스: VISA 플래티넘 / Young Premium 서비스 제공
무이자할부: 무이자할부 서비스"
610,현대카드ZERO Edition2(포인트형),현대카드,"10,000",,"적립: [기본 적립] 국내외 가맹점 이용금액의 1% 기본 M포인트 적립
적립: [생활 필수 영역 적립] 이용금액의 2.5% M포인트 적립
프리미엄 서비스: VISA 플래티넘 / Young Premium 서비스 제공
무이자할부: 무이자할부 서비스
유의사항: 꼭 확인하세요!"
611,현대카드ZERO MOBILE Edition2(포인트형),현대카드,"10,000",,"적립: [기본 적립] 국내외 가맹점 이용금액의 1% 기본 M포인트 적립
적립: [모바일 필수 영역 적립] 이용금액의 2.5% M포인트 적립
프리미엄 서비스: VISA 플래티넘 / Young Premium 서비스 제공
무이자할부: 무이자할부 서비스
유의사항: 꼭 확인하세요!"
612,펫블리(PETvely) 카드,NH농협카드,,"23,000","생활: 반려동물병원 및 반려동물 관련 업종 7% 적립
대형 온라인 오픈마켓 5% 적립
애완동물: 반려동물 배상책임보험 무료 제공
카페: 커피전문점 업종 5% 청구할인
프리미엄 서비스: 브랜드 서비스
유의사항: 꼭 확인하세요!"
613,신한카드 YaY,신한카드,"23,000","26,000","생활: 마리아쥬 서비스 적립
온라인쇼핑: 온라인쇼핑 지원 적립
기타: 홈DIY 적립
유의사항: 꼭 확인하세요!"
614,위글위글 첵첵 체크카드,KB국민카드,,,"간편결제: 네이버페이.카카오페이.SSG페이 최대 4천원 할인 
대중교통: 버스.지하철 최대 4천원 할인
편의점: CU편의점 최대 4천원 할인
카페: 스타벅스(사이렌오더 포함) 최대 4천원 할인
영화: CGV 최대 4천원 할인
기타: 텐바이텐 최대 4천원 할인
드럭스토어: 올리브영,안경(렌즈)점 최대 4천원 할인
도서: YES24, 교보문고 최대 4천원 할인
공연/전시: 인터파크티켓 최대 4천원 할인
유의사항: 꼭 확인하세요!"
615,Easy ring 티타늄카드,KB국민카드,"30,000","30,000","통신: 통신요금 자동납부 1만원당 1,500원 청구 할인
OTT/영화/문화: 영화, 음원/영상, 배달앱 청구할인
선택형: 온라인쇼핑 5% 청구할인
적립: 리워드 특별 적립 서비스
프리미엄 서비스: 티타늄 서비스
유의사항: 꼭 확인하세요!"
616,다이소 삼성카드,삼성카드,"8,000","8,000","멤버십포인트: 다이소 0.5% 멤버십 포인트 적립
생활: 다이소 2,000원 ~ 4,000원 결제일할인
카페: 커피전문점 2,000원 결제일할인
배달앱: 배달앱 2,000원 결제일할인
할인: 다이소몰 1% 결제일할인
기타: 할인점.온라인쇼핑몰.편의점.의료 1% 결제일할인"
617,카드의정석 UniMile in JEJU,우리카드,"15,000","15,000","여행/숙박: 제주여행 특화 서비스
저가항공: UniMile 적립
공항라운지: 전세계 공항 라운지 무료 이용 서비스
주유소: 주유할인 서비스
유의사항: 꼭 확인하세요!"
618,신한카드 Hey Young 체크,신한카드,,,"선택형: 플레이트 디자인 선택 가능
대중교통: 대중교통 이용금액 5% 캐시백
통신: 이동통신요금 자동이체 시 2천원 캐시백
영화: CGV 영화 예매 5천원 캐시백
편의점: GS25 편의점 1천원 캐시백
카페: 스타벅스 커피 1천원 캐시백(사이렌오더, FAN사이렌 오더 포함)
온라인쇼핑: 쿠팡 1천원 캐시백
간편결제: 간편결제(Pay)로 국내 이용 시 1% 캐시백
해외: 해외 전 가맹점(온라인포함) 1.2% 캐시백
해외인출 1건 당 US $3 캐시백 제공
유의사항: 꼭 확인하세요!"
620,LOCA CLASSIC,롯데카드,"20,000","20,000","기타: 두장의 혜택을 세트로 누리는 카드 LOCA
모든가맹점: 국내외 가맹점 결제일 할인
유의사항: 꼭 확인하세요!"
621,LOCA for Auto,롯데카드,"20,000","20,000","주유: SK 에너지ㆍS-OILㆍGS칼텍스ㆍ현대오일뱅크 100원/L 할인
보험: 자동차 손해보험 10,000원 할인
마트/편의점: GS25ㆍCUㆍ세븐일레븐 5% 할인
배달앱: 배달의민족ㆍ요기요 5% 할인
유의사항: 꼭 확인하세요!"
622,LOCA for Coffee,롯데카드,"20,000","20,000","카페: 스타벅스ㆍ폴바셋ㆍ빽다방ㆍ투썸플레이스 50% 할인
디지털구독: 넷플릭스ㆍ유투브ㆍ왓챠ㆍ멜론ㆍ지니뮤직 20% 할인
교통: 버스ㆍ지하철ㆍ택시 10% 할인
배달앱: 배달의민족ㆍ요기요 10% 할인
온라인쇼핑: 쿠팡ㆍSSG닷컴ㆍ마켓컬리 5% 할인
유의사항: 꼭 확인하세요!"
623,LOCA for Edu,롯데카드,"20,000","20,000","교육/육아: 학원ㆍ학습지ㆍ유치원(건당 10만원 이상 시) 5% 할인
도서: 서점ㆍ문구점 10% 할인
유의사항: 꼭 확인하세요!"
624,LOCA for Health,롯데카드,"20,000","20,000","병원: 병원ㆍ약국ㆍ동물병원 10% 할인
쇼핑: 백화점, 슈퍼 5% 할인
대중교통: 버스ㆍ지하철 10% 할인
유의사항: 꼭 확인하세요!"
625,LOCA for Shopping,롯데카드,"20,000","20,000","대형마트: 이마트ㆍ홈플러스ㆍ롯데마트 10% 할인
온라인쇼핑: 쿠팡ㆍ위메프ㆍ티몬ㆍG마켓 ㆍ옥션ㆍ11번가 10% 할인
홈쇼핑: 롯데ㆍ GSㆍNSㆍ현대ㆍCJㆍ홈앤쇼핑 10% 할인
편의점: 세븐일레븐ㆍGS25ㆍCU 10% 할인
유의사항: 꼭 확인하세요!"
626,LOCA PLATINUM 할인형,롯데카드,"100,000","100,000","모든가맹점: 국내외 가맹점 결제일 할인
기타: SPECIAL GIFT 서비스: 특급호텔 F&B 5만원 이용권
프리미엄 서비스: Master Platinum 서비스(Master 플래티넘 카드 발급 시 제공)
유의사항: 꼭 확인하세요!"
627,LOCA PLATINUM 마일리지형,롯데카드,"100,000","100,000","대한항공: 1,500원당 1마일 기본적립
1,000원당 1마일 특별적립
기타: SPECIAL GIFT 서비스: 특급호텔 F&B 5만원 이용권
프리미엄 서비스: Master Platinum 서비스(Master 플래티넘 카드 발급 시 제공)
유의사항: 꼭 확인하세요!"
628,카드의정석 POINT CHECK x 아기상어,우리카드,,,"모든가맹점: 모아포인트 0.3 ~ 1.5% 적립
테마파크: 롯데아쿠아리움 및 주요 놀이공원 50% 현장할인
유의사항: 꼭 확인하세요!"
629,[IBK] 그린카드v2,IBK기업은행,,"10,000","모든가맹점: 국내 전 가맹점 0.2%~1.0% 에코머니 포인트적립
온라인쇼핑: 온라인 업종 5% 에코머니 포인트적립
생활: 생활요금 자동이체 5% 에코머니 포인트 적립
대중교통: 버스, 지하철 10% ~20% 에코머니 포인트 적립
교통: KTX, 고속버스 5% 에코머니 포인트 적립
영화: 온라인 영화예매(CGV, 롯데시네마 온라인 홈페이지 및 App 예매 시 제공) 2,000원 청구 할인
카페: 커피(스타벅스, 투썸플레이스, 카페베네, 할리스커피) 10% 청구 할인
기타: Green & Service
유의사항: 꼭 확인하세요!"
630,Easy all 카드,KB국민카드,"20,000","20,000","선택형: Easy all 선택 서비스(택1)
선택형: 1. Auto 모드 (많이 쓴 영역에서 자동 캐시백)
2. DIY 모드 (원하는 영역에서 자유롭게 청구할인)
프리미엄: Visa Young Premium 서비스
유의사항: 꼭 확인하세요!"
631,[NH농협] 그린카드v2,NH농협카드,,"10,000","모든가맹점: 국내 전 가맹점 0.2%~1.0% 에코머니 포인트적립
온라인쇼핑: 온라인 업종 5% 에코머니 포인트적립
생활: 생활요금 자동이체 5% 에코머니 포인트 적립
대중교통: 버스, 지하철 10% ~20% 에코머니 포인트 적립
교통: KTX, 고속버스 적립
영화: 온라인 영화예매 할인
카페: 커피 10% 청구할인
기타: Green & Service
기타: 에코머니 포인트
유의사항: 꼭 확인하세요!"
632,[DGB대구] 그린카드v2,iM뱅크,"10,000","12,000","모든가맹점: 국내 전 가맹점 0.1%~1.0% 에코머니 포인트적립
온라인쇼핑: 온라인 업종 5% 에코머니 포인트적립
생활: 생활요금 자동이체 5% 에코머니 포인트 적립
대중교통: 버스, 지하철 10% ~20% 에코머니 포인트 적립
교통: 철도, 고속버스 5% 에코머니 포인트 적립
영화: 온라인 영화예매(CGV, 롯데시네마) 2,000원 청구할인
기타: Green & Eco 서비스
유의사항: 에코머니 포인트 사용방법
유의사항: 꼭 확인하세요!"
633,[BNK부산] 그린카드v2,BNK부산은행,"10,000","12,000","모든가맹점:  Green&Point : 국내 전 가맹점 0.1%~1.0% 에코머니 포인트적립
기타: GREEN & ECO 서비스
대중교통:  Green&Transport : 버스, 지하철 10% ~20% 에코머니 포인트 적립
교통:  Green&Transport : KTX, 고속버스 5% 에코머니 포인트 적립
온라인쇼핑:  Green&Shopping : 온라인 쇼핑 5% 에코머니 포인트 적립
생활: Green&Energy : 생활요금 자동이체 5% 에코머니 포인트 적립
영화: Green&Cinema : 온라인 영화예매(CGV, 롯데시네마) 2,000원 청구할인
유의사항: 꼭 확인하세요!"
634,Easy all 티타늄카드,KB국민카드,"30,000","30,000","선택형: Easy all 선택 서비스(택1)
선택형: 1. Auto 모드 (많이 쓴 영역에서 자동 캐시백)
2. DIY 모드 (원하는 영역에서 자유롭게 청구할인)
프리미엄: 티타늄 서비스
유의사항: 꼭 확인하세요!"
635,올바른 NEW HAVE카드,NH농협카드,"12,000","12,000","적립: 국내/외 이용가맹점 0.7% NH포인트 적립
적립: 6개 영역 중 당월(1일~말일) 이용금액 1위/2위 영역은 기본적립의 3배/2배 자동적용
공항라운지: 국제공항 라운지 무료이용
금융: 농협 인터넷·모바일·스마트·텔레뱅킹 이체수수료 통합 월 10회
유의사항: 꼭 확인하세요!"
636,올바른 NEW HAVE+카드,NH농협카드,"23,000","25,000","적립: 국내/외 이용가맹점 0.7% NH포인트 적립
적립: 6개 영역 중 당월(1일~말일) 이용금액 1위/2위 영역은 기본적립의 5배/3배 자동적용
금융: 농협 인터넷·모바일·스마트·텔레뱅킹 이체수수료 통합 월 10회
프리미엄 서비스: 브랜드서비스 제공
유의사항: 꼭 확인하세요!"
638,신한 슈퍼SOL 체크,신한카드,,,"모든가맹점: 모든 가맹점 0.3% 포인트 적립
생활: 생활가맹점 총 2% 포인트 적립 (기본 0.3%+추가 1.7%)
쇼핑: 쇼핑가맹점 총 1% 포인트 적립(기본 0.3%+추가 0.7%)
해외이용: 해외 가맹점 이용금액 총 1% 포인트 적립(기본 0.3%+추가 0.7%)
유의사항: 꼭 확인하세요!"
639,Deep On 체크,신한카드,,,"모든가맹점: 국내 전 가맹점 0.2% 포인트 적립
적립: 해외이용 : 해외 전 가맹점(온라인 포함) 0.5% 포인트 적립
해외인출 : 해외 현금인출 1.5% 포인트 적립
간편결제: 특별적립: 간편결제
편의점: 특별적립: 편의점
카페: 특별적립: 커피
디지털구독: 특별적립: 정기결제
프리미엄 서비스: 국제브랜드사(Master)의 플래티늄 서비스 제공
유의사항: 꼭 확인하세요!"
641,신한카드 Global+ 체크,신한카드,,,"모든가맹점: 국내 전가맹점 이용금액의 0.2% 캐시백
대중교통: 대중교통 이용금액의 2% 캐시백(버스/지하철)
카페: 스타벅스 5% 캐시백
해외이용: 해외 전 가맹점(온라인 포함) 1.2% 캐시백,
해외 인출 1건당 US $3 캐시백 제공
프리미엄 서비스: VISA 플래티늄 서비스 제공
유의사항: 꼭 확인하세요!"
642,신한카드 Global Air 스카이패스 체크,신한카드,"10,000","10,000","대한항공: 마일리지 적립 서비스
해외이용: 해외 인출 1건당 US $3 캐시백 제공
프리미엄 서비스: VISA 플래티늄 서비스 제공
유의사항: 꼭 확인하세요!"
643,신한카드 Global Air 아시아나 체크,신한카드,"10,000","10,000","아시아나항공: 마일리지 적립 서비스
해외이용: 해외 인출 1건당 US $3 캐시백 제공
프리미엄 서비스: VISA 플래티늄 서비스 제공
유의사항: 꼭 확인하세요!"
644,JYP Fan’s EDM 체크,신한카드,,,"공연/전시: 국내콘서트/공연 예매 및 팬클럽 가입 이용금액의 5% 캐시백
음원사이트: 음원, 스트리밍(멜론, FLO) 이용금액 5% 캐시백
대중교통: 대중교통(버스-마을, 시내, 시외, 광역, 공항버스/지하철) 이용금액 3% 캐시백
카페: 스타벅스(사이렌오더 포함)/JYP-Soulcup 5% 캐시백
마트/편의점: 편의점(GS25), 올리브영 5% 캐시백
해외이용: 해외 전가맹점(온라인 포함) 이용금액의 1% 캐시백,
해외인출 1건당 3$ 캐시백
유의사항: 꼭 확인하세요!"
645,L.pay 신한카드 체크,신한카드,,,"적립: 국내/해외 이용금액 0.1% 포인트 적립
교통: 후불교통(버스/지하철) 및 택시, 롯데 더드림영역 이용금액 0.5% 포인트 적립
간편결제: 특별적립 대상 롯데 더드림영역에서 L.pay 결제시 최대 2.5% 추가 포인트 적립
유의사항: 꼭 확인하세요!"
646,신한카드 Deep Dream 체크(미니언즈),신한카드,,,"적립: [모두드림] 국내/외 일시불+할부 이용 가맹점 0.2% 기본 포인트 적립
생활: [더해드림] 자주 가는 DREAM영역은 기본의 3배 (총 0.6%) 포인트 적립
생활: [챙겨드림] DREAM영역 중 가장 많이 이용한 영역은 기본의 5배 (총 1.0%) 포인트 자동적립
주유소: 주말(토,일) 전 주유소 리터당 40원 적립
택시: 택시 3,6,9번째 1천원 할인
적립: [반겨드림] 반겨드림 3천 포인트 적립
유의사항: 꼭 확인하세요!"
647,신한카드 S-Line 체크(마이펫),신한카드,,,"모든가맹점: 전 가맹점 이용금액의 0.2% ~ 0.5% 마이신한포인트 적립
푸드: 요식업종 이용금액의 5% 할인
교통: 버스, 지하철 이용금액의 5% 할인(후불교통 카드 선택 시)
SK주유소 주유 시 리터당 40원 할인(후불교통카드 미 선택 시)
쇼핑: 홈쇼핑 이용금액의 5% 할인
해외 이용금액의 5% 할인
금융: 금융 우대 서비스
유의사항: 꼭 확인하세요!"
649,마이핏카드(적립형),KB국민카드,"30,000","30,000","간편결제: 간편결제 1.5% 포인트리 적립
생활: 편의점/택시 1천점 포인트리 적립
쇼핑: 쇼핑/배달 5% 포인트리 적립
유의사항: 꼭 확인하세요!"
650,마이핏카드(할인형),KB국민카드,"10,000","10,000","푸드: 푸드(#외식 #커피) 5% 청구할인
편의점: 편의(#편의점 #뷰티) 5% 청구할인
생활: 생활(#마트 #주유 #통신) 5% 청구할인
쇼핑: 쇼핑/배달 5% 청구할인
유의사항: 꼭 확인하세요!"
651,네이버페이 라인프렌즈 신한카드,신한카드,"7,000","10,000","선택형: 플레이트 디자인 선택 가능
네이버페이: 네이버에서 결제 시 2% 적립
적립: 네이버 외 결제 시 0.5% 적립"
652,올바른 OIL&PASS,NH농협카드,"13,000","15,000","선택형: 팩(PACK) 2종 중 1종 선택
선택형: Best OIL 팩
선택형: Smart PASS 팩
카페: 커피전문점 2,000원 청구할인(월 2회)
편의점: 편의점 1,000원 청구할인(월 2회)
유의사항: 꼭 확인하세요!"
653,Air Money(에어머니)카드,NH농협카드,"15,000","15,000","적립: [기본적립] 국내 0.8%, 해외 1.6% Air Money 적립
적립: [추가적립] 생활 영역 5% Air Money 적립
적립: [보너스적립] 연간 2천만원 이상 이용 시 2만 Air Money 적립
보험사: 여행자 보험서비스 제공
공항라운지: 국내외 공항 라운지 무료 이용 (더 라운지 멤버스)
OK캐쉬백: OK Cashbag 제휴서비스
유의사항: 꼭 확인하세요!"
654,올바른 MYPICK 카드,NH농협카드,"13,000","13,000","할인: 기본서비스(PACK 선택과 상관없이 공통 제공)
푸드: [선택형1] FOOD PACK
쇼핑: [선택형2] SHOPPING PACK
여행/숙박: [선택형3] TRAVEL PACK
병원/약국: [선택형4] MEDI PACK
뷰티/피트니스: [선택형5] HEALTH & BEAUTY PACK
유의사항: 꼭 확인하세요!"
655,Daily With(데일리위드)카드,IBK기업은행,"10,000","12,000","할인: 6대 생활영역 캐시백
푸드: [6대생활영역] 음식점
온라인쇼핑: [6대생활영역] 온라인쇼핑
마트/편의점: [6대생활영역] 대형마트·편의점
통신: [6대 생활영역] 통신비
병원: [6대 생활영역] 병원비
교통: [6대 생활영역] 교통
유의사항: 꼭 확인하세요!"
656,카드의 정석 SSO3 NEW-TRO CHECK,우리카드,,,"직장인: 저녁시간 음식점(주점 포함), 노래방, 커피, 배달앱 캐시백
교통: 교통 캐시백(택시, 대중교통)
쇼핑: 쇼핑 캐시백(대형할인점, 편의점, 뷰티스토어)
해외: 해외가맹점(해외직구 포함) 이용금액의 2.0%~0.5% 캐시백
유의사항: 꼭 확인하세요"
657,taptap DIGITAL,삼성카드,"10,000","10,000","간편결제: 온라인 간편결제 5% 결제일할인
디지털구독: 스트리밍 50% 결제일할인
마트/편의점: 편의점·헬스&뷰티·생활잡화 10% 결제일할인
해외: 해외 1.5% 결제일할인
유의사항: 꼭 확인하세요!"
658,taptap DRIVE,삼성카드,"10,000","10,000","주유소: 주유 리터당 60원~150원 할인
할인: 편의점·커피전문점 10% 할인
쇼핑: 온라인 간편결제·온라인쇼핑몰 1% 할인
해외: 해외 1.5% 결제일 할인
유의사항: 꼭 확인하세요!"
659,taptap SHOPPING,삼성카드,"10,000","10,000","온라인쇼핑: 온라인 쇼핑 5% 할인
쇼핑: 오프라인 쇼핑 5% 할인
디지털구독: 스트리밍 3,000원 할인
해외: 해외 1.5% 할인
유의사항: 꼭 확인하세요!"
660,LIKIT FUN+ 카드,롯데카드,"15,000","15,000","카페: 스타벅스 50% 결제일 할인
간편결제 시 스타벅스 60% 결제일 할인
영화: 롯데시네마, CGV 50% 결제일 할인
대중교통: 시내버스, 지하철 10% 결제일 할인
통신: SKT, KT, LG U+ 10% 결제일 할인
배달앱: 배달의 민족, 요기요 5% 결제일 할인
유의사항: 꼭 확인하세요!"
661,카드의정석 UNTACT AIR,우리카드,"15,000","15,000","생활: 정기결제 10~20% 청구할인
기타: UNTACT AIR 서비스,
UNTACT SPECIAL 서비스
해외: 해외 가맹점 (온라인/오프라인) 1% 적립
유의사항: 꼭 확인하세요!"
662,삼성페이카드,삼성카드,"15,000","15,000","할인: 삼성페이로 결제 시 국내 1% · 1.5% 결제일 할인
해외이용: 삼성페이로 결제 시 해외 오프라인 5% 결제일 할인
해외이용: 해외 1.5% 결제일 할인
할인: 국내 0.5% 결제일 할인
유의사항: 꼭 확인하세요!"
663,롤라카드,롯데카드,"15,000","15,000","적립: 롤라머니 7% 적립
주유소: SK 주유소 롤라머니 1% 적립
기타: [플레이롯데] 롯데 주요 매장 5% 할인
기타: [플레이롤라] 커피, 자동차, 교육, 금융 등 일상생활혜택
[롤라박스] 롤라카드 회원만을 위한 더 특별한 혜택
유의사항: 꼭 확인하세요!"
664,New PAYCO 롯데카드,롯데카드,"15,000","15,000","적립: New PAYCO 롯데카드 이용 시 PAYCO 포인트 적립
유의사항: 꼭 확인하세요!"
665,위메프페이 롯데카드,롯데카드,"20,000","20,000","소셜커머스: 위메프페이 롯데카드 이용 시 위메프페이 포인트 적립 최대 2%
프리미엄 서비스: Platinum Service
유의사항: 꼭 확인하세요!"
666,올바른 FLEX 카드,NH농협카드,"10,000","12,000","카페: 스타벅스(사이렌오더 포함) 50% 청구할인
생활: 유튜브프리미엄, 넷플릭스, 멜론 정기결제 20% 청구할인
배달의민족, 요기요 10% 청구할인
영화: CGV, 롯데시네마 30% 청구할인
기타: 지하철, 버스 7% 청구할인
SKT, KT, LGU+ 7% 청구할인
쇼핑: 쿠팡, G마켓, 11번가, 티몬, 농협몰 5% 청구할인
CU, GS25 5% 청구할인
간편결제: 올원페이(NH앱카드)로 결제 시 건당 1천원 청구할인
공항라운지: 국제공항 라운지 무료이용 연 1회 제공
유의사항: 꼭 확인하세요!"
667,모두의 건강,하나카드,"15,000","15,000","저녁: 저녁식사(오후 6시~9시) 5% 적립
대형마트: 대형마트 5% 적립
카페: 커피 5% 적립
APP: 온라인가맹점 5% 적립
레저/스포츠: 골프/레저 5% 적립
병원: 병원/동물병원 5% 적립
유의사항: 꼭 확인하세요!"
668,go 캐시백 글로벌 체크카드,우체국,,,"해외: 해외 전 가맹점 7% 캐시백
간편결제: 3대 간편결제 5% 캐시백
배달앱: 온라인 식품배달 5% 캐시백
대형마트: 대형마트 5% 캐시백
기타: 우체국 5% 캐시백
면세점: 면세점 5% 캐시백
공항라운지: 공항라운지 서비스(연1회 캐시백)
카페: 커피전문점 5% 캐시백
유의사항: 꼭 확인하세요!"
669,케이뱅크 플러스 체크카드,케이뱅크,,,"모든가맹점: 모든 가맹점에서 0.3% 캐시백
기타: 최대 2만원 3% 특별 캐시백
금융: 모든 은행, GS25 ATM 수수료 무료
유의사항: 꼭 확인하세요!"
670,카카오페이 신한 콘 체크카드,신한카드,,,"적립: 전월 실적 조건 없이 사용 횟수별 최대 2만원 적립
APP: '땡겨요 앱' 이용 시 월 최대 6천원 적립,
'카카오T '이용 시 월 최대 2천원 적립
해외: 해외 전가맹점(온라인 포함) 이용금액 1% 적립
유의사항: 꼭 확인하세요!"
671,BLISS.7 카드(마일리지),IBK기업은행,,"200,000","대한항공: BLISS.7카드 이용금액에 대해서 항공마일리지 적립
바우처: Voucher 제공
프리미엄 서비스: 프리미엄 서비스
프리미엄: VISA Signature Contents
유의사항: 꼭 확인하세요!"
672,BLISS.7 카드(포인트),IBK기업은행,,"190,000","적립: BLISS.7카드 이용금액에 대해서 TOP포인트 적립
바우처: Voucher 제공
프리미엄 서비스: 프리미엄 서비스
프리미엄: VISA Signature Contents
유의사항: 유의사항ㆍ카드 이용 시 제공되는 포인트 및 할인혜택 등의 부가서비스는 카드 신규출시 이후 3년 이상 축소, 폐지 없이 유지됩니다. ㆍ상기에도 불구하고, 다음과 같은 사유가 발생한 ..."
673,스타벅스 현대카드,현대카드,"30,000",,"국내외가맹점: 스타벅스 별 적립
프리미엄 서비스: VISA 플래티넘서비스
MasterCard 플래티넘서비스
유의사항: 꼭 확인하세요!"
674,IBK무민카드(체크),IBK기업은행,,,"대중교통: 버스, 지하철 이용건당 100원 할인
소셜커머스: 쿠팡, 티몬, 위메프 10% 할인
편의점: GS25, CU, 세븐일레븐, 올리브영 5% 할인
영화: CGV, 롯데시네마, 메가박스 4천원 할인
카페: 주요 커피전문점 10% 할인
금융: 금융우대서비스
테마파크: 주요 놀이공원 무료입장 또는 입장료/자유이용권 할인 (월 1회, 연 2회)
유의사항: 꼭 확인하세요!"
675,Air Money(에어머니)체크,NH농협카드,,,"적립: Air Money 적립
기타: SMS 바로 알림 서비스 무료제공
유의사항: 꼭 확인하세요!"
676,올리 POINT 체크,NH농협카드,,,"적립: 국내/외 이용가맹점 0.2% NH포인트 적립
적립: 아래 6개 영역 중 당월(1일~말일) 이용금액 1위/2위 영역은 기본적립의 3배/2배 자동적용
공항라운지: 국제공항 라운지 무료이용
유의사항: 꼭 확인하세요!"
677,배달의민족 비장의카드 V.2,우리카드,"3,000","3,000","배달앱: 배달의민족 1,100원 캐시백
온라인쇼핑: G마켓, 옥션, 우리WON마켓 10% 캐시백
카페: 스타벅스(사이렌오더 포함) 20% 캐시백
기타: 파리바게뜨, 배스킨라빈스, 던킨도너츠 10% 캐시백
대중교통: 전국 시내버스 지하철 2,000원 캐시백
유의사항: 꼭 확인하세요!"
678,신한카드 The More(더모아),신한카드,"15,000","18,000","적립: [기본 적립 서비스] 전 가맹점 결제 금액의 1천원 미만 금액 투자포인트 적립
적립: [추가 적립 서비스] 연간(1월~12월) 총 적립 포인트의 10% 추가 적립(최대 5만 포인트)
적립: [특별 적립 서비스] 특별 적립 가맹점 결제 금액의 1천원 미만 금액 투자포인트 더블 적립
선택형: [선택1] 매월 투자(적립)포인트를 신한은행 달러예금 계좌에 입금
[선택2] 매월 투자(적립)포인트를 신한금융투자 해외투자가능 계좌에 입금
유의사항: 꼭 확인하세요!"
679,샘 쏘영 체크카드,KB국민카드,,,"디지털구독: 멜론, YouTube Premium 5% 환급할인
기타: 문구점 5% 환급할인
독서실 5% 환급할인
편의점: GS25, CU편의점 5% 환급할인
패스트푸드: 패스트푸드점 5% 환급할인
대중교통: 대중교통(버스, 지하철) 5% 청구할인
유의사항: 꼭 확인하세요!"
680,쏘영 체크카드,KB국민카드,,,"디지털구독: 멜론, YouTube Premium 5% 환급할인
기타: 문구점 5% 환급할인
독서실 5% 환급할인
편의점: GS25, CU편의점 5% 환급할인
패스트푸드: 패스트푸드점 5% 환급할인
대중교통: 대중교통(버스, 지하철) 5% 청구할인
유의사항: 꼭 확인하세요!"
681,SSG.COM 삼성카드,삼성카드,"15,000","15,000","적립: SSG.COM 결제 시 1% SSG MONEY 적립
적립: SSG.COM 결제 시 9% SSG MONEY 추가 적립
생활: 생활편의영역 5% SSG MONEY 추가 적립
APP: SSGPAY를 통한 오프라인 간편결제 시 1% SSG MONEY 적립
해외: 해외 1.5% SSG MONEY 적립
디지털구독: 스마일클럽 월 이용료 결제일할인
프리미엄 서비스: Mastercard PLATINUM 등급서비스"
683,TEENS(틴즈) PLUS PONEY 신한카드 체크,신한카드,,,"영화: CGV 2,000원 현장 할인(월 1회)
테마파크: 롯데월드, 서울랜드 50% 할인
푸드: 배스킨라빈스/던킨도너츠/KFC/버거킹 이용금액의 5% 캐쉬백
유의사항: 꼭 확인하세요!"
684,리틀프렌즈 체크카드,하나카드,,,"편의점: 편의점(CU, GS25, 세븐일레븐) 1천원 캐시백
도서: 서점(영풍문고, 반디앤루니스, 교보문고) 1천원 캐시백
베이커리: 베이커리(뚜레쥬르, 파리바게뜨, 던킨도너츠) 1천원 캐시백
유의사항: 꼭 확인하세요!"
685,하이틴즈 체크카드,IBK기업은행,,,"생활: 라이프 할인서비스(편의점/푸드/음료)
기타: 스터디 할인서비스
유의사항: 꼭 확인하세요!"
686,카카오뱅크 mini카드,카카오뱅크,,,"온라인쇼핑: 오프라인은 물론 온라인에서도 결제
대중교통: CU에서는 현금없이 카드로 티머니 간편충전!
기타: 전국 ATM 어디서나 수수료 무료!
유의사항: 꼭 확인하세요!"
687,신한카드 Unboxing,신한카드,"32,000","35,000","쇼핑: 온·오프라인, 대·소형몰 먹거리까지 구분 없이
10% 캐시백 서비스
기타: 언박싱 스페셜 할인 서비스
선택형: 원하는 플레이트 디자인 선택 가능
유의사항: 꼭 확인하세요!"
688,카드의정석 POINT CHECK x 핑크퐁,우리카드,,,"모든가맹점: 모아포인트 0.3 ~ 1.5% 적립
테마파크: 롯데아쿠아리움 및 주요 놀이공원 50% 현장할인
유의사항: 꼭 확인하세요!"
689,해외에선 체크카드,KB국민카드,,,"여행/숙박: 면세점, 항공사, 관광여행사 업종 5% 환급할인
배달앱: 마켓컬리, 배달의민족, 데일리호텔 5% 환급할인
카페: 스타벅스 5% 환급할인
편의점: GS25 편의점 5% 환급할인
소셜커머스: 쿠팡, 위메프, 티몬 5% 환급할인
해외: 해외 물품구매 및 ATM 예금인출 수수료 캐시백
유의사항: 꼭 확인하세요!"
690,모두의 일상 체크카드,하나카드,,,"모든가맹점: [국내] 전월실적 및 횟수 제한 없이 하나머니 0.3%~0.4% 적립
해외: [해외] 전월실적 및 횟수 제한 없이 하나머니 0.4% 적립
유의사항: 꼭 확인하세요!"
691,요기요 삼성카드,삼성카드,"10,000","10,000","배달앱: 요기요 10% 결제일할인
배달앱: 요기요 1% 결제일할인
기타: 커피전문점·편의점·생활잡화 5% 결제일할인
디지털구독: 스트리밍 10% 결제일할인
유의사항: 꼭 확인하세요!"
692,요기요 신한카드,신한카드,"24,000","27,000","배달앱: 요기요 20% 결제일 할인,
요기요 추가 10% 캐시백
디지털구독: OTT 15% 결제일 할인
온라인쇼핑: 온라인 쇼핑몰 건당 2천원 결제일 할인
카페: 스타벅스 사이렌오더, 와인앤모어 10% 결제일 할인
유의사항: 꼭 확인하세요!"
693,신한카드 MY CAR,신한카드,"27,000","30,000","자동차: 자동차 신용결제 구매 캐시백
자동차 오토금융(장기할부) 구매 캐시백
주유: 전국 모든 주유소 이용금액 리터당 80원 결제일 할인
전국 모든 충전소 이용금액 리터당 40원 결제일 할인
정비: 스피드메이트/오토오아시스/현대 블루핸즈/기아 오토큐
연 최대 4만원 결제일 할인 
자동차/하이패스: 전기차 충전/전국 주차장/대리운전/하이패스 요금 할인
카페: 전국 모든 커피전문점 월 최대 2천원 결제일 할인
유의사항: 꼭 확인하세요!"
694,배민현대카드,현대카드,"10,000",,"배달앱: 배민 앱에서 배민페이 결제 시 배민포인트 3% 적립
온라인쇼핑: 온라인 쇼핑 배민포인트 2% 적립
디지털구독: 디지털 콘텐츠 서비스 배민포인트 2% 적립
적립: 그 외 가맹점 배민포인트 0.5% 적립
기타: 배민 앱에서 배민페이 연간 이용금액 10만원 이상 시 차년도 연회비 면제
유의사항: 꼭 확인하세요!"
695,롯데백화점 FLEX카드,롯데카드,"100,000","100,000","모든가맹점: 국내외 가맹점 L.POINT 0.5% 적립
생활: 커피 50% 할인
스트리밍 30% 할인
면세점: 롯데면세점 5~15% 현장할인 (정상가 기준)
프리미엄 서비스: Mastercard World 서비스
유의사항: 꼭 확인하세요!"
696,카드의정석 US,우리카드,"15,000","15,000","자동차: 전기차, 수소차 충전 50% 적립 / 공유 모빌리티 10% 적립
대중교통: 대중교통(버스/지하철) 10% 적립
도서: 알라딘(중고서점 포함) 10% 적립
통신: 통신요금 자동납부 10% 적립
디지털구독: 스트리밍 정기결제 10% 적립 / 전자책 정기결제 10% 적립
간편결제: 주요 간편결제 온/오프라인 이용금액 0.7% 모아포인트 적립
유의사항: 꼭 확인하세요!"
697,탄탄대로 Biz 카드,KB국민카드,,"15,000","선택형: [선택형1] 주유소, 대형할인점, 인터넷쇼핑몰 포인트리 적립
선택형: [선택형2] SK, GS칼텍스 주유소 리터당 130점 포인트리 적립
선택형: [선택형3] 3대 대형할인점(이마트, 홈플러스, 롯데마트), 하나로식자재매장 20% 포인트리 적립
선택형: [선택형4] 6대 인터넷쇼핑몰(G마켓, 옥션, 11번가, 인터파크, 롯데ON, 신세계몰) 20% 포인트리 적립
기타: Biz Basic 서비스
유의사항: 꼭 확인하세요!"
698,신한카드 Finnq(핀크) 체크,신한카드,,,"적립: 핀크머니 0.2% 적립
유의사항: 꼭 확인하세요!"
699,톡톡 with카드,KB국민카드,"12,000","12,000","카페: 스타벅스 50% 할인
디지털구독: 구독(YouTube Premium, 넷플릭스, 웨이브, 티빙) 20% 할인
간편결제: 온라인 간편결제 10% 할인
배달앱: 배달(배달의민족, 요기요) 5% 할인 
대중교통: 대중교통(버스, 지하철) 5% 할인
유의사항: 꼭 확인하세요!"
700,현대카드 M BOOST,현대카드,"30,000","30,000","적립: [기본 적립] 업종별 0.5~3% 적립
월 100만원 이상 이용 시 1.5배 적립
적립: 온라인 간편결제서비스 이용 시 5% M포인트 적립
해외 가맹점 이용 시 5% M포인트 적립
적립: 보너스 리워드 1만 M포인트 적립
무이자할부: 무이자할부 서비스
프리미엄 서비스: VISA 플래티넘 / MasterCard 플래티넘 서비스 제공
VISA Young Premium 서비스 제공
유의사항: 꼭 확인하세요!"
701,현대카드 X BOOST,현대카드,"30,000","30,000","모든가맹점: [기본 할인] 모든 가맹점에서 1%/1.5% 할인
당월 이용금액별 최대 1.5% 할인
할인: 온라인 간편결제서비스 이용 시 5% 할인
해외 가맹점 이용 시 5% 할인
무이자할부: 무이자할부 서비스
프리미엄: VISA 플래티넘 / MasterCard 플래티넘 서비스 제공
VISA Young Premium 서비스 제공
유의사항: 꼭 확인하세요!"
702,현대카드 M2 BOOST,현대카드,"60,000","60,000","적립: [기본 적립] 업종별 0.5~3% 적립
월 100만원 이상 이용 시 1.5배 적립
적립: 온라인 간편결제서비스 이용 시 5% M포인트 적립
해외 가맹점 이용 시 5% M포인트 적립
적립: 보너스 리워드 1만 M포인트 적립
무이자할부: 무이자할부 서비스
프리미엄 서비스: VISA 플래티넘 / MasterCard 플래티넘 서비스 제공
VISA Young Premium 서비스 제공
기타: 현대카드 플래티넘서비스
유의사항: 꼭 확인하세요!"
703,현대카드 M3 BOOST,현대카드,"90,000","90,000","적립: [기본 적립] 업종별 0.5~3% 적립
월 100만원 이상 이용 시 1.5배 / 200만원 이용 시 2배 적립
적립: 온라인 간편결제서비스 이용 시 5% M포인트 적립
해외 가맹점 이용 시 5% M포인트 적립
적립: 보너스 리워드 1만 M포인트 적립
무이자할부: 무이자할부 서비스
프리미엄 서비스: VISA 플래티넘 / MasterCard 플래티넘 서비스 제공
VISA Young Premium 서비스 제공
기타: 현대카드 플래티넘서비스
유의사항: 꼭 확인하세요!"
704,현대카드 X2 BOOST,현대카드,"60,000","60,000","모든가맹점: [기본 할인] 모든 가맹점에서 1%/1.5% 할인
당월 이용금액별 최대 1.5% 할인
할인: 온라인 간편결제서비스 이용 시 5% 할인
해외 가맹점 이용 시 5% 할인
무이자할부: 무이자할부 서비스
프리미엄 서비스: VISA 플래티넘 / MasterCard 플래티넘 서비스 제공
VISA Young Premium 서비스 제공
기타: 현대카드 플래티넘서비스
유의사항: 꼭 확인하세요!"
705,현대카드 X3 BOOST,현대카드,"90,000","90,000","모든가맹점: [기본 할인] 모든 가맹점에서 1%/1.5% 할인
당월 이용금액별 최대 1.5% 할인
할인: 온라인 간편결제서비스 이용 시 5% 할인
해외 가맹점 이용 시 5% 할인
할인: [보너스 캐시백] 당월 이용금액 200만원 이상 시 1만원 캐시백
무이자할부: 무이자할부 서비스
프리미엄 서비스: VISA 플래티넘 / MasterCard 플래티넘 서비스 제공
VISA Young Premium 서비스 제공
기타: 현대카드 플래티넘서비스
유의사항: 꼭 확인하세요!"
706,LOCA MONEY,롯데카드,"20,000","20,000","국내외가맹점: 실적 조건 없는 1% 로카코인 적립
금융 이용 시 2% 로카코인 적립
유의사항: 꼭 확인하세요!"
707,LOCA 100,롯데카드,"20,000","20,000","국내외가맹점: 선넘은 카드의 일당백 할인혜택
어디서나 최대 1% 기본할인
할인: 온라인 1.5% 특별할인
바우처: 큰 금액 이용할 때 6만원 Flex Voucher까지
유의사항: 꼭 확인하세요!"
708,쏘카카드,현대카드,"10,000",,"렌터카: 쏘카 앱 이용 시 최대 3% 크레딧 적립
적립: 특별가맹점 최대 3% 크레딧 적립
(외식, 커피, 영화, 호텔, 프리미엄아웃렛, 대중교통)
적립: 쏘카 앱, 특별가맹점 외 가맹점 1% 적립
유의사항: 꼭 확인하세요!"
709,MULTI Any(멀티 애니) 카드,하나카드,"12,000","12,000","기타: [멀티서비스] 다양한 멀티 시리즈 모바일카드를 한 장의 플라스틱카드로 이용
모든가맹점: 국내외 전 가맹점 0.7% 하나머니 적립
간편결제: 페이결제 1% 하나머니 적립
쇼핑: [쇼핑] 마트, SSM, 백화점 2% 하나머니 적립
배달앱: [딜리버리] 배달의민족, 요기요 3% 하나머니 적립
대중교통: [대중교통] 버스, 지하철 4% 하나머니 적립
유의사항: 꼭 확인하세요!"
710,MULTI On(멀티 온) 카드,하나카드,"12,000","12,000","기타: [멀티서비스] 다양한 멀티 시리즈 모바일카드를 한 장의 플라스틱카드로 이용
모든가맹점: 국내외 전 가맹점 0.7% 하나머니 적립
간편결제: 페이결제 1% 하나머니 적립
온라인쇼핑: [온라인쇼핑] G마켓, 옥션, 11번가, 위메프, 인터파크 2% 하나머니 적립
배달앱: [딜리버리] 배달의민족, 요기요 3% 하나머니 적립
디지털구독: [디지털구독] YouTube Premium, NETFLIX, 쿠팡 로켓와우 4% 하나머니 적립
유의사항: 꼭 확인하세요!"
711,MULTI Living(멀티 리빙) 카드,하나카드,"12,000","12,000","기타: [멀티서비스] 다양한 멀티 시리즈 모바일카드를 한 장의 플라스틱카드로 이용
할인: 매일 청구할인 서비스
페이결제 1% 청구할인, 자동이체 5% 청구할인
할인: 주중 청구할인 서비스
온라인쇼핑/마트 최대 10% 청구할인
할인: 주말 청구할인 서비스
주유(LPG포함)/백화점 최대 10% 청구할인
유의사항: 꼭 확인하세요!"
712,신한카드 국민행복,신한카드,,,"병원/약국: 병원/약국/산후조리원 5% 결제일 할인
온라인쇼핑: 쿠팡, SSG닷컴, 롯데ON, 11번가, G마켓 5% 결제일 할인
교육/육아: 어린이집/유치원 中 부모부담금,
학원, 인터넷서점 (YES24, 알라딘, 교보문고) 10% 결제일 할인
배달앱: 배달의민족, 요기요 10% 결제일 할인
디지털구독: 넷플릭스, 유튜브프리미엄 50% 할인
네이버-플러스멤버쉽, 쿠팡-로켓와우, 롯데ON-롯데오너스 3천원 할인
금융: 신한카드 국민행복 금융서비스
유의사항: 꼭 확인하세요!"
713,신한카드 국민행복 체크,신한카드,,,"병원/약국: 병원/약국/산후조리원 5% 결제일 할인
온라인쇼핑: 쿠팡, SSG닷컴, 롯데ON, 11번가, G마켓 5% 결제일 할인
교육/육아: 어린이집/유치원 中 부모부담금,
학원, 인터넷서점 (YES24, 알라딘, 교보문고) 5% 결제일 할인
배달앱: 배달의민족, 요기요 5% 결제일 할인
디지털구독: 넷플릭스, 유튜브프리미엄 50% 할인
네이버-플러스멤버쉽, 쿠팡-로켓와우, 롯데ON-롯데오너스 3천원 할인
금융: 신한카드 국민행복 금융서비스
유의사항: 꼭 확인하세요!"
714,MULTI Oil(멀티 오일) 카드,하나카드,"15,000","15,000","기타: [멀티서비스] 다양한 멀티 시리즈 모바일카드를 한 장의 플라스틱카드로 이용
주유: 주유/충전 10% 청구 할인(LPG 포함)
카페: 커피 5%  청구 할인
기타: 주차 5% 청구 할인
정비: 차량 정비(엔진오일 교환 시) 2만 5천원 할인
간편결제: 페이결제 1% 하나머니 청구할인
유의사항: 꼭 확인하세요!"
715,MULTI Young(멀티 영) 카드,하나카드,"12,000","12,000","간편결제: [멀티서비스] 다양한 멀티 시리즈 모바일카드를 한 장의 플라스틱카드로 이용
간편결제: 페이결제 1% 하나머니 적립
편의점: 편의점(GS, CU, 이마트24) 10% 청구 할인
배달앱: 딜리버리(배달의 민족, 요기요) 10% 청구 할인
대중교통: 대중교통 10% 청구 할인
통신: 통신요금 자동이체 10% 청구 할인
생활: 전기/도시가스 요금 자동이체 10% 청구 할인
세탁(크린토피아) 10% 청구 할인
디지털구독: 디지털 구독 30% 청구 할인
유의사항: 꼭 확인하세요!"
716,메리어트 본보이™ 더 베스트 신한카드,신한카드,"264,000","267,000","호텔: 전세계 메리어트 참여 호텔 무료 숙박권 제공 (연 1회, 1박 제공)
적립: 메리어트 본보이 포인트 특별 적립 (1천원당, 최대 5 포인트)
메리어트 본보이 포인트 기본 적립 (1천원당, 1 포인트)
적립: 메리어트 본보이 보너스 포인트 제공
멤버십포인트: 메리어트 본보이 엘리트 멤버십 제공
메리어트 본보이™ 엘리트 숙박 크레딧 제공
공항라운지: The Lounge Members 모바일 앱을 통한 전세계 공항 라운지 무료 이용 (연 4회)
유의사항: 꼭 확인하세요!"
717,그랑블루 1st,우리카드,"100,000","100,000","적립: [고액 적립] 최대 1.5% 적립
적립: [특별 적립] 해외, 면세점, 백화점, 이동통신, 병의원, 4대 보험료 최대 2% 적립
적립: [기본적립] 특별 적립 외 국내 적립 대상 가맹점 0.5% 적립
[보너스적립] 12개월마다 20,000점 적립
바우처: 프리미엄 기프트 5만원 상당 제공(연 1회, 택 1)
프리미엄 서비스: 전세계 공항 라운지 무료 이용 서비스
국내 지정 골프장 무료 커피 제공(골프장 카페 서비스), 골프연습장 무료 제공(골프연습장 타석 서비스)
주유: SK 주유 및 충전 시 리터(ℓ)당 60원 청구 할인
여행/숙박: 국내 호텔/리조트/카라반/글램핑 2박 연박 시 1박 무료
해외 패키지 여행 할인 등 제공
기타: 개인사업자 Win-Tax 서비스
유의사항: 꼭 확인하세요!"
718,국민행복 삼성카드 V2,삼성카드,,,"국민행복: 정부지원 국가바우처 이용 가능
쇼핑: 백화점·프리미엄 아울렛·할인점·온라인쇼핑몰·생활잡화·신선식품 배송 7% 결제일할인
교육/육아: 의료·산후조리원·학원·학습지·온라인서점·어린이집·유치원·주유 7% 결제일할인
공과금: 아파트 관리비·도시가스요금·전기요금·4대 사회보험·보험·통신·렌탈 자동납부 연결 시 7% 결제일할인
디지털구독: 스트리밍 3,000원 결제일할인
해외: 해외 1.5% 결제일할인
기타: 임신, 출산, 육아 등 국가가 지원하는 바우처를 해당 카드로 이용 가능,
신세계백화점 제휴 서비스
유의사항: 꼭 확인하세요!"
719,WON DISCOUNT(원 디스카운트) AIR,우리카드,"10,000","10,000","할인: 할인한도, 전월실적조건 없이 0.7% 기본할인
디지털구독: 넷플릭스, 멜론 10% 할인
배달앱: 배달의민족 10% 할인
카페: 스타벅스 사이렌오더 10% 할인
자동차: 전기차 충전 할인 10%
생활: 일상 생활(대중교통, 휴대전화, 해외) 할인 5%"
720,WON POINT(원 포인트) AIR,우리카드,"10,000","10,000","적립: 0.8% 기본적립
디지털구독: 넷플릭스, 멜론 5% 적립
배달앱: 배달의민족 5% 적립
카페: 스타벅스 사이렌오더 5% 적립
자동차: 전기차 충전 적립 5%
생활: 일상 생활(대형마트, 슈퍼마켓, 영화, 커피, 대중교통, 휴대전화, 해외) 적립 1%
온라인쇼핑: 온라인쇼핑 적립 3%"
721,국민행복카드 S2,우리카드,,,"국민행복: 쇼핑/생활 업종(백화점, 대형할인점, 온라인쇼핑, 이동통신, 생활월납, 렌탈) 5% 청구할인
국민행복: 의료(임신·출산) / 보육(교육) 업종 7% 청구할인
디지털구독: 언택트 라이프 업종(영상, 음원, 전자도서, 멤버십) 20% 청구할인
해외: 해외가맹점(해외직구 포함) 이용금액 청구할인
여행/숙박: 프리미엄 투어 서비스
유의사항: 꼭 확인하세요!"
722,국민행복 체크카드 S2,우리카드,,,"국민행복: 쇼핑/생활 업종(백화점, 대형할인점, 온라인쇼핑, 이동통신, 생활월납, 렌탈) 2% 캐시백
국민행복: 의료(임신·출산) / 보육(교육) 업종 3% 캐시백
디지털구독: 언택트 라이프 업종(영상, 음원, 전자도서, 멤버십) 10% 캐시백
해외: 해외가맹점(해외직구 포함) 이용금액 캐시백
유의사항: 꼭 확인하세요!"
723,IBK무민카드(신용),IBK기업은행,"10,000","10,000","카페: 주요 커피전문점 20% 할인
온라인쇼핑: 쿠팡, 티몬, 위메프 20% 할인
쇼핑: GS25, CU, 세븐일레븐, 올리브영 10% 할인,
이마트, 홈플러스, 롯데마트 5% 할인
영화: CGV, 롯데시네마, 메가박스 1만원 할인
대중교통: 버스, 지하철 이용건당 200원 할인
주유: 전 주유소 리터당 60원 할인(LPG포함)
금융: 금융우대서비스(각종 수수료 면제)
테마파크: 놀이공원 할인
유의사항: 꼭 확인하세요!"
724,the Purple osée,현대카드,"800,000","800,000","바우처: [공통 제공 혜택]
트래블·호텔·쇼핑 영역별 최대 4매, 총 60만원까지 연 1회 선택 가능
적립: [선택 제공 혜택]
항공마일리지(대한항공/아시아나항공) 또는 M포인트 적립
적립: 연간 이용실적 4,000만원 충족 시 로열티 보너스 제공(연 1회, 택 1)
프리미엄: 신규 발급 시 본인 회원에 한해 1회 무료로 특수 소재 플레이트 제공,
전 세계 800여 개 공항 라운지 무료 이용 가능한 Priority Pass 카드 제공 외
유의사항: 꼭 확인하세요!"
725,새로이 체크카드,KB국민카드,,,"편의점: GS25 편의점 5% 할인
생활: 쏘카, 야놀자, LiivM 이동통신 5% 할인
카페: 스타벅스, 파리바게뜨 5% 할인
디지털구독: 멜론, 지니, 넷플릭스, 웨이브 월정액 결제시  5% 할인
도서: 교보문고, 어학시험응시료(온라인접수) 5% 할인
유의사항: 꼭 확인하세요!"
726,알뜰폰 Hub 카드,KB국민카드,"20,000","20,000","통신: 알뜰폰 통신료 자동이체 최대 1만 5천원 할인 서비스
프리미엄: 티타늄 전용 서비스(공항/호텔 발레바킹, 공항 라운지 등)
유의사항: 꼭 확인하세요!"
727,알뜰폰 Hub Ⅱ 카드,KB국민카드,"15,000",,"통신: 알뜰폰 통신료 자동이체 할인 서비스
유의사항: 꼭 확인하세요!"
728,언택트 L 하나카드,하나카드,"10,000","10,000","간편결제: 간편결제 최대 10% 할인
온라인쇼핑: 온라인쇼핑, 홈쇼핑 5% 할인
배달앱: 배달앱 5% 할인
대중교통: 교통 최대 5% 할인
유의사항: 꼭 확인하세요!"
729,삼성스토어 BENEFIT 삼성카드,삼성카드,"20,000","20,000","온라인쇼핑: 삼성닷컴 3% 결제일할인
공과금/렌탈: 생활요금 자동납부 5%·10% 결제일할인
생활: 주유·온라인쇼핑몰 3%·6% 결제일할인
기타: 라이트할부 이용 시 삼성케어플러스 3,000원~5,000원 결제일할인
제휴/PLCC: 삼성스토어 24·36개월 라이트할부 제공,
삼성스토어 라이트할부 이용 시 10,000원~20,000원 결제대금 차감"
730,현대카드Z family,현대카드,"10,000",,"온라인쇼핑: 온라인쇼핑몰 이용금액의 10% 청구 할인
대형마트: 대형마트 이용금액의 10% 청구 할인
배달앱: 배달 앱 이용금액의 10% 청구 할인
주유소: 주유 시 리터당 100원 청구 할인
생활: 생활요금 정기결제 시 7% 청구 할인
무이자할부: 모든 가맹점에서 2~3개월 무이자할부 혜택 제공
유의사항: 꼭 확인하세요!"
731,현대카드Z work,현대카드,"10,000",,"카페: 커피전문점 이용금액의 50% 청구 할인
편의점: 편의점 이용금액의 10% 청구 할인
대중교통: 대중교통 이용금액의 10% 청구 할인
간편결제: 온라인 간편결제 이용금액의 10% 청구 할인
통신: 이동통신요금 정기결제 시 7% 청구 할인
무이자할부: 모든 가맹점에서 2~3개월 무이자할부 혜택 제공
유의사항: 꼭 확인하세요!"
732,현대카드Z ontact,현대카드,"10,000",,"간편결제: 온라인 간편결제 이용금액의 10% 청구 할인
온라인쇼핑: 온라인쇼핑 멤버십 이용금액의 70% 청구 할인
디지털구독: 디지털 콘텐츠 서비스 이용금액의 30% 청구 할인
배달앱: 배달 앱 이용금액의 10% 청구 할인
카페: 커피전문점 스마트오더 이용금액의 50% 청구 할인
무이자할부: 모든 가맹점에서 2~3개월 무이자할부 혜택 제공
유의사항: 꼭 확인하세요!"
733,무신사 현대카드,현대카드,"10,000",,"온라인쇼핑: 무신사 및 솔드아웃에서 결제 시 5% 청구 할인
적립: 그 외 가맹점에서 결제 시 무신사 적립금 1% 적립
유의사항: 꼭 확인하세요!"
734,MULTI Global(멀티 글로벌) 카드,하나카드,"12,000","12,000","기타: [멀티서비스] 다양한 멀티 시리즈 모바일카드를 한 장의 플라스틱카드로 이용
모든가맹점: 국내외 전 가맹점 0.8% 하나머니 적립
간편결제: 페이결제 1% 하나머니 적립
항공권: [여행] 대한항공, 아시아나, 에어부산, 에어서울, 진에어, 제주항공 2% 하나머니 적립
여행/숙박: [여행] 아고다, 익스피디아, 호텔스닷컴 2% 하나머니 적립
면세점: [여행] 롯데, 신라, 신세계, 현대백화점 면세점 3% 하나머니 적립
기타: [여행] KLOOK 4% 하나머니 적립
프리미엄: 인천공항 라운지 본인 무료 입장,
해외가맹점 결제 시 국제 브랜드 수수료 면제 (1.1%)
유의사항: 꼭 확인하세요!"
735,커피빈 신용카드,KB국민카드,"20,000","20,000","카페: 커피빈 이용 시 청구 할인(최대 1만 8천원),
커피빈 모바일 쿠폰 제공(1만원권)
생활: 주요 생활 영역 5% 청구 할인
유의사항: 꼭 확인하세요!"
736,American Express® Reserve,삼성카드,,"150,000","적립: 국내외 가맹점 기본 1% 멤버십리워즈 적립
온라인쇼핑·해외 추가 4% 멤버십리워즈 적립
생활: 라이프스타일 30% 결제일할인
프리미엄 서비스: 특수 소재 플레이트(Special Plate) 제공
유의사항: 꼭 확인하세요!"
737,American Express® Gold,삼성카드,"300,000","300,000","적립: 국내 이용금액의 1%, 해외·면세점 이용금액의 2% 멤버십리워즈 적립
공항: 인천공항 주차요금 10,000원 결제일할인
통신: 와이파이도시락 10,000원 결제일할인
영화: CGV·롯데시네마에서 영화 티켓 5,000원 결제일할인
카페: 스타벅스 20% 결제일할인
프리미엄: 아멕스 서비스(발렛파킹, 공항라운지, PLATINUM ELITE 등급 서비스 등)"
738,신한카드 혼디모앙,신한카드,"30,000","33,000","적립: 일시불 · 할부 이용금액 0.2% 포인트 적립
전월 이용금액별 0.3%~0.6% 포인트 추가 적립
대형마트: 주요 마트 최대 10% 적립
주유: 모든 주유소 이용금액 5% 포인트 적립
전기차 충전소 이용금액 30% 포인트 적립
레저/스포츠: 실외 골프장, 제주신화월드 이용금액 5% 포인트 적립
에이바우트커피 이용금액 10% 포인트 적립
온라인쇼핑: 온라인 쇼핑몰 이용 시 2,500원 결제일 할인
대중교통: 버스 이용금액 10% 결제일 할인 
통신: 이동통신요금 자동이체 5% 결제일 할인
유의사항: 꼭 확인하세요!"
739,나라사랑체크카드,KB국민카드,,,"기타: 군마트(P.X) 및 GS25 해군마트 환급할인
군 KT공중전화 할인
쇼핑: GS리테일 팝서비스
대중교통: 대중교통(전국 버스/지하철) 20% 청구할인
OTT/영화/문화: CGV 35% / 스타벅스 20% / 아웃백, VIPS 20%
/ 에버랜드, 롯데월드 현장예매 50% 환급할인
교육/육아: 교보문고 5% 환급할인
TOEIC, JPT 응시료 2,000원 환급할인
통신: 이동통신 자동납부 2,500원 환급할인
쇼핑: GS홈쇼핑, CJ홈쇼핑, G마켓, 옥션 5% 환급할인
유의사항: 꼭 확인하세요!"
740,Hyundai Mobility(모빌리티) 카드,현대카드,"30,000",,"멤버십포인트: 업종별 블루멤버스 포인트 최대 3% 적립
멤버십포인트: Bluemembers 멤버십 서비스
기타: 플레이트"
741,Hyundai Mobility(모빌리티) Platinum,현대카드,"70,000",,"멤버십포인트: 업종별 블루멤버스 포인트 최대 3% 적립
멤버십포인트: Bluemembers 멤버십 서비스
프리미엄: 현대카드 플래티넘서비스
프리미엄: VISA/MasterCard 플래티넘서비스
기타: 플레이트"
742,알뜰교통카드,신한카드,,"12,000","대중교통: 대중교통(버스, 지하철) 이용 시 10% 결제일 할인
택시 이용 시 10% 결제일 할인
마트/편의점: 3대 마트(이마트, 롯데마트, 홈플러스) 주말 10% 결제일 할인
편의점, 병원/약국 10% 결제일 할인(동물병원 제외)
카페: 커피전문점 이용 시 10% 결제일 할인
자동차/하이패스: 전기차 이용자를 위한 혜택
자동차 보험료 3만원 할인, 충전요금 30~50% 할인, 하이패스 10% 캐시백
유의사항: 꼭 확인하세요!"
743,알뜰교통카드 S20 체크,신한카드,,,"교통: 전국 지하철/버스/택시 이용 시 10% 캐시백
테마파크: 전국 유명 놀이공원 본인 자유이용권 50% 할인
영화: 온라인 영화 최대 2,000원 할인
편의점: GS25 이용 시 2~7% 캐시백
도서: 교보문고/반디앤루니스 5% 캐시백
학원: 어학원 강좌(YBM시사, 파고다) 5% 캐시백
TOEIC 응시료 2천원 캐시백
통신: 이동통신요금 자동 이체 시 2~3천원 캐시백
카페: 커피전문점(스타벅스/커피빈) 20% 캐시백
패밀리레스토랑: T.G.I Friday`s 20% 캐시백
유의사항: 꼭 확인하세요!"
744,IKEA(이케아) Family with 신한카드,신한카드,,"15,000","쇼핑: IKEA 매장(푸드 제외) 이용 시 이용금액의 10% 결제일 할인
IKEA 푸드 이용 시 이용금액의 15% 결제일 할인
쇼핑: 백화점/프리미엄 아울렛 및 대형 할인점 5% 결제일 할인
편의점: 편의점 5% 결제일 할인
영화: 영화 예매 5% 결제일 할인
카페: 커피 5% 결제일 할인
통신: 이동통신요금 자동이체 5% 결제일 할인
유의사항: 꼭 확인하세요!"
745,알뜰교통 my pass 마패 신용카드(Hana-BC),하나카드,,"17,000","대중교통: 대중교통 20% 청구할인
편의점: 편의점 10% 청구할인
카페: 커피 10% 청구할인
유의사항: 꼭 확인하세요!"
746,알뜰교통 비바 e 플래티늄 체크카드,하나카드,,,"대중교통: 대중교통 15% 캐시백
온라인쇼핑: 국내 온라인 쇼핑 최대 5천원 캐시백
해외: 해외 직접 구매 배송 대행료 20% 할인,
해외 이용 수수료 우대
유의사항: 꼭 확인하세요!"
747,Liiv M Ⅱ 카드,KB국민카드,"15,000","15,000","통신: Liiv M 통신료 자동이체 최대 1만 7천원 할인
유의사항: 꼭 확인하세요!"
748,이지캐시백,IBK기업은행,,,"할인: 국내외 전 가맹점 이용금액의 0.2% 캐시백
점심・저녁시간에는 국내 전 가맹점 3배 캐시백
금융: [금융우대서비스] 전자금융・ATM 출금 및 이체수수료 면제
유의사항: 꼭 확인하세요!"
749,VIVA X 체크카드,하나카드,,,"해외이용: 해외 가맹점 이용 수수료 면제 서비스
수수료우대: 해외 ATM 인출 수수료 면제 서비스
할인: 국내 가맹점 0.3% 캐쉬백
유의사항: 꼭 확인하세요!"
750,하나 국민행복 체크카드,하나카드,,,"생활: 요식/대형마트/백화점/병원/약국/인터넷 쇼핑몰 0.5% 캐시백
통신: 휴대폰 요금 자동이체 3천원 캐쉬백
유의사항: 꼭 확인하세요!"
751,KB국민 국민행복카드,KB국민카드,,,"국민행복: 국가바우처 제공
쇼핑: 대형마트/온라인쇼핑몰/홈쇼핑 5% 할인
교육/육아: 키즈카페/문화센터/학습지 5% 할인
공과금: 통신료/아파트관리비 5% 할인
보험사: 단체보험 무료가입
유의사항: 꼭 확인하세요!"
752,KB국민 국민행복체크,KB국민카드,,,"국민행복: 국가바우처
병원: 병원 5% 할인
교육/육아: 키즈카페/문화센터/학습지 5% 청구할인
보험사: 단체보험 무료가입
유의사항: 꼭 확인하세요!"
753,아모레퍼시픽 신한카드,신한카드,,"17,000","화장품: 아모레퍼시픽 12% 적립
쇼핑: 특별가맹점(할인점, 백화점, 면세점, 카페 등) 5% 적립
유의사항: 꼭 확인하세요!"
754,국민행복 삼성체크카드 V2,삼성카드,,,"국민행복: 정부지원 국가바우처 이용 가능
쇼핑: 백화점·프리미엄 아울렛·할인점·온라인쇼핑몰·생활잡화·신선식품 배송 2% 캐시백
생활: 의료·산후조리원·학원·학습지·온라인서점·어린이집·유치원 2% 캐시백
기타: 신세계백화점 제휴 서비스"
755,LIKIT fun 체크카드,롯데카드,,,"카페: 스타벅스, 엔제리너스 1천원 캐시백
영화: 롯데시네마, CGV 2천원 캐시백
편의점: 세븐일레븐, GS25, CU 1천원 캐시백
통신: SKT, KT, LG U+ 2천원 캐시백
유의사항: 꼭 확인하세요!"
756,LIKIT all 체크카드,롯데카드,,,"할인: 국내(온·오프라인) 가맹점 0.2% 캐시백
주말 및 공휴일 0.2% 추가 캐시백
유의사항: 꼭 확인하세요!"
757,LIKIT on 체크카드,롯데카드,,,"온라인쇼핑: 온라인 이용 건 3% 캐시백
쇼핑: 쿠팡, 티몬, 위메프, 11번가, 옥션, G마켓 5% 캐시백
유의사항: 꼭 확인하세요!"
758,다이소 신한카드,신한카드,,"10,000","생활: 다이소 30% 할인
편의점: GS25, CU 10% 할인
카페: 스타벅스, 커피빈 10% 할인
영화: CGV, 롯데시네마 20% 할인
베이커리: 파리바게뜨, 뚜레쥬르 10% 할인
유의사항: 꼭 확인하세요!"
759,다이소 신한카드 체크,신한카드,,,"생활: 다이소 20% 캐시백
편의점: GS25 10% 캐시백
카페: 스타벅스 10% 캐시백
영화: CGV 20% 캐시백
유의사항: 꼭 확인하세요!"
760,Young Youth 체크카드,KB국민카드,,,"편의점: GS25 5% 환급할인
화장품: 올리브영 5% 환급할인
패스트푸드: 패스트푸드 업종 5% 환급할인
도서: 서점업종 5% 환급할인
소셜커머스: 소셜커머스 5% 환급할인 (쿠팡, 티몬, 위메프)
영화: CGV 5% 환급할인
교통: 티머니 서비스 소개
유의사항: 꼭 확인하세요!"
761,Hole In:WON(홀인원) 카드,우리카드,"49,000","49,000","적립: 골프, 여가 영역 5% 적립
해외 3% 적립, 기본 0.5% 적립
골프: 국내 지정 골프장 커피(4잔) 무료 제공
국내 지정 골프연습장 타석권 무료 제공
생활: 주유, 전기차, 커피전문점 할인 서비스
프리미엄 서비스: MasterCard Platinum 서비스
유의사항: 꼭 확인하세요!"
762,NU 오하쳌(오늘하루체크),우리카드,,,"온라인쇼핑: 온라인 쇼핑 5% 캐시백
간편결제: 간편결제 5% 캐시백
생활: 안경/렌즈 5% 캐시백
카페: 커피 5% 캐시백
배달앱: 배달/주문 5% 캐시백
대중교통: 대중교통(버스/지하철) 5% 캐시백
통신: 이동통신 5% 캐시백
해외: 해외 5% 캐시백
기타: OTT서비스, 공연티켓, 어학시험 5% 캐시백
유의사항: 꼭 확인하세요!"
763,the Pink,현대카드,"150,000","150,000","모든가맹점: 국내외 가맹점 1% 적립
월 200만원 이상 이용 시 2배, 월 100만원 이상 이용 시 1.5배 적립
기타: M포인트로 상품권 교환, 면세점에서 사용 가능한 the Pink 바우처 교환(10만원권)
바우처: the Pink 최초 발급 시 웰컴 바우처 10만원권 1매 제공
연회비지원: 7만 M포인트 적립 또는 연회비 7만원 감면(택 1)
프리미엄: 인천국제공항라운지, 발레파킹 무료 서비스 제공
프리미엄 서비스: VISA Signature 서비스
MasterCard World 서비스
유의사항: 꼭 확인하세요!"
764,카카오페이 신용카드,삼성카드,"10,000","10,000","통신: 이동통신요금 카카오페이포인트 3,000P 적립
디지털구독: 스트리밍 10% 카카오페이포인트 적립
해외: 해외 1% 카카오페이포인트 적립
기타: 플레이트 디자인 선택가능
카카오페이: 카카오페이로 카카오톡 선물하기 결제 시 3% 카카오페이포인트 적립
카카오페이: 카카오페이로 결제 시 2% 카카오페이포인트 적립
적립: 전월 이용금액에 관계없이, 적립한도 없이 국내 가맹점 1% 카카오페이포인트 적립"
765,010PAY 체크카드,우리카드,,,"혜택 프로모션: 신규 발급 010PAY 웰컴 포인트 5,000P 적립
적립: 결제 금액 최대 0.4% 적립
적립: 매월 3번, 응DAY엔 결제금액 3.3% 추가적립
기타: 계좌 잔액이 부족해도 휴대폰 소액결제로 010PAY 머니 충전 가능
선택형: 마음에 드는 카드를 선택하세요!
유의사항: 꼭 확인하세요!"
766,몰테일 플러스 하나카드,하나카드,"15,000","15,000","할인: 국내 가맹점 0.7% 청구할인
할인: 국내 온라인 가맹점 1.7% 청구할인
해외: 해외 가맹점 1.7% 청구할인
기타: 몰테일캐시 2% 적립,
몰테일 배송료 할인
유의사항: 꼭 확인하세요!"
767,go 캐시백 글로벌 하이브리드,우체국,,,"해외: 해외 전 가맹점 7% 캐시백
간편결제: 3대 간편결제 5% 캐시백
배달앱: 온라인 식품배달 5% 캐시백
대형마트: 대형마트 5% 캐시백
기타: 우체국 5% 캐시백
면세점: 면세점 5% 캐시백
공항라운지: 공항라운지 서비스(연1회 캐시백)
카페: 커피전문점 5% 캐시백
하이브리드: 하이브리드 후불교통 및 소액신용결제
유의사항: 꼭 확인하세요!"
768,Green Wave 1.5℃카드,KB국민카드,"15,000",,"자동차: 전기/수소차 충전소, 버스/지하철, 철도 10% 포인트리 적립
공유 모빌리티 20% 포인트리 적립
쇼핑: 친환경 마켓 20% 포인트리 적립
업사이클링 제품, 반려식물 10% 포인트리 적립
디지털구독: 모바일단독카드 이용 시, 영상/음원 건당 5천원 이상 이용 시 포인트리 1천점 적립(월1회)
굿윌스토어 건당 2만원 이상 이용 시 포인트리 1천점 적립(월2회)
기타: 기부포인트 적립 서비스
유의사항: 꼭 확인하세요!"
769,가온올림카드(실속형),KB국민카드,"15,000","15,000","적립: [기본적립] 국내 가맹점 0.7% 기본적립
적립: [추가 적립] 주말/공휴일 국내 가맹점 0.5% 추가적립
푸드: [추가 적립] 음식점, 커피 전문점 업종 0.5% 추가적립
교통: [추가 적립] 버스/지하철, 택시 0.5% 추가적립
통신: [추가 적립] 이동통신요금 0.5% 추가적립
할인: 해외이용금액 1.7% 할인 캐시백
영화: CGV/메가박스 온라인 영화 예매 청구할인
테마파크: 롯데월드/에버랜드/캐리비안베이 현장할인
유의사항: 꼭 확인하세요!"
770,그린재킷 체크카드,KB국민카드,,,"골프: 골프연습장/스크린골프, 골프관광(그린재킷 투어) 5% 환급할인
골프웨어/골프용품 5% 환급할인
주유소: 주유소 5% 환급할인
보험사: 보험료 자동납부 5% 환급할인
멤버십포인트: 해피포인트 멤버쉽 최대 5% 현장적립
유의사항: 꼭 확인하세요!"
771,L.pay 롯데카드 Ⅱ,롯데카드,"10,000","10,000","간편결제: 지난달 실적 30만원 이상 시, 1.5%~1.0% L.POINT 적립
유의사항: 꼭 확인하세요!"
772,BLISS.5 카드(마일리지),IBK기업은행,,"95,000","대한항공: 국내외 일시불, 유이자할부금액에 대해서 1,500원당 1마일 적립
제휴항공사 | 대한항공
기차: KTX/SRT 승차권 및 철도 여행상품 3%~10% 할인 서비스
영화: 영화예매 할인 서비스・CGV 콤보 무료 이용 서비스
카페: 카페아티제 본인 음료 구매 시 동반자 1인에게 무료 음료 제공
금융: 바로알림(SMS) 서비스 무료 가입
바우처: Voucher Service 종류(택1)
프리미엄 서비스: Premium Service
유의사항: 유의사항ㆍ카드 이용 시 제공되는 포인트 및 할인혜택 등의 부가서비스는 카드 신규출시 이후 3년 이상 축소, 폐지 없이 유지됩니다. ㆍ상기에도 불구하고, 다음과 같은 사유가 발생한 ..."
773,BLISS.5 카드(포인트),IBK기업은행,,"95,000","적립: 국내외 일시불, 유이자할부금액 1,500원당 10 TOP포인트 적립
기차: KTX/SRT 승차권 및 철도 여행상품 3%~10% 할인 서비스
영화: 영화예매 할인 서비스・CGV 콤보 무료 이용 서비스
카페: 카페아티제 본인 음료 구매 시 동반자 1인에게 무료 음료 제공
금융: 바로알림(SMS) 서비스 무료 가입
바우처: Voucher Service 종류(택1)
프리미엄 서비스: Premium Service
유의사항: 유의사항ㆍ카드 이용 시 제공되는 포인트 및 할인혜택 등의 부가서비스는 카드 신규출시 이후 3년 이상 축소, 폐지 없이 유지됩니다. ㆍ상기에도 불구하고, 다음과 같은 사유가 발생한 ..."
774,쿠팡 롯데카드,롯데카드,"5,000","10,000","온라인쇼핑: 쿠팡 15% 할인
푸드: 롯데리아, 엔제리너스, 나뚜루, TGIF, 보네스뻬, 크리스피크림도넛 10% 할인 (1만원 이상 결제 시 할인)
테마파크: 롯데월드 종합이용권 50% 할인
쇼핑: 롯데백화점, 면세점, 롯데ON, 롯데마트 할인
영화: 롯데시네마 관람료 1,500원 할인
푸드: 미스터피자 15% 현장 할인
멤버십포인트: 롯데 SK 주유포인트 적립
L.POINT 적립
유의사항: 꼭 확인하세요!"
775,해피포인트 우리체크 V.2,우리카드,,,"적립: 해피페이 / 해피오더 / 해피마켓 사용 시, 해피포인트 10% 적립
전월실적 관계없이 사용 횟수에 따라 최대 21,000 해피포인트 적립
해외이용: 해외 이용금액의 1% 해피포인트 적립
해피포인트: 해피포인트 가맹점 이용액 현장 적립
유의사항: 꼭 확인하세요!"
776,홈플러스 삼성카드,삼성카드,"15,000","15,000","대형마트: 홈플러스에서 결제 시 1%·5% 결제일할인(청구할인)
병원/약국: 의료비 5% 결제일할인(청구할인)
주유소: GS칼텍스에서 주유 시 리터당 80원 결제일할인(청구할인)
유의사항: 꼭 확인하세요!"
777,카드의정석 L.POINT,우리카드,"10,000","12,000","멤버십포인트: L.POINT 0.7 ~ 3% 적립
멤버십포인트: 롯데가맹점 1 ~ 2% 추가적립
테마파크: 롯데월드 아쿠아리움 입장권 및 놀이공원 자유이용권 50% 현장할인
유의사항: 꼭 확인하세요!"
778,GS SHOP KB국민카드,KB국민카드,"25,000","25,000","온라인쇼핑: GS SHOP 12% 청구 할인
대형마트: 대형마트 5% 청구 할인
통신: 이동통신 5% 청구 할인
카페: 커피 10% 청구 할인
편의점: 편의점 10% 청구 할인
택시: 택시 10% 청구 할인
레저/스포츠: 미용실/화장품/문화센터/스포츠 5% 청구 할인
유의사항: 꼭 확인하세요!"
779,위메프페이 신용카드,KB국민카드,"20,000","20,000","온라인쇼핑: 위메프 적립 2%
위메프오 적립 1%
생활: 생활영역/구독서비스 적립 5%
적립: 기본적립 0.2%
유의사항: 꼭 확인하세요!"
780,삼성카드 BIZ LEADERS,삼성카드,"20,000","20,000","할인: 국내외 가맹점 0.5% 할인
할인: 온라인쇼핑몰·주유·할인점 3% 결제일할인
할인: 4대 사회보험·손해보험·전기요금·이동통신·인터넷 10% 결제일할인
할인: 4대 사회보험 자동납부 시 납부대행수수료(납부금액의 0.8%) 결제일할인
기타: 부가세환급 편의지원서비스
전자세금계산서 월 250건 무료"
781,IBK hi 카드,IBK기업은행,"2,000","4,000","대중교통: 지하철, 버스 등 최대 300원 할인
교통: 철도, 고속버스, 택시 5% 할인
통신: 휴대폰 이용대금의 3% 할인
주유: GS 주유소 리터당 40원 할인(LPG 포함)
영화: 인터파크, 네이버영화 결제 시 2천원 할인
패밀리레스토랑: 아웃백, 빕스 10% 할인
금융: 당행 ATM 인출 수수료 월 10회 면제 1천만원 대중교통 상해보험 무료가입(선택 시 가입)
당행 환전 수수료 50% 우대(대상통화 USD, JPY, EUR) 등
테마파크: 주요 놀이공원 최대 50% 할인(월간 통합할인한도와 별도로 제공)
유의사항: 꼭 확인하세요!"
782,SC제일은행 글로벌 삼성체크카드,삼성카드,,"1,000","모든가맹점: 국내가맹점 0.2% 캐시백
해외: 해외가맹점 2% 캐시백
수수료우대: 해외CD/ATM 현금인출수수료 US$3 캐시백
유의사항: 꼭 확인하세요!"
783,SSG.COM카드,현대카드,"20,000","20,000","온라인쇼핑: SSG.COM에서 결제 시 2~4% 신세계포인트 적립
생활: 생활편의영역에서 결제 시 3~5% 신세계포인트 적립
유의사항: 꼭 확인하세요!"
784,LG U+ 삼성카드,삼성카드,"20,000","20,000","LGU+: LG U+ 24개월 라이트할부
LGU+: LG U+ 월 통신요금 할인
유의사항: 꼭 확인하세요!"
785,KT 삼성카드,삼성카드,"20,000","20,000","KT: KT 24개월 라이트할부
KT: KT 월 통신요금 할인
유의사항: 꼭 확인하세요!"
786,T멤버십 더블 롯데체크카드,롯데카드,,,"SKT: T멤버십 더블 혜택 
영화: 총 12회 영화 무료 
기타: 연회비 면제 및 SMS무료 서비스 
생활: 롯데카드 공통서비스
유의사항: 꼭 확인하세요!"
787,T멤버십 더블 롯데카드,롯데카드,"8,000","10,000","SKT: T멤버십 더블 혜택 
주유소: SK주유소  할인권 5천원 제공
대형마트: 3대마트 할인권 5천원 제공
영화: 총 12회 영화 무료 
생활: 롯데카드 공통서비스
유의사항: 꼭 확인하세요!"
788,CJ ONE 삼성카드,삼성카드,"8,000","10,000","CJ ONE: CJ ONE 포인트 2~5배 적립
CJ ONE: 일반 제휴점 이용 시 CJ ONE 포인트 0.5% 특별적립
테마파크: 놀이공원 50%·워터파크 30% 할인
CJ ONE: CJ ONE 멤버십 서비스 제공
푸드: CJ푸드빌 15% 현장할인
영화: CGV 4,000원·8,000원 할인
푸드: CJ푸드빌 20%·30% 현장할인
유의사항: 꼭 확인하세요!"
789,이마트 e카드 Edition2,현대카드,"20,000","20,000","마트/편의점: 이마트 7대 가맹점에서 결제 시 최대 5% 신세계포인트 적립
생활: 생활편의영역에서 결제 시 최대 5% 신세계포인트 적립
모든가맹점: 그 외 모든 가맹점에서 결제 시 최대 0.5% 신세계포인트 적립
유의사항: 꼭 확인하세요!"
790,V Street 카드,롯데카드,"9,000","10,000","쇼핑: V Street 할인서비스
유의사항: 꼭 확인하세요!"
791,코스트코 리워드 비즈니스 현대카드,현대카드,"10,000","10,000","멤버십포인트: 당월 이용금액에 따라 코스트코 리워드 포인트 1~3% 적립
코스트코 매장·온라인몰 / 생활편의영역 / 그 외 가맹점
멤버십포인트: 코스트코 리워드 포인트 연 1회 바우처 교환
멤버십포인트: 연회비 면제 / 코스트코멤버십 연회비 자동납부 서비스
코스트코멤버십카드 기능 추가 
프리미엄 서비스: VISA 브랜드 플래티넘서비스 제공
비즈니스: 코스트코 리워드 비즈니스 현대카드 사업지원서비스"
792,그린기업체크카드,IBK기업은행,,,"적립: [카드서비스] 국내 가맹점 이용금액 0.1% 에코머니 포인트 적립
생활: [그린서비스]
유의사항: 꼭 확인하세요!"
793,DGB biz POINT 체크카드,iM뱅크,,,"적립: [법인포인트적립] 전월실적 조건없이 BC법인포인트 적립
적립: [법인포인트적립] 5,000 BC법인포인트 추가적립
생활: [사업자우대서비스] 지정 예약처를 통해 서비스 이용 시 할인 제공
유의사항: 꼭 확인하세요!"
794,참! 좋은 kt wiz 카드[체크],IBK기업은행,,"3,000","소셜커머스: 쿠팡, 티몬, 위메프 20% 할인
영화: 전국 영화관 및 인터넷 예매 4천원 할인
패밀리레스토랑: 패밀리레스토랑, 불고기브라더스, 주요 커피전문점 20% 할인
테마파크: 주요 놀이공원 무료입장 및 입장료/자유이용권 할인
제휴/PLCC: 케이티 위즈파크 특화서비스
유의사항: 꼭 확인하세요!"
795,세이브존 IBK 체크카드,IBK기업은행,,,"제휴/PLCC: [세이브존 서비스] 세이브플러스 포인트 0.3% 적립
제휴/PLCC: [세이브존 서비스] 세이브존 이용 시 5~~10% 할인 (월2회)
소셜커머스: 쿠팡, 티몬, 위메프 10% 할인
영화: [생활서비스] 전국 영화관 및 인터넷 예매 2천원 할인
패밀리레스토랑: [생활서비스] 패밀리레스토랑 10% 할인
카페: [생활서비스] 주요 커피전문점 10% 할인
금융: [금융우대서비스] 당행 전자금융 및 ATM 수수료 면제
테마파크: 주요 놀이공원 무료입장 또는 입장료/자유이용권 할인
유의사항: 꼭 확인하세요!"
796,참! 좋은친구 청년동행카드(체크),IBK기업은행,,,"소셜커머스: [친구서비스] 쿠팡, 티몬, 위메프 20% 할인
영화: [친구서비스] 전국 영화관 및 인터넷 예매 4천원 할인
패밀리레스토랑: 아웃백, 빕스, 블랙스미스, 토다이 TGIF, 애슐리, 불고기브라더스 20% 할인
카페: 스타벅스, 커피빈, 카페베네, 탐앤탐스, 할리스, 엔제리너스, 달콤커피 20% 할인
금융: 당행 ATM/CD기를 통한 타행이체 수수료 면제
타행 ATM/CD기 출금수수료 면제 (월10회)
테마파크: 놀이공원 할인
유의사항: 꼭 확인하세요!"
797,동반성공카드(체크),IBK기업은행,,,"적립: 국내 및 해외 이용금액 0.1% 적립
유의사항: 꼭 확인하세요!"
798,인피니트카드(INFINITE CARD),IBK기업은행,,"1,000,000","항공마일리지: 대한항공 또는 아시아나 마일리지 적립(택1)
바우처: 가입축하 기념 웰컴기프트 제공
프리미엄 서비스: 인피니트 서비스 제공
유의사항: 꼭 확인하세요!"
799,IBK 각자내기카드,IBK기업은행,,,"적립: 포인트 적립 서비스
기타: 모바일 비망록 서비스
유의사항: 꼭 확인하세요!"
800,Kt텔레캅 안심 Plus 카드,IBK기업은행,,"10,000","제휴/PLCC: KT텔레캅 서비스 자동이체 시 월 1회 청구할인
대중교통: [생활서비스] 교통 3% 할인
대형마트: [생활서비스] 대형마트 5% 할인
영화: [생활서비스] 영화관 2천원 할인
유의사항: [생활서비스] 통합할인한도 안내
유의사항: 꼭 확인하세요!"
802,동반성장카드,IBK기업은행,,,"금융: 전자금융 이체수수료 면제
할부수수료 마지막 회차 면제
유의사항: 꼭 확인하세요!"
803,동반성공카드,IBK기업은행,"15,000,000","5,000","선택형: 포인트, 대한항공, 아시아나 중 택1 가능
주유: Oil Day 주유 리터당 100원 할인
공항라운지: 인천공항 라운지 무료 이용
유의사항: 꼭 확인하세요!"
804,코웨이 IBK 카드,IBK기업은행,"12,000","15,000","렌탈 : 코웨이 렌탈료 자동이체 결제시 최대 23,000원 청구할인
유의사항: 꼭 확인하세요!"
805,파이팅코리아카드,IBK기업은행,"3,000","5,000","보험사: 보험서비스 제공
공항라운지: 공항라운지 연 2회 서비스 제공
적립: Air Money 포인트 적립 및 사용
비즈니스: 출장 지원 서비스
유의사항: 꼭 확인하세요!"
806,파이팅코리아플러스카드,IBK기업은행,"490,000","500,000","프리미엄 서비스: Air Money 포인트 30만점 적립
바우처: 국내선 동반자 무료 항공권 연 1회 제공
바우처: 국내 특급호텔 무료 숙박권 제공
바우처: 해외호텔 무료 숙박권 연 1회 제공
바우처: 제주지역 렌터카 연 1회 제공
공항라운지: 공항라운지 무료 이용
보험사: 보험서비스 제공
프리미엄 서비스: Master Diamond Service Guide
유의사항: 꼭 확인하세요!"
807,일상의 기쁨 Dream 체크카드,IBK기업은행,,,"대중교통: 버스, 지하철 이용건당 100원 할인
편의점: GS25, CU, 세븐일레븐 5% 할인
쿠팡, 티몬, 위메프 10% 할인
영화: CGV, 롯데시네마, 메가박스 4천원 할인
카페: 주요 커피전문점 10% 할인
금융: 금융우대서비스
테마파크: 주요 놀이공원 할인
유의사항: 꼭 확인하세요!"
808,V-BIG멤버스 롯데체크카드(성인여성용),롯데카드,,,"기타: V-BIG멤버스 우대서비스 제공
교통: 캐시비 선불교통 기능 
기타: 연회비 면제 및 SMS무료 서비스 
카드사: 롯데카드 공통서비스
유의사항: 꼭 확인하세요!"
809,American Express Platinum,삼성카드,,"700,000","프리미엄 서비스: 국내 특급 호텔, 해외·백화점 할인 및 Special Plate 제공
모든가맹점: 국내외가맹점 1% 멤버십리워즈 적립
해외: 해외·항공 2% 멤버십리워즈 추가적립
레저/스포츠: 골프·주유·호텔 4% 멤버십리워즈 추가적립
프리미엄 서비스: 아멕스 서비스(발렛파킹, 공항 라운지, THE PLATINUM 등급 서비스 등)
유의사항: 꼭 확인하세요!"
810,현대백화점 체크카드,iM뱅크,,"2,000","백화점: 현대백화점 이용금액 5% 현장할인
주유: 현대오일뱅크(LPG포함) 리터당 40원 결제일 캐시백
카페: 스타벅스, 커피빈, 엔제리너스 10% 결제일 캐시백
영화: CGV 영화할인
학원: 서적 및 토익응시료 할인
패밀리레스토랑: 아웃백, TGIF 결제일 캐시백
캐시백: 소득공제 보너스 캐시백 제공
유의사항: 서비스 제공조건
유의사항: 꼭 확인하세요!"
811,Y+(영플러스)체크카드,iM뱅크,,,"통신: 이동통신요금 자동이체시 3% 결제일 캐시백
카페: 스타벅스 20% 결제일 캐시백
패밀리레스토랑: 블랙스미스, 아웃백 20% 결제일 캐시백
아이스크림: 베스킨라빈스, 던킨도너츠 5% 결제일 캐시백
영화: CGV 최대 6천원 결제일 캐시백
편의점: CU, GS25 5% 결제일 캐시백
도서: 교보문고 매장구입시 2천원 결제일 캐시백
토익응시료 2천원 결제일 캐시백
테마파크: 놀이공원 50% 결제일 캐시백
여행/숙박: 국제선 항공권 10% 할인
해외호텔 10% 할인
금융: 금융수수료 감면서비스
유의사항: 월간통합 할인한도 및 제공조건
유의사항: 꼭 확인하세요!"
812,국민행복카드 체크카드,iM뱅크,,,"선택형: One Card-Multi Service (3가지 중 택 1)
For Baby (A type)
선택형: One Card-Multi Service (3가지 중 택 1)
For Children (B type)
선택형: One Card-Multi Service (3가지 중 택 1)
For Greenren (C type)
기타: 그린카드 멤버십 서비스
바우처: 국민행복카드란?
유의사항: 서비스 이용조건 안내
유의사항: 꼭 확인하세요!"
813,V-BIG멤버스 롯데체크카드(성인남성용),롯데카드,,,"기타: V-BIG멤버스 우대서비스 제공
교통: 캐시비 선불교통 기능 
기타: 연회비 면제 및 SMS무료 서비스 
카드사: 롯데카드 공통서비스
유의사항: 꼭 확인하세요!"
814,해피포인트 DGB체크카드,iM뱅크,"2,000",,"해피포인트: 해피포인트 가맹점 할인 및 적립 
통신: 이동통신요금 자동이체 금액의 3% 결제일 캐시백
영화: 인터넷 영화 예매시 2,000원 결제일 캐시백
교육/육아: 토익응시료 2천원 결제일 캐시백
테마파크: 전국 주요놀이공원 무료입장 및 자유이용권 50% 할인
면세점: 국내면세점 할인쿠폰 서비스
BC TOP: TOP가맹점 이용시 TOP 포인트 적립
교통: 대경교통카드 서비스 (선택사항)
유의사항: 꼭 확인하세요!"
815,대백 플러스 체크카드,iM뱅크,,,"백화점: 대구백화점 5% 전자할인쿠폰 및 주차권 제공 / 대백포인트 적립
캐시백: 연간 천만원 이상 사용시 3만원 추가 캐시백
영화: CGV, 롯데시네마, 메가박스 결제일 캐시백
카페: 스타벅스, 커피빈, 엔제리너스 10% 결제일 캐시백
푸드: 블랙스미스, VIPS 20% 결제일 캐시백
편의점: GS25, 베스킨라빈스, 던킨도너츠 5% 결제일 캐시백
주유: S-oil(LPG포함) 리터당 40원 결제일 캐시백
교통: 대경고통카드 서비스 (선택사항)
유의사항: 꼭 확인하세요!"
816,단디체크카드,iM뱅크,,,"주유소: 전주유소 이용액의 2% 할인(LPG제외)
영화: 전국 주요영화관 1,500원 할인
패밀리레스토랑: 주요 패밀리레스토랑 10% 할인
테마파크: 전국 주요놀이공원 할인
카페: 커피전문점 10% 할인
경기관람: 인터넷 예매 1,500원 할인
도서: 온라인 서적 인터넷 2,000원 할인
금융: 은행 금융서비스 제공
유의사항: 꼭 확인하세요!"
817,해피포인트DGB체크카드(대경교통),iM뱅크,,,"해피포인트: 해피포인트 가맹점 할인 및 적립 
통신: 이동통신요금 자동이체 금액의 3% 결제일 캐시백
영화: 인터넷 영화 예매시 2,000원 결제일 캐시백
교육/육아: 토익응시료 2천원 결제일 캐시백
테마파크: 전국 주요놀이공원 무료입장 및 자유이용권 50% 할인
면세점: 국내면세점 할인쿠폰 서비스
BC TOP: TOP가맹점 이용시 TOP 포인트 적립
교통: 대경고통카드 서비스 (선택사항)
유의사항: 꼭 확인하세요!"
818,Master Y+(영플러스)체크카드(대경교통),iM뱅크,,,"통신: 이동통신요금 자동이체시 3% 결제일 캐시백
카페: 스타벅스 20% 결제일 캐시백
패밀리레스토랑: 블랙스미스, 아웃백 20% 결제일 캐시백
아이스크림: 베스킨라빈스, 던킨도너츠 5% 결제일 캐시백
영화: CGV 최대 6천원 결제일 캐시백
편의점: CU, GS25 5% 결제일 캐시백
도서: 교보문고 매장구입시 2천원 결제일 캐시백
토익응시료 2천원 결제일 캐시백
테마파크: 놀이공원 50% 결제일 캐시백
여행/숙박: 국제선 항공권 10% 할인
해외호텔 10% 할인
금융: 금융수수료 감면서비스
유의사항: 월간통합 할인한도 및 제공조건
유의사항: 꼭 확인하세요!"
819,카카오페이 체크카드,iM뱅크,"2,000",,"카카오페이: 카카오페이 이용금액 15% 결제일 캐시백
온라인쇼핑: G마켓, 옥션, 11번가, 쿠팡, 위메프, 티몬 10% 결제일 캐시백
쇼핑: 오프라인 쇼핑 5% 할인
유의사항: 꼭 확인하세요!
통합할인 한도 및 제공조건"
820,대백 플러스 체크카드(대경교통),iM뱅크,,,"백화점: 대구백화점 5% 전자할인쿠폰 및 주차권 제공 / 대백포인트 적립
캐시백: 연간 천만원 이상 사용시 3만원 추가 캐시백
영화: CGV, 롯데시네마, 메가박스 결제일 캐시백
카페: 스타벅스, 커피빈, 엔제리너스 10% 결제일 캐시백
푸드: 블랙스미스, VIPS 20% 결제일 캐시백
편의점: GS25, 베스킨라빈스, 던킨도너츠 5% 결제일 캐시백
주유: S-oil(LPG포함) 리터당 40원 결제일 캐시백
교통: 대경고통카드 서비스 (선택사항)
유의사항: 꼭 확인하세요!"
821,똑디체크카드(비교통),iM뱅크,"2,000",,"카페: [상품서비스]스타벅스, 이디야 5% 할인(캐시백)
영화: [상품서비스]CGV, 롯데시네마, 메가박스 3,000원 할인(캐시백)
편의점: [상품서비스]CU, GS25 5% 할인(캐시백)
통신: [상품서비스]SKT, KT, LGU+ 휴대폰 자동이체 5% 할인(캐시백)
쇼핑: [상품서비스]올리브영, 다이소 5% 할인(캐시백)
유의사항: 월간통합 할인한도 및 서비스 제공 조건"
822,Master Y+(영플러스)체크카드,iM뱅크,,,"통신: 이동통신요금 자동이체시 3% 결제일 캐시백
카페: 스타벅스 20% 결제일 캐시백
패밀리레스토랑: 블랙스미스, 아웃백 20% 결제일 캐시백
아이스크림: 베스킨라빈스, 던킨도너츠 5% 결제일 캐시백
영화: CGV 최대 6천원 결제일 캐시백
편의점: CU, GS25 5% 결제일 캐시백
도서: 교보문고 매장구입시 2천원 결제일 캐시백
토익응시료 2천원 결제일 캐시백
테마파크: 놀이공원 50% 결제일 캐시백
여행/숙박: 국제선 항공권 10% 할인
해외호텔 10% 할인
금융: 금융수수료 감면서비스
유의사항: 월간통합 할인한도 및 제공조건
유의사항: 꼭 확인하세요!"
823,NEW현대백화점체크카드,iM뱅크,,"2,000","백화점: 현대백화점 이용금액 5% 현장힐인
현대아울렛 이용금액 5% 캐시백할인
진에어: 진에어 항공권 구입금액 5% 캐시백할인
캐시백: 연간 보너스 캐시백 할인
주유: 현대오일뱅크 리터당 40원 캐시백할인(LPG 포함)
카페: 스타벅스, 커피빈, 엔제리너스 10% 캐시백 할인
영화: CGV 3천원 ~ 6천원 캐시백 할인
도서: 교보문고/토익응시료 2천원 캐시백할인
푸드: 아웃백스테이크하우스 , TGIF 1만원 캐시백 할인
유의사항: 월간통합 할인한도 및 서비스 제공조건
유의사항: 꼭 확인하세요!"
824,DGB SOHO 기업카드,iM뱅크,,"5,000","캐시백: 가맹점 대구은행BC카드 매출액의 0.2% 캐시백
[부가서비스] 스페셜 캐시백 제공
생활: 주유, 커피, 쇼핑, 이동통신, 여행, 렌터카 등 생활서비스 할인
비즈니스: 보안서비스 - KT텔레캅 보안서비스 월 이용료 견적가의 25% 할인
부가세환급 - 부가세신고 자료 제공"
825,단디비지니스카드,iM뱅크,,,"주유: GS칼텍스 주유소 이용시 리터당 50원 할인(LPG제외)
무이자할부: 국내 전 가맹점 2~3개월 무이자할부 제공
금융: 부가세환급서비스
기타: 오피스웨이 7% 할인 제공
여행/숙박: 각종 여행 서비스 제공
유의사항: 꼭 확인하세요!"
826,DGB氣UP!카드,iM뱅크,,,"적립: 전 가맹점 0.2% 적립 / 특정업종 0.6% 적립
UP-GRADE(5X) 리워드
비즈니스: 사무용품 할인
유의사항: 꼭 확인하세요!"
827,DGB biz DC카드,iM뱅크,,,"할인: 기본서비스(청구할인)
비즈니스: 사업자우대 서비스
공항라운지: 공항라운지 서비스
유의사항: 서비스 제공조건 및 기타 안내사항 (꼭 확인하세요!)"
828,DGB BIZ+카드,iM뱅크,,,"적립: 포인트적립 서비스
비즈니스: 사업자우대 서비스
유의사항: 꼭 확인하세요!"
829,DGB biz 소호(SOHO)카드,iM뱅크,,,"적립: 포인트적립 서비스
비즈니스: 사업지원 서비스
유의사항: 꼭 확인하세요!"
830,후불 하이패스카드,iM뱅크,,,하이패스: 출퇴근 시간대 통행료 자동할인
831,대백-대구은행카드(퍼플),iM뱅크,"2,000","5,000","백화점: 대구백화점 우대 서비스
주유: 전국 모든 주유소(LPG포함) 이용 시 리터당 60원 청구할인
테마파크: 전국 주요 놀이공원 무료입장 및 자유이용권 50% 할인 (월 1회 놀이공원 통합)
캐시백: 생활 업종 캐쉬백 할인
유의사항: 꼭 확인하세요!"
832,단디[DANDI]카드,iM뱅크,"2,000","12,000","주유: [공통서비스] 주유 리터당 60원 할인
무이자할부: [공통서비스] 전 가맹점 2~3개월 무이자할부 서비스
통신: [공통서비스] 자동이체 이동통신요금의 3% 할인
테마파크: [공통서비스] 전국 주요놀이공원 무료입장 및 자유이용권 50% 할인
생활: [평상시서비스] 생활편의업종 5% 할인
기차: [평상시서비스] 철도이용요금 5% 할인
도서: [평상시서비스] 교보, 영풍문고, YES24, 영광서적, 동보서적 3% 할인
패밀리레스토랑: [평상시서비스] 아웃백, TGIF, VIPS 10% 할인
적립: [세이브서비스] 이용금액 연동 단디세이브 포인트 적립
유의사항: 꼭 확인하세요!"
833,부자되세요 아파트카드,iM뱅크,"10,000","15,000","공과금: 아파트관리비 할인서비스 최대 1만원 청구할인
생활: 생활할인 서비스
병원/약국 업종 5% 할인 및 베이커리 5% 청구할인
영화: 메가박스 현장할인
쇼핑: 패션그룹 형지 할인
여행/숙박: 국내 카라반, 글램핑, 펜션 무료제공
유의사항: 꼭 확인하세요!"
834,국민행복카드 신용카드,iM뱅크,,,"국민행복: 국민행복카드 안내
병원/약국: One Card-Multi Service ( 3가지 중 택 1)
(A type) For Baby
교육/육아: One Card-Multi Service ( 3가지 중 택 1)
(B type) For Children
적립: One Card-Multi Service ( 3가지 중 택 1)
(C type) For Greenren
생활: 공통서비스 안내
유의사항: 꼭 확인하세요!"
835,대백-대구은행카드(블랙),iM뱅크,"2,000","5,000","백화점: 대구백화점 우대 서비스
주유: 전국 모든 주유소(LPG포함) 이용 시 리터당 60원 청구할인
테마파크: 전국 주요 놀이공원 무료입장 및 자유이용권 50% 할인 (월 1회 놀이공원 통합)
캐시백: 생활 업종 캐쉬백 할인
유의사항: 꼭 확인하세요!"
836,DGB 레일플러스포인트카드,iM뱅크,,,"기차: 레일플러스 포인트적립 서비스
생활: [생활할인서비스] 주유, 교통, 편의점, 커피 할인
유의사항: 꼭 확인하세요!"
837,DGB Pet Love 카드,iM뱅크,,"2,000","동물병원: 반려동물 병원 이용시 20% 청구할인
펫샵: 반려동물업종(용품, 식품, 미용 등) 10% 청구할인
애완동물: 반려동물 사랑기금
대형마트: 홈플러스, 이마트, 롯데마트 5~10% 청구할인
푸드: 아웃백, TGIF 20% 청구할인
영화: CGV 3천원 ~ 6천원 영화할인
카페: Sleepless in Seattle 상시 10% 청구할인
유의사항: 통합할인한도 및 서비스 이용조건 (꼭 확인하세요!)"
838,올레 Super DC 대구은행카드,iM뱅크,,"8,000","KT: KT통신료 월 7천원 ~ 1만5천원 청구할인
카페: 슬립리스인시애틀 10% 청구할인
캐시백: 연간 1,500만원 이상 사용 시, 3만원 캐쉬백
BC TOP: 전국 TOP포인트 가맹점에서 TOP포인트 적립
유의사항: 꼭 확인하세요!"
839,부자되세요 홈쇼핑카드,iM뱅크,,,"홈쇼핑: [홈쇼핑할인] 6대홈쇼핑 이용액의 6% 할인
생활: [생활할인] 커피, 베이커리, 영화, 패밀리레스토랑 할인
유의사항: 꼭 확인하세요!"
840,DGB 쇼핑카드,iM뱅크,,"5,000","쇼핑: [쇼핑할인] 국내외 각 분야별 쇼핑 할인
영화: [영화할인] 롯데시네마 4천원 할인
유의사항: 꼭 확인하세요!"
841,GREit(그래잇)카드,iM뱅크,,,"주유: [GREiT 생활서비스] 주유업종 모바일 상품권 서비스
대형마트: [GREiT 생활서비스] 대형마트 할인 서비스
카페: [GREiT 생활서비스] 스타벅스 할인 서비스
생활: [GREiT 생활서비스] SMS무료 및 후불교통카드 
금융: [GREiT 금융서비스] 캐쉬백 / ATM 서비스
유의사항: 꼭 확인하세요!"
842,OIL&LPG카드,iM뱅크,"10,000","15,000","주유: SK주유소 및 충전소 리터당 최대 120원 할인
생활: [생활서비스] 커피 / 편의점 / 주차장 / 약국 / 병의원 1,000원 청구할인
유의사항: 꼭 확인하세요!"
843,DGB ONE 카드,iM뱅크,"2,000","5,000","BC TOP: [무실적서비스] TOP 포인트 적립
테마파크: [유실적서비스/현장할인] 놀이공원 및 영화 할인
캐시백: [유실적서비스/캐쉬백] 외식 및 약국, 편의점 등 캐쉬백 
OK캐쉬백: OK캐쉬백 포인트 적립 및 사용"
844,DGB 세븐캐쉬백카드,iM뱅크,"10,000","12,000","캐시백: 국내 및 해외 가맹점 7% 캐쉬백 제공
유의사항: 서비스 제공조건
유의사항: 꼭 확인하세요!"
845,V-BIG멤버스 롯데체크카드(청소년용),롯데카드,,,"멤버십포인트: V-BIG멤버스 우대서비스 제공
교통: 캐시비 선불교통 기능 
기타: 연회비 면제 및 SMS무료 서비스 
카드사: 롯데카드 공통서비스
유의사항: 꼭 확인하세요!"
846,XPEED 롯데카드,롯데카드,,"10,000","기타: XPEED 초고속 인터넷 10% 할인
백화점: 롯데백화점 상품권 12만원 제공 및 설치비 면제
카드사: 롯데카드 공통서비스 
유의사항: 꼭 확인하세요!"
847,가연 롯데카드,롯데카드,"10,000","15,000","생활: 3대 백화점 및 할인점 등 주요 생활업종 월 최고 5만원 할인
제휴/PLCC: 성혼컨설팅 20%, 웨딩 패키지 20만원 할인
유의사항: 꼭 확인하세요!"
848,강원방송 롯데카드,롯데카드,"5,000","10,000","통신: 강원방송 통신료 최대 9,000원 할인
대중교통: 대중교통 5% 할인 
유의사항: 꼭 확인하세요!"
849,골든웨이브 카드,롯데카드,"195,000","200,000","바우처: 스페셜기프트 연1회 제공
호텔: 국내 특급호텔 서비스 
자동차/하이패스: 주차 및 자동차 서비스 
골프: 국내 골프장 서비스 
공항라운지: 공항라운지 서비스
쇼핑: 무이자할부 및 명품브랜드 10% 할인 
프리미엄 서비스: 마스터카드 다이아몬드 서비스 
유의사항: 꼭 확인하세요!"
850,Hyundai EV카드,현대카드,"30,000","30,000","충전소: 전기차·수소차 충전 시 당월 이용금액에 따라 50~100% 블루멤버스 포인트 적립
멤버십포인트: 차량유지관리 업종 0.5~3.0% / Mobility 업종 0.5~2% 블루멤버스 포인트 적립
그 외 일반 가맹점 0.5% 블루멤버스 포인트 적립
차/중고차: 현대자동차 신차 구매 시 1.5% 블루멤버스 포인트 적립
자동차: Bluemembers 멤버십 서비스
유의사항: 꼭 확인하세요!"
851,화물운전자복지 신한카드 체크,신한카드,,,"자동차: 전국 주유소에서 주유 시 화물운전자 유가보조금 자동 지급
주유: SK내트럭 주유소 40원/ℓ 할인
적립: 화물운송사업자 전용 마이신한포인트 적립 혜택
유의사항: 꼭 확인하세요!"
852,SmileCard Edition2,현대카드,"10,000","10,000","모든가맹점: 스마일페이 가맹점/해외에서 스마일페이로 결제 시 2% 스마일캐시 적립
그 외 가맹점 이용 시 1% 스마일캐시 적립
무이자할부: 모든 가맹점에서 5만원 이상 결제 시 2~3개월 무이자할부
유의사항: 꼭 확인하세요!"
853,SmileCard the Club,현대카드,"50,000","50,000","간편결제: 스마일배송 가맹점에서 스마일페이 결제 시 3% 
스마일페이 가맹점에서 스마일페이 결제 및 해외가맹 이용 시 2% / 그 외 가맹점에서 1% 스마일캐시 적립
연회비지원: 스마일클럽 연회비 지원
무이자할부: 모든 가맹점에서 5만원 이상 결제 시 2~3개월 무이자할부
프리미엄 서비스: VISA 플래티넘서비스
유의사항: 꼭 확인하세요!"
854,Kia Members 경차전용카드,현대카드,"5,000",,"주유: 현대오일뱅크/SK에너지에서 주유 시 리터당 200원·400원 청구 할인
모든 충전소(LPG) 이용 시 리터당 100원·200원 청구 할인
멤버십포인트: 기아 멤버십 프로그램 Kia Members 제휴서비스 제공
당월 이용금액의 0.1% 기아멤버스 포인트 추가 적립
자동차/하이패스: 현대해상 자동차 보험료 결제 시 청구할인
차량정비서비스
은행사: 현금카드 기능 (KEB하나은행)
적립: 국내가맹점 0.5% M포인트 적립
현대, 기아 신차구매 및 GS칼텍스 주유 시 특별적립"
855,알뜰주유소 화물운전자복지 신한카드 체크,신한카드,,,"자동차: 전국 주유소에서 주유 시 화물운전자 유가보조금 자동 지급
주유: 알뜰주유소 최대 35원/ℓ 할인
적립: 화물운송사업자 전용 마이신한포인트 적립 혜택
유의사항: 꼭 확인하세요!"
856,화물운전자복지 신한카드,신한카드,,,"자동차: 전국 주유소에서 주유 시 화물운전자 유가보조금 자동 지급
주유: SK내트럭 주유소 40원/ℓ 할인
적립: 화물운송사업자 전용 마이신한포인트 적립 혜택
유의사항: 꼭 확인하세요!"
857,현대오일뱅크 2UP 화물운전자복지 신한카드,신한카드,,,"자동차: 전국 주유소에서 주유 시 화물운전자 유가보조금 자동 지급
주유: 현대오일뱅크 화물우대주유소 주유할인 
연동형: 최대 100원/L 할인, 고정형: 최대 50원/L 할인
적립: 화물운송사업자 전용 마이신한포인트 적립 혜택
유의사항: 꼭 확인하세요!"
858,그루폰 롯데카드,롯데카드,"7,000","10,000","푸드: 롯데 외식업종(롯데리아, 엔제리너스, 크리스피크림도넛 등) 10% 할인
소셜커머스: 그루폰에서 구매 시 최대 20% 할인
헤어: 박준뷰티랩, 박승철 헤어스투디오 할인
경기관람: 롯데 자이언츠 20% 할인
백화점: 롯데백화점 5% 할인
온라인쇼핑: 롯데ON 5%할인 및 무이자 할부 혜택
면세점: 롯데 면세점 최대 10ㅅ% 할인
대형마트: 롯데마트, 롯데슈퍼 2~3개월 무이자할부
기타: 토이저러스 2~3개월 무이자할부
유의사항: 꼭 확인하세요"
859,Kia Members 경차전용카드(유류세 환급),현대카드,,,"주유: 경차 유류세 환급 대상자 주유 및 충전(LPG) 시 유류세 환급
주유: 현대오일뱅크/SK에너지에서 주유 시 리터당 200원·400원 청구 할인
모든 충전소(LPG) 이용 시 리터당 100원·200원 청구 할인
자동차/하이패스: 현대해상 자동차 보험료 결제 시 청구할인
차량정비서비스
멤버십포인트: 기아 멤버십 프로그램 Kia Members 제휴서비스 제공
당월 이용금액의 0.1% 기아멤버스 포인트 추가 적립
금융: 현금카드 기능 (KEB하나은행)
적립: 국내가맹점 0.5% M포인트 적립
현대, 기아 신차구매 및 GS칼텍스 주유 시 특별적립"
860,S-OIL 2UP 화물운전자복지 신한카드,신한카드,,,"자동차: 전국 주유소에서 주유 시 화물운전자 유가보조금 자동 지급
주유: S-OIL 화물우대주유소 주유할인 
연동형: 최대 100원/L 할인, 고정형: 최대 55원/L 할인
적립: 화물운송사업자 전용 마이신한포인트 적립 혜택
유의사항: 꼭 확인하세요!"
861,SK에너지 2MORE 화물복지 신한카드,신한카드,,,"자동차: 전국 주유소에서 주유 시 화물운전자 유가보조금 자동 지급
주유: SK주유소 주유시 최대 55원/ℓ 할인
기타: 유가보조금 잔여한도 알림서비스 제공
유의사항: 꼭 확인하세요!"
862,LG U+ 현대카드M Edition3 (라이트할부형),현대카드,"30,000","30,000","LGU+: LG U+ 라이트할부 이용 시 1~24개월 차 월 15,000원/25,000원 청구 할인
LG U+ 라이트할부 이용 시 25개월 차부터 월 6,000원 청구 할인
적립: 업종별 0.5~3% 적립
월 100만원 이상 이용 시 1.5배 적립"
863,남선교회전국연합회 롯데포인트 플러스 카드,롯데카드,"5,000","10,000","기타: 남선교회전국연합회 선교기금 조성
적립: 롯데포인트 더블 적립
헤어: 박준 뷰티랩, 박승철 헤어스투디오 할인
경기관람: 롯데 자이언츠 20% 할인
백화점: 롯데백화점 5% 할인 e-쿠폰 및 무료 주차권 제공
온라인쇼핑: 롯데ON 5%할인 및 무이자 할부 혜택
면세점: 롯데 면세점 최대 10% 할인
대형마트: 롯데마트, 롯데슈퍼 2~3개월 무이자할부
기타: 토이저러스 2~3개월 무이자할부
유의사항: 꼭 확인하세요"
864,일년의 설렘카드(모바일전용),IBK기업은행,"5,000","5,000","캐시백: 연간 이용금액에 따라 최대 70만원 캐시백
금융: 출금/이체수수료 면제
환율우대 서비스
테마파크: 놀이공원 할인
유의사항: 꼭 확인하세요!"
865,홈플러스 스페셜 신한카드,신한카드,"15,000","18,000","대형마트: 홈플러스 매장, 온라인몰 결제 시 마이홈플러스 포인트 7% 적립
모든가맹점: 홈플러스 매장 외 가맹점 결제 시 0.3% 결제일 할인
유의사항: 꼭 확인하세요!"
866,큰수레 비즈니스 신한카드 Simple+,신한카드,,"13,000","비즈니스: 세무신고(부가세/소득세) 지원 서비스 제공
전자세금계산서 월 250건 무료 이용
모든가맹점: 전 가맹점 0.7% 캐시백
이동통신요금 자동이체 건은 1.4% 캐시백
생활: 생활친화가맹점 잔돈할인 서비스(Coin-Save)
영화: 인터파크, YES24 영화 할인 
유의사항: 꼭 확인하세요!"
867,제주항공 Refresh Point 신한카드,신한카드,,,"적립: 전 가맹점 1,200원당 10포인트 적립
제주항공 이용 시 1,200원당 10포인트 추가적립
면세점: JDC면세점 8% 결제일 할인
프리미엄: JCB(URS) 플래티늄 공통 서비스 (플래티늄 등급 선택 시 제공)
유의사항: 꼭 확인하세요!"
868,오아시스 신한카드,신한카드,"20,000","23,000","마트/편의점: 오아시스 15% 할인
쇼핑: 온/오프라인 쇼핑 10% 결제일 할인
카페: 커피전문점 10% 결제일 할인
쇼핑: 다이소, 올리브영 10% 결제일 할인
주유: 4대 정유사 주유 이용금액 리터당 60원 결제일 할인
해외: 연간 1천만원 이상 이용 고객 해외이용금액 5 % 캐시백
유의사항: 꼭 확인하세요!"
869,교보문고 롯데카드,롯데카드,,"5,000","도서: 교보문고 이용시 최고 7%할인
카페/디저트: 파리바게뜨, 던킨도너츠 10% 할인
도서: 교보북클럽 서비스 
구매금액 3% 적립 
유의사항: 꼭 확인하세요!"
870,교보증권PLUS αCMA 롯데체크카드,롯데카드,,,"증권사: 교보증권 PLUS 혜택
증권사: 교보증권 CMA자동투자 및 은행 이체수수료 무료 
금융: 연회비 면제 및 SMS무료 서비스
유의사항: 꼭 확인하세요!"
871,교육지대 롯데포인트플러스카드,롯데카드,"5,000","7,000","교육/육아: 교육지대 월 최대 2만원 할인 
적립: 더블 포인트 적립 
무이자할부: 6개월 슬림할부 및 2~3개월 무이자할부 
유의사항: 꼭 확인하세요! "
872,SKT-현대카드M Edition3 (라이트할부형),현대카드,"30,000","30,000","통신: SKT 라이트할부 이용 시 1~24개월 차 월 15,000원/25,000원 청구 할인
KT 라이트할부 이용 시 25개월 차부터 월 6,000원 청구 할인
적립: 업종별 0.5~3% 적립
월 100만원 이상 이용 시 1.5배 적립"
873,ROVL 시그니쳐(토탈마일)기업카드,KB국민카드,,"300,000","바우처: 연회비 상당의 쿠폰 서비스 
항공마일리지: 토탈마일리지 적립 서비스
여행사: 해외 여행상품 현장 할인 서비스
호텔: 롯데호텔 우대 서비스
도서: 도서 요약 서비스
보험사: 보험 무료가입 서비스
프리미엄: VISA Signature 전용서비스
유의사항: 꼭 확인하세요!"
874,참! 좋은친구 청년동행카드(신용),IBK기업은행,"10,000","10,000","기타: 리워드 서비스 최대 0.4% 포인트 제공
주유: 전 주유소 리터당 60원 할인(LPG포함)
대형마트: 이마트, 홈플러스, 롯데마트, 농협하나로클럽 5% 할인
온라인쇼핑: 쿠팡, 티몬, 위메프 20% 할인
OTT/영화/문화: 전국 영화관 및 인터넷 예매 8천원 할인
푸드: 아웃백, 빕스, 블랙스미스, 토다이, TGIF, 애슐리 20% 할인
불고기브라더스 20% 현장할인
카페: 스타벅스, 커피빈, 카페베네, 탐앤탐스, 할리스, 엔제리너스, 달콤커피 20% 할인
금융: 금융 수수료 면제, 무이자 할부 등
테마파크: 주요 놀이공원 무료입장 또는 입장료/자유이용권 할인 (월 1회, 연 2회)
유의사항: 꼭 확인하세요!"
875,에스원 안심 신한카드,신한카드,"15,000","18,000","생활: 에스원 보안서비스 1만원 할인
비즈니스: 사업자 지원 서비스 (상권분석, 전자세금계산서, 세무상담 등)
유의사항: 꼭 확인하세요!"
876,알뜰주유소 화물운전자복지 신한카드,신한카드,,,"자동차: 전국 주유소에서 주유 시 화물운전자 유가보조금 자동 지급
주유: 알뜰주유소 최대 35원/ℓ 할인
적립: 화물운송사업자 전용 마이신한포인트 적립 혜택
유의사항: 꼭 확인하세요!"
877,kt-현대카드M Edition3 (통신할인형),현대카드,"30,000","30,000","KT: kt 통신요금 자동이체 1~24개월 차 월 13,000원/30,000원 할인
kt 통신요금 자동이체 25개월 차부터 월 6,000원 할인
적립: 업종별 0.5~3% 적립
월 100만원 이상 이용 시 1.5배 적립"
878,SK One+ 화물복지 신한카드,신한카드,,,"자동차: 전국 주유소에서 주유 시 화물운전자 유가보조금 자동 지급
주유: SK내트럭플러스 주유 최대 70원/ℓ 할인
기타: 유가보조금 잔여한도 알림서비스 제공
유의사항: 꼭 확인하세요!"
879,자연드림 IBK카드,IBK기업은행,,"2,000","BC TOP: TOP포인트 최대 0.4% 적립
주유: 전 주유소 리터당 60원 할인 (LPG포함)
소셜커머스: 소셜커머스 20% 할인
영화: 영화관 8천원 청구할인
패밀리레스토랑: 패밀리레스토랑 20% 청구할인
카페: 주요 커피전문점 20% 할인
금융: 금융 수수료 면제, 무이자 할부 등
테마파크: 주요 놀이공원 무료입장 또는 입장료/자유이용권 할인 (월 1회, 연 2회)
기타: 자연드림 이용금액 7% 청구할인
유의사항: 꼭 확인하세요!"
880,S.Sing 씽화물복지 신한카드 체크,신한카드,,,"자동차: 전국 주유소에서 주유 시 화물운전자 유가보조금 자동 지급
주유: 현대오일뱅크, GS칼텍스 화물특화주유소 최대 70원/ℓ할인
현대오일뱅크, GS칼텍스 일반주유소 최대 25원/ℓ할인
적립: 화물운송사업자 전용 마이신한포인트 적립 혜택
유의사항: 꼭 확인하세요!"
881,IBK-Syrup카드[신용],IBK기업은행,,"5,000","바우처: 모바일쿠폰 서비스
멤버십포인트: 통합멤버십 서비스"
882,S.Sing 씽화물복지 신한카드,신한카드,,,"자동차: 전국 주유소에서 주유 시 화물운전자 유가보조금 자동 지급
주유: 현대오일뱅크, GS칼텍스 화물특화주유소 최대 70원/ℓ할인
현대오일뱅크, GS칼텍스 일반주유소 최대 25원/ℓ할인
적립: 화물운송사업자 전용 마이신한포인트 적립 혜택
유의사항: 꼭 확인하세요!"
883,SME기업카드,KB국민카드,,,"적립: 포인트리 0.1% 적립
주유소: SK에너지 리터당 50원 청구할인
유의사항: 꼭 확인하세요!"
884,신한카드 후불하이패스+ (하이패스 전용),신한카드,"2,000",,"하이패스: 하이패스 0.1% 마이신한포인트 적립
하이패스: 출퇴근시간대 통행료 20~50% 할인
판교 ↔ 청계, 판교 ↔ 성남, 연계통행료 자동 면제
유의사항: 꼭 확인하세요!"
885,SME기업카드 (아시아나),KB국민카드,"10,000","10,000","아시아나항공: 마일리지 1,000원당 1마일 적립
주유: SK에너지 리터당 50원 할인 
유의사항: 꼭 확인하세요! "
886,LG U+-현대카드M Edition3(통신할인형),현대카드,"30,000","30,000","LGU+: LG U+ 통신요금 자동이체 1~24개월 차 월 13,000원/30,000원 할인
LG U+ 통신요금 자동이체 25개월 차부터 월 6,000원 할인
적립: 업종별 0.5~3% 적립
월 100만원 이상 이용 시 1.5배 적립"
887,E1 & 아이파크 백화점 카드,IBK기업은행,,"2,000","충전소: [E1 오렌지 서비스] E1 LPG 충전 시 리터당 60원 할인
대형마트: [아이파크 백화점 서비스] 이마트 이용 시 5% 청구할인
백화점: [아이파크 백화점 서비스] 아이파크 백화점 10% 청구할인
쇼핑: [아이파크 백화점 서비스] 식음·리테일 매장 결제 시 10% 청구할인
영화: [아이파크 백화점 서비스] CGV 2천원 청구할인
테마파크: 주요 놀이공원 할인 최대 50%
하이브리드: 하이브리드 서비스 제공
유의사항: 꼭 확인하세요!"
888,SME기업카드 (대한항공),KB국민카드,"10,000","10,000","대한항공: 1,500원당 1마일리지 적립
주유: SK에너지 리터당 50원 할인 
유의사항: 꼭 확인하세요! "
889,신한카드 집,신한카드,,"15,000","생활: (주택임대료형) 주택임대료 자동이체 신청 시 최대 1만 5천원 할인
통신: (생활형) 통신, 인터넷, 보안업체 자동이체 시 결제일 할인서비스 제공
공과금: (공통서비스) 아파트 관리비 3천원 할인
교육/육아: (공통서비스) 교육료 1% 할인
병원/약국: 병원·약국 1% 할인
대형마트: (공통서비스) 3대 마트 1% 할인
금융: (기본 제공) 신한은행 우대 서비스
유의사항: 꼭 확인하세요!"
890,e플래티넘 롯데카드,롯데카드,"18,000","20,000","바우처: 스페셜기프트 - 매년 2만원 캐시백 지급
간편결제: e스타일할인 - 매월 스마일페이 및 롯데 제휴사 매장 결제일 할인
간편결제: e스마일할인 - 매년 스마일페이 가맹점 결제일 할인
생활: 영라이프할인 - 라이프 가맹점 10~12% 결제일 할인
프리미엄 서비스: VISA Platinum 서비스
유의사항: 꼭 확인하세요!"
891,StarBiz 고유기업카드,KB국민카드,,,"적립: 포인트리 0.1% 적립
유의사항: 꼭 확인하세요! "
892,하이패스 기업카드,KB국민카드,"2,000",,"하이패스: 후불 하이패스 결제 
유의사항: 꼭 확인하세요! "
893,B tv KB국민카드,KB국민카드,,"15,000","제휴/PLCC: B tv 월정액 콘텐츠 50% 할인 
생활: 커피, 편의점, 패스트푸드, 주유소 등 생활업종 5% 청구할인
적립: TV 포인트 적립 서비스 
유의사항: 꼭 확인하세요! "
895,신한카드 주거래 신용,신한카드,,"15,000","모든가맹점: 모든 가맹점 0.7% 포인트 적립
쇼핑: 신한은행 결제계좌 연결 시, 쇼핑 1.3% 추가적립
해외: 신한은행 결제계좌 연결 시, 해외 1.3% 추가적립
생활: 신한은행 결제계좌 연결 시, 통신/대중교통/도시가스 3.3% 추가적립
유의사항: 꼭 확인하세요!"
897,신한카드 아름다운,신한카드,,"5,000","멤버십포인트: 아름포인트 0.5% 적립, 아름다운가맹점 이용시 0.3% 추가적립
카페: 스타벅스 컵 사이즈 업그레이드 서비스
주유: 3,6,9 Day 제휴 주유소 이용 시 마이신한포인트 적립
유의사항: 꼭 확인하세요!"
899,LG헬로비전-현대카드M Edition2(청구할인형),현대카드,"15,000","15,000","통신: LG헬로비전 통신요금 자동이체 1~36개월 차 월 17,000원/20,000원 할인
LG헬로비전 통신요금 자동이체 37개월 차부터 월 6,000원 할인
적립: 업종별 0.5~2% 적립
월 100만원 이상 이용 시 1.5배 적립"
900,신한금융투자 CMA R+ 신한카드 Love 체크,신한카드,,,"금융: CMA계좌 금리 최대 2.2% 추가 제공, 무료 수수료 혜택
주유: GS칼텍스 40원/L 캐시백
쇼핑: 4대 백화점, 3대 할인점, GS샵 5% 캐시백
푸드: 아웃백, 세븐스프링스, 불고기브라더스, 스타벅스 할인
영화: CGV 7천원 캐시백
테마파크: 롯데월드, 서울랜드 50% 할인 
유의사항: 꼭 확인하세요!"
901,SK브로드밴드-현대카드M Edition2(청구할인형),현대카드,"25,000","25,000","통신: SK브로드밴드 요금 자동이체 1~36개월 차 월 15,000원/20,000원 할인
SK브로드밴드 요금 자동이체 37개월 차부터 월 10,000원 할인
적립: 업종별 0.5~2% 적립
월 100만원 이상 이용 시 1.5배 적립"
902,E1-현대카드M,현대카드,"15,000","20,000","충전소: LPG 충전 시 리터당 60원 청구 할인
적립: E1 오렌지포인트 기본 0.4~0.7% 적립
E1 오렌지포인트 추가 대상 가맹점 1~5% 적립
적립: 업종별 0.5% M포인트 적립
할인: 외식 15% / 영화 2천원 청구할인
놀이공원 50%까지 청구할인"
903,신한금융투자 CMA R+ GS칼텍스 신한카드 Shine,신한카드,"10,000","12,000","금융: CMA계좌 금리 최대 2.6% 추가 제공
주유: GS칼텍스 60~100원/L 청구할인
대중교통: (후불 교통카드 선택 시) 버스, 지하철, 택시 3~7% 할인
테마파크: 롯데월드, 서울랜드, 에버랜드, 캐리비안베이 입장권 및 자유이용권 현장할인
영화: 인터파크, YES24 예매 현장 할인
헤어: 헤어샵 할인 서비스
경기관람: 프로야구, 프로농구 할인
유의사항: 꼭 확인하세요!"
904,현대카드M-경차전용카드,현대카드,"5,000",,"주유: 현대오일뱅크/SK에너지 주유시 리터당 200원·400원 할인 
모든 충전소(LPG) 이용 시 리터당 100원·200원 할인
정비: 스피드메이트 엔진오일 교환 및 타이어 펑크 수리 무료서비스 제공
보험: 현대해상 자동차 보험료 결제 시 청구 할인
금융: 현금카드기능(KEB하나은행)
적립: 국내 가맹점에서 0.5% M포인트 적립"
905,메가쇼핑 신한카드,신한카드,"12,000","15,000","마트/편의점: 메가마트 매장 결제 시 메가포인트 1.0% 적립
메가마트 자체 추가적립 0.5%, 총 1.5% 적립
모든가맹점: 메가마트 제외 모든가맹점 메가포인트 0.5% 적립
교통: 택시, 버스, 지하철 3~5% 할인 (모바일 교통거래 포함)
주유: GS칼텍스 60원/L 할인
유의사항: 꼭 확인하세요!"
906,메가쇼핑 신한카드 체크,신한카드,,,"마트/편의점: 메가마트 매장 결제 시 메가포인트 0.5% 적립
메가마트 자체 추가적립 0.2%, 총 0.7% 적립
모든가맹점: 메가마트 제외 모든가맹점 메가포인트 0.1% 적립
유의사항: 꼭 확인하세요!"
907,SK 화물복지 50,우리카드,,0,"주유: 화물차우대주유소에서 리터당 50원 할인 
OK캐쉬백: OK캐쉬백 적립 
유의사항: 꼭 확인하세요! "
908,에쓰-오일 400 우리카드,우리카드,"10,000","15,000","주유: S-OIL 주유소 리터당 최대 400원 할인 
OTT/영화/문화: 놀이공원 50% 할인
영화관 3,000원 할인
푸드: 패밀리레스토랑 10% 할인
커피 20% 할인 
유의사항: 꼭 확인하세요! "
909,LPG 화물복지카드 E1,우리카드,,,"충전소: E1 LPG충전소 결제금액  1,000원당 오렌지 포인트 10~30P 적립
생활: 대형마트, 커피전문점, 영화관 등 생활업종 할인
기타: 부가세 환급 지원 서비스 
기타: LPG 화물복지카드 안내 
유의사항: 꼭 확인하세요!"
910,남양 i 프리미엄 롯데카드,롯데카드,,"10,000","기타: 남양 i 쇼핑몰 최대 30% 할인
헤어: 박준뷰티랩, 박승철 헤어스투디오 할인
경기관람: 롯데 자이언츠 20% 할인
쇼핑: 롯데백화점  5% 할인쿠폰 제공
롯데 면세점 최대 10% 할인
공연/전시: 뮤지컬, 연극 등 공연 10~30% 할인
주유소: SK주유소 리터당 SK주유포인트 50원적립
적립: L.POINT 적립 0.1%~3%
유의사항: 꼭 확인하세요!"
911,네이버 체크아웃 DC20 롯데카드,롯데카드,"5,000","10,000","온라인쇼핑: 네이버 체크아웃 최고 20% 할인
헤어: 박준뷰티랩, 박승철 헤어스투디오 할인
경기관람: 롯데 자이언츠 20% 할인
쇼핑: 롯데백화점 5% 쿠폰제공
롯데 면세점 5~10% 할인
공연/전시: 뮤지컬, 연극 등 공연 10~30% 할인
적립: L.POINT 적립 0.1%~3%
유의사항: 꼭 확인하세요!"
912,Easy shopping 티타늄카드,KB국민카드,"30,000","30,000","쇼핑: 온라인쇼핑몰, 대형마트, 소셜커머스, 백화점 10% 포인트리 적립
선택형: 아파트 관리비, 편의점, 배달앱 5% 포인트리 적립
간편결제: 온라인쇼핑몰에서 KB Pay 이용 시 5% 포인트리 적립
프리미엄 서비스: Master 티타늄 서비스
K-WORLD/국내전용 티타늄 서비스
유의사항: 꼭 확인하세요!"
913,현대카드M3 BLUEmembers Edition2,현대카드,"65,000",,"적립: 모든 가맹점에서 0.5%~2% 기본 M포인트 적립
제휴 온라인쇼핑 시 1~10% 추가 M포인트 적립
기타: 일상생활, 쇼핑, 자동차구매, H-Coin,현대카드 Gift카드 등
다양한 사용처에서 M포인트 사용
프리미엄 서비스: 현대카드 플래티넘서비스
제휴/PLCC: BLUEmembers 멤버십서비스"
914,노랑풍선 롯데카드,롯데카드,"7,000","10,000","온라인 여행사: 노랑풍선 여행상품 결제 시 3% 할인(청구할인)
헤어: 박준뷰티랩, 박승철 헤어스투디오 할인
쇼핑: 롯데백화점  5% 할인쿠폰 제공
롯데 면세점 5~10% 할인
영화: 롯데시네마 영화관람용 1,500원 할인
유의사항: 꼭 확인하세요!"
915,뉴 롯데손해보험 롯데카드,롯데카드,"5,000","10,000","보험: 하우머치 자동차보험료 최대 3만원 할인
정비: GS오토오아시스 자동차 정비 서비스
헤어: 박준뷰티랩, 박승철 헤어스투디오 할인

경기관람: 롯데 자이언츠 20% 할인

쇼핑: 롯데백화점  5% 할인쿠폰 제공
롯데 면세점 5~10% 할인
영화: 뮤지컬, 연극 등 공연 10~30% 할인
롯데시네마 영화관람료 1,500원 할인
적립: L.POINT 적립 0.1%~3%

유의사항: 꼭 확인하세요!"
916,위비 알뜰주유소 할인카드,우리카드,"12,000","12,000","주유: 알뜰주유소 리터당 80원~100원 청구할인
푸드: 치킨·피자 10% 청구할인
영화: 전국 영화관 12,000원 이상 결제 시 3,000원 청구할인
카페: 커피전문점 10% 청구할인
유의사항: 꼭 확인하세요!"
917,썸(SUM)화물복지카드(개인신용),우리카드,,,"주유: 화물자동차 유가보조금 환급 
주유: 정유 3사 주유 최대 100원 할인 
생활: 대형마트, 커피전문점, 영화관 등 생활업종 할인 
기타: 부가세 환급 지원 서비스 
유의사항: 꼭 확인하세요!"
918,현대카드M-화물차유가보조금카드,현대카드,,,"주유: 유가보조금 환급서비스
주유: 화물차 우대 주유소에서 경유 주유 시 리터당 15~95원 할인 및 정유사 포인트 적립
일반 주유소에서 경우 주유 시 리터당 5~35원 할인 및 정유사 포인트 적립
기타: 부가세 환급 지원서비스
금융서비스
적립: 국내 모든 가맹점 0..5% M포인트 적립
유의사항: 꼭 확인하세요!"
919,현대카드X-화물차유가보조금카드(S-OIL),현대카드,,,"주유: 유가보조금 환급서비스
주유: 화물차 우대 주유소에서 경유 주유 시 리터당 35~105원 할인
일반 주유소에서 경우 주유 시 리터당 5~35원 할인 및 정유사 포인트 적립
기타: 부가세 환급 지원서비스
금융서비스
할인: 모든 가맹점에서 0.2% 할인
유의사항: 꼭 확인하세요!"
920,skylife Ultra IBK카드,IBK기업은행,"10,000","10,000","생활: [skylife 서비스] skylife서비스 자동이체시 청구할인
쇼핑: [쇼핑서비스] 마트, 대형 할인점 5% 할인(이마트, 홈플러스, 롯데마트, 농협하나로클럽)
테마파크: [놀이공원] 주요 놀이공원 무료입장 또는 입장료/자유이용권 최대 50% 할인
유의사항: 꼭 확인하세요!"
921,현대카드X-화물차유가보조금카드(SK에너지),현대카드,,,"주유: 유가보조금 환급서비스
주유: 화물차 우대 주유소에서 경유 주유 시 리터당 25~100원 할인
일반 주유소에서 경우 주유 시 리터당 5~35원 할인
기타: 부가세 환급 지원서비스
금융서비스
할인: 모든 가맹점에서 0.2% 할인
유의사항: 꼭 확인하세요!"
923,LG전자-현대카드M Edition3,현대카드,"30,000","30,000","렌탈 : LG전자 렌탈요금 자동납부 1~36개월 차 월 13,000원/18,000원 청구할인
적립: 업종별 0.5~3% M포인트 적립
(LG전자 렌탈요금 청구 할인 미적용 시)"
924,coway-현대카드M Edition3,현대카드,"30,000","30,000","렌탈 : coway 렌탈요금 자동납부 1~36개월 차 월 15,000원/20,000원 청구할인
적립: 업종별 0.5~3% M포인트 적립
(coway 렌탈요금 청구 할인 미적용 시)"
925,뉴 인터파크 롯데카드,롯데카드,"8,000","12,000","온라인쇼핑: 인터파크 10% 할인
인터파크 각종 쿠폰제공(쇼핑, 도서)
헤어: 박준뷰티랩, 박승철 헤어스투디오 할인
테마파크: 롯데월드 종합이용권 50% 할인
경주월드, 대전오월드 자유이용권 50% 할인 
경기관람: 롯데 자이언츠 20% 할인

공연/전시: 뮤지컬, 연극 등 공연 10~30% 할인
롯데시네마 영화관람료 1,500원 할인
일반음식점: 미스터피자 15% 현장 할인
T.G.I.F 상시 10% 할인
주유소: SK주유소 리터당 SK주유포인트 50원적립

유의사항: 꼭 확인하세요!"
926,SK매직-현대카드M Edition3,현대카드,"30,000","30,000","렌탈 : SK매직 렌탈요금 자동납부 1~36개월 차 월 13,000원/20,000원 청구할인
적립: 업종별 0.5~3% M포인트 적립
(SK매직 렌탈요금 청구 할인 미적용 시)"
927,CUCKOO-현대카드M Edition3,현대카드,"30,000","30,000","렌탈 : CUCKOO 렌탈요금 자동납부 1~36개월 차 월 13,000원/20,000원 청구할인
적립: 업종별 0.5~3% M포인트 적립
(CUCKOO 렌탈요금 청구 할인 미적용 시)"
928,뉴S-OIL보너스 롯데카드,롯데카드,,,"주유소: OIL주유포인트 리터당 60점 적립

헤어: 박준뷰티랩, 박승철 헤어스투디오 할인
테마파크: 롯데월드 종합이용권 50% 할인
경주월드, 대전오월드 자유이용권 50% 할인 
경기관람: 롯데 자이언츠 20% 할인

백화점: 롯데백화점  5% 할인쿠폰 제공
롯데 면세점 5~10% 할인
일반음식점: 미스터피자 15% 현장 할인
T.G.I.F 상시 10% 할인
유의사항: 꼭 확인하세요!"
929,청호나이스-현대카드M Edition3,현대카드,"30,000","30,000","렌탈 : 청호나이스 렌탈요금 자동납부 1~36개월 차 월 13,000원/20,000원 청구할인
적립: 업종별 0.5~3% M포인트 적립
(청호나이스 렌탈요금 청구 할인 미적용 시)"
930,현대큐밍-현대카드M Edition3,현대카드,"30,000","30,000","렌탈 : 현대큐밍 렌탈요금 자동납부 1~36개월 차 월 13,000원/20,000원 청구할인
적립: 업종별 0.5~3% M포인트 적립
(현대큐밍 렌탈요금 청구 할인 미적용 시)"
931,용인시민카드(신용),IBK기업은행,"5,000","7,000","대중교통: [Life in Yong-In] 버스, 지하철(용인시 경전철 포함) 3% 할인
주유: [부가서비스] 전 주유소 리터당 60원 할인
쇼핑: [부가서비스] 이마트, 홈플러스, 롯데마트, 농협하나로클럽 5% 할인
[Life in Yong-In] 쿠팡, 티몬, 위메프 20% 할인
영화: [Life in Yong-In] CGV, 롯데시네마 4천원 할인
푸드: [Life in Yong-In] 아웃백, 빕스, 블랙스미스, 토다이, TGIF, 애슐리 20% 할인
[Life in Yong-In] 불고기브라더스 20% 현장할인
카페: [Life in Yong-In] 주요 커피전문점 20% 할인
테마파크: [Play in Yong-In] 용인시 주요 놀이공원 할인 (통합 월 1회, 연 8회)
지역: 용인시 시민 복지 증진 및 자긍심 고취를 위해 공연/문화/생활시설 할인 제공
유의사항: 꼭 확인하세요!"
932,뉴하우머치 인슈포인트카드,롯데카드,"5,000","10,000","보험사: 뉴하우머치 인슈포인트 2% 적립
하우머치 자동차보험료 최고 3만원 할인
헤어: 박준뷰티랩, 박승철 헤어스투디오 할인
경기관람: 롯데 자이언츠 20% 할인

백화점: 롯데백화점  5% 할인쿠폰 제공
롯데 면세점 5~10% 할인
주유소: SK주유소 리터당 SK주유포인트 50원적립

적립: L.POINT 적립 0.1%~3%

일반음식점: 미스터피자 15% 현장 할인
T.G.I.F 상시 10% 할인
유의사항: 꼭 확인하세요!"
933,현대홈쇼핑-현대카드M Edition3(청구할인형),현대카드,"30,000","30,000","렌탈 : 현대홈쇼핑 방송 상품 렌탈요금 자동납부 1~36개월 차 월 13,000원/20,000원 청구할인
적립: 업종별 0.5~3% M포인트 적립
(현대홈쇼핑 방송 상품 렌탈요금 청구 할인 미적용 시)"
934,IBK TMON 카드,IBK기업은행,,"10,000","통신: [부가서비스] 이동통신요금 5% 청구할인
쇼핑: [부가서비스] GS25, CU, 세븐일레븐, 올리브영, 랄라블라 20% 청구할인
[티몬서비스] 티몬 15% 청구할인
카페: [부가서비스] 커피 전문점 15% 청구할인
(스타벅스, 커피빈, 카페베네, 탐앤탐스, 할리스, 엔제리너스, 투썸플레이스, 달.콤커피)
금융: 각종 수수료 면제
환전(Cash, T/C) 시 환율 70% 우대
테마파크: 주요놀이공원 할인 최대 50%
유의사항: 꼭 확인하세요!"
935,1st플래티늄 플러스카드 (포인트적립형),광주은행,"118,000","120,000","모든가맹점: 모든 가맹점에서 0.7% 적립
골프: 모든 골프장에서 건별 이용금액 10만원당 5천원 적립
영화: 모든 영화관 건별 이용금액 8천원 이상 시 3천원 적립
바우처: 바우처 6종 중 택1
프리미엄 서비스: 국내 외 겸용카드 Master Card 프리미엄서비스
유의사항: 꼭 확인하세요!"
936,신한카드 미래설계,신한카드,"15,000","20,000","금융: [신한은행] '미래설계통장' 결제계좌 연결 시 전가맹점 0.3% 마이신한포인트 적립
[신한생명] 신한생명 Smart인터넷보험 보장성 상품 5% 할인
병원/약국: 병원, 약국, 동물병원 5% 할인
주유: 4대 주유소(SK에너지, GS칼텍스, S-Oil, 현대오일뱅크) 60원/L 할인
대형마트: 이마트, 홈플러스, 롯데마트 5% 할인
교통: 버스, 지하철, 택시 5% 할인
생활: 예다함 상조 상품 할인/우대 제공
유의사항: 꼭 확인하세요!"
937,1st플래티늄 플러스카드 (아시아나형),광주은행,"128,000","130,000","아시아나항공: 1,000원당 아시아나 마일리지 1마일 적립
바우처: 바우처 6종 중 택1
프리미엄 서비스: 국내 외 겸용카드 Master Card 프리미엄서비스
유의사항: 꼭 확인하세요!"
938,신한카드 경차사랑 Life,신한카드,,,"자동차: 경차 유류세 환급 서비스
주유: 모든 주유소 및 충전소 80원/L 할인
생활: 편의점, 병원/약국, 커피전문점 10% 할인
주말 3대 마트 5% 할인
보험: 한화손해보험 다이렉트 자동차보험 할인
유의사항: 꼭 확인하세요!"
939,1st플래티늄 플러스카드 (캐시백형),광주은행,"118,000","120,000","모든가맹점: 모든 가맹점에서 0.7% 캐시백
골프: 모든 골프장에서 건별 이용금액 10만원당 5천원 캐시백
영화: 모든 영화관 건별 이용금액 8천원 이상 시 3천원 캐시백
바우처: 바우처 6종 중 택1
프리미엄 서비스: 국내 외 겸용카드 Master Card 프리미엄서비스
유의사항: 꼭 확인하세요!"
940,CHALLENGE BAG KB국민카드,KB국민카드,,"15,000","OK캐쉬백: 11번가 OK캐쉬백 11% 특별적립
OK캐쉬백: 생활밀착업종 OK캐쉬백 5% 특별적립
모든가맹점: 전 가맹점 OK캐쉬백 0.1% 기본적립
선택형: 플레이트 선택
유의사항: 꼭 확인하세요!"
941,The CJ-현대카드M Edition2,현대카드,"15,000","20,000","쇼핑: CJ오쇼핑 전 매체(CJmall/TV홈쇼핑/카달로그) 통합 5% 청구 할인
푸드: 외식 10~20% 할인
영화: CGV 3천원 청구 할인
적립: 업종별 0.5~2% M포인트 적립
월 100만원 이상 이용 시 1.5배 적립
유의사항: 꼭 확인하세요!"
942,AK KB국민카드,KB국민카드,,"12,000","백화점: AK PLAZA 청구할인 최대 10%
AK 멤버스 서비스
생활: [생활영역 청구 할인] 학원, 패밀리레스토랑,커피,미용실 5% 할인
해피포인트: [생활영역 청구 할인] 해피포인트 10% 할인
제주항공: [생활영역 청구 할인] 제주항공 10% 할인
영화: 인터파크 영화예매 1매당 3,500원 청구 할인
테마파크: 놀이공원 최대 50% 할인
유의사항: 꼭 확인하세요!"
943,신한카드 The LADY CLASSIC,신한카드,,"100,000","바우처: 매년 1회 Gift Option 선택 (포인트/요식/문화)
캐시백: 쇼핑 3%, 육아 5%, 웰빙 7% 캐시백
점심: 브런치 할인 서비스 (오전 11시~오후 2시)
푸드: 던킨도너츠 할인 서비스
롯데시네마 스위트 콤보 제공 서비스
주유: GS칼텍스 40원/L 결제일 할인
면세점: 제주 JDC 면세점 8% 결제일 할인
테마파크: 주요 놀이공원 입장권/자유이용권 할인 서비스
프리미엄: 국제 브랜드사 서비스 (플래티늄 등급 선택 시 제공)
유의사항: 꼭 확인하세요!"
944,불타는청춘 베테랑 신용카드,광주은행,"10,000","12,000","모든가맹점: 모든 가맹점 0.1% 캐시백
병원/약국: [특별 캐시백 서비스] 병원/의원/요양병원/약국 10% 추가 캐시백
대형마트: [추가 캐시백 서비스] 대형마트 5% 추가 캐시백
백화점: [추가 캐시백 서비스] 백화점 5% 추가 캐시백
기타: [추가 캐시백 서비스] 슈퍼마켓 5% 추가 캐시백
주유소: [추가 캐시백 서비스] 주유 5% 추가 캐시백
생활: [추가 캐시백 서비스] 사우나 5% 추가 캐시백
유의사항: 꼭 확인하세요!"
945,신한카드 The CLASSIC-S,신한카드,"97,000","100,000","모든가맹점: 일시불, 할부 이용금액 마이신한포인트 1% 적립
전월 300만원 이상 이용 시 일시불, 할부 이용금액 0.5% 추가적립
해외: 해외 일시불, 면세점 이용금액 2% 추가 적립
적립: 분기당 1천만원 이상 이용 시 보너스 포인트 적립
공항라운지: The Lounge Members 본인+동반 1인 공항 라운지 무료 입장 서비스
프리미엄: 국제 브랜드사 서비스 (플래티늄 등급 선택 시 제공)
유의사항: 꼭 확인하세요!"
946,신한카드 The CLASSIC-Lite,신한카드,,"97,000","바우처: 매년 1회 Gift Option 선택
적립: 기본적립: 일시불, 할부 이용금액의 1% 마이신한포인트 적립
특별적립: 일시불, 할부 이용금액의 2% 마이신한포인트 추가 적립 (총 3%)
주유: GS칼텍스 주유 시 40원/L 결제일 할인
카페: 스타벅스 이용 시 결제일 할인
면세점: 제주 JDC 면세점 결제일 할인
프리미엄: 국제 브랜드사 서비스 (플래티늄 등급 선택 시 제공)
유의사항: 꼭 확인하세요!"
947,멍이냥이카드,광주은행,"10,000","11,000","펫샵: [반려동물업종] 10% 캐시백 서비스
대형마트: [생활업종] 대형 할인점 5% 캐시백 서비스
온라인쇼핑: [생활업종] 온라인 쇼핑 5% 캐시백 서비스
카페: [생활업종] 카페 5% 캐시백 서비스
백화점: [생활업종] 백화점 5% 캐시백 서비스
편의점: [생활업종] 편의점 5% 캐시백 서비스
애완동물: 반려동물 사진카드 발급 서비스
유의사항: 꼭 확인하세요!"
948,여행스케치 아시아나클럽 플래티늄카드,광주은행,"45,000","48,000","아시아나항공: 아시아나 마일리지 1,000원당 최대 3마일리지 적립 서비스
공항라운지: 마스터카드 플래티늄 서비스 (MasterCard Platinum Service)
수수료우대: 환율 50% 우대
수수료우대: 해외ATM 인출수수료 면제
유의사항: 꼭 확인하세요!"
949,1st카드 (캐시백형),광주은행,"8,000","10,000","모든가맹점: 모든 가맹점 이용액 0.5% 캐시백
영화: 영화관 건당 8천원 이상 결제시 3천원 캐시백
기타: ATM 출금 수수료 면제
선택형: 선택한 2가지 업종 1.2% 캐시백
선택형: 선택한 업종 2.0% 캐시백(혜택 추가시 연회비 3천원 추가)
유의사항: 꼭 확인하세요!"
950,1st카드 (포인트 적립형),광주은행,"8,000","10,000","모든가맹점: 모든 가맹점 이용액 0.5% 적립
영화: 영화관 건당 8천원 이상 결제시 3천원 적립
기타: ATM 출금 수수료 면제
선택형: 선택한 2가지 업종 1.2% 적립
선택형: 선택한 업종 2.0% 적립(혜택 추가시 연회비 3천원 추가)
유의사항: 꼭 확인하세요!"
951,넥센타이어 우리카드,우리카드,,"10,000","렌탈 : 렌탈요금  월 최대 20,000원 할인
패밀리레스토랑: 아웃백, TGIF 10% 청구할인
카페: 스타벅스, 투썸플레이스 20% 청구할인
영화: 모든 영화관 3,000원 청구할인
테마파크: 놀이공원 50% 현장할인
유의사항: 꼭 확인하세요! "
952,SK Oil 400 우리카드,우리카드,,"10,000","주유: SK주유소 월 최대 5만원 할인 
패밀리레스토랑: 아웃백, TGIF 10% 청구할인
카페: 스타벅스, 투썸플레이스 20% 청구할인
테마파크: 놀이공원 50% 현장할인 
영화: 모든 영화관 3,000원 청구할인
유의사항: 꼭 확인하세요! "
953,마이카 우리카드,우리카드,,"12,000","자동차: 자동차금융 이용고객 월 납부금 최대 1만원 청구할인 
주유: 주유소/충전소 리터당 70원 할인 
보험: 자동차 보험 최대 2만원 청구할인
정비: 스피드메이트 엔진오일 및 차량정비 할인 
렌터카: SK렌터카 최대 70% 현장할인
생활: 영화관, 패밀리레스토랑, 커피 할인 
유의사항: 꼭 확인하세요! "
954,대전광역시 승용차요일제카드,우리카드,,"2,000","자동차: 자동차세, 정비할인서비스 제공
전 주유소 리터당 60원 할인 
교통: 대중교통요금 일 400원 할인 
대중교통상해보험 서비스 
지역: 대전시 제휴 기금 적립
기타: 해외 로밍폰, 롯데 렌터카 할인 
인터넷 오피스웨이 문구용품 할인 
통신: 이동통신요금 카드자동이체 금액의 3% 할인
생활: 전국 백화점, 할인점 무이자할부
놀이공원 50% 현장할인 
유의사항: 꼭 확인하세요! "
955,에코마일리지 New우리V카드,우리카드,"2,000","5,000","기타: 에코마일리지 프로그램 안내 
에너지 10% 이상 절약시 에코머니 적립 
금융: 주민세 납부액 에코머니 100% 적립 
교통: 버스,지하철 10% 에코머니 적립
고속버스, KTX 7% 에코머니 적립 
통신: 통신요금 3% 에코머니 적립
이동통신요금 에코머니 포인트 결제 
영화: 주요 영화관 에코머니적립
기타: 놀이공원 서비스 
무이자할부 
금융: Two-in-One 결제서비스 
할부전환 서비스 
유의사항: 꼭 확인하세요! "
957,부산광역시 승용차요일제카드,우리카드,"2,000","5,000","푸드: 전국 주요 외식업체 10% 캐시백 
통신: 이동통신요금 카드 자동이체 금액의 3% 캐시백
도서: 전국 주요 서점 서적 3% 캐시백
영화: 전국 주요 영화관 1,500원 현장할인
프리미엄: 프리미엄 투어 서비스
무이자할부: 전국 백화점, 할인점 2~3개월 무이자할부
테마파크: 전국 주요 놀이공원 자유이용권 본인50%현장 할인
지역: 부산 대중교통 건당 200원 캐시백
부산유료도로 통행료 10% 캐시백 
유의사항: 꼭 확인하세요! "
958,초록마을 롯데카드,롯데카드,"5,000","8,000","온라인쇼핑: 초록마을 전국 지점에서 결제 시 10% 청구할인
쇼핑: 롯데백화점, 면세점, 롯데ON 할인
푸드: 롯데리아, 엔제리너스, 나뚜루, TGIF 할인
테마파크: 롯데월드 종합이용권 50% 할인
OTT/영화/문화: 롯데시네마 관람료 1,500원 할인
헤어: 박준뷰티랩 20% 할인
유의사항: 꼭 확인하세요!"
959,현대카드M2 BLUEmembers Edition2,현대카드,"35,000","35,000","적립: 모든 가맹점에서 0.5~2% 기본 M포인트 적립
온라인쇼핑 시 1~10% 추가 M포인트 적립 외
멤버십포인트: 일상생활, 쇼핑, 자동차구매, H-Coin, 현대카드 Gift카드 등
다양한 사용처에서 M포인트 사용
제휴/PLCC: BLUEmembers 멤버십서비스
프리미엄 서비스: 현대카드 플래티넘서비스
유의사항: 꼭 확인하세요!"
960,큰수레비지니스내트럭건설기계카드,우리카드,"2,000","5,000","주유: SK내트럭플러스 주유 할인 
대형마트: 3대 대형마트 5% 할인 
통신: 통신비 자동이체 3% 할인 
영화: CGV/메가박스/롯데씨네마 최대 6천원 할인
리조트: 콘도 1박 무료 서비스
금융: 환율 우대 서비스
예금 대출금리 우대서비스 
비즈니스: 세무지원 서비스 
유의사항: 꼭 확인하세요! "
961,현대카드M2 RED members Edition2(구 Qmembers),현대카드,"35,000","35,000","적립: 모든 가맹점에서 0.5~2% 기본 M포인트 적립
온라인쇼핑 시 1~10% 추가 M포인트 적립 외
멤버십포인트: 일상생활, 쇼핑, 자동차구매, H-Coin, 현대카드 Gift카드 등
다양한 사용처에서 M포인트 사용
제휴/PLCC: Kia Members 멤버십서비스
프리미엄 서비스: 현대카드 플래티넘서비스
유의사항: 꼭 확인하세요!"
962,현대카드M BLUEmembers Edition2,현대카드,"15,000","15,000","적립: 모든 가맹점에서 0.5~2% 기본 M포인트 적립
온라인쇼핑 시 1~10% 추가 M포인트 적립 외
멤버십포인트: 일상생활, 쇼핑, 자동차구매, H-Coin, 현대카드 Gift카드 등
다양한 사용처에서 M포인트 사용
제휴/PLCC: BLUE Members 멤버십서비스
유의사항: 꼭 확인하세요!"
963,우체국 스마트카드,KB국민카드,,"11,000","통신: 우체국 알뜰폰 통신료 할인 서비스
금융: 우체국 우편료 10% 할인
쇼핑: 우체국 쇼핑 10% 할인
유의사항: 꼭 확인하세요!"
964,현대카드M RED MEMBERS Edition2(구 Qmembers),현대카드,"15,000","15,000","적립: 모든 가맹점에서 0.5~2% 기본 M포인트 적립
온라인쇼핑 시 1~10% 추가 M포인트 적립 외
멤버십포인트: 일상생활, 쇼핑, 자동차구매, H-Coin, 현대카드 Gift카드 등
다양한 사용처에서 M포인트 사용
제휴/PLCC: KIA Members 멤버십서비스
유의사항: 꼭 확인하세요!"
965,NEW화물차유류구매카드(개인신용),우리카드,,,"기타: 화물차유류구매카드란?
유가보조금 환급안내 
주유: 주유할인 서비스 
생활: 대형마트, 병/의원, 서점, 온라인교육 5% 청구할인 
푸드: 패밀리레스토랑 25% 청구할인
커피전문점 25% 청구할인 
통신: 통신요금 3% 청구할인 
OTT/영화/문화: 영화요금 최대 6천원 할인
놀이공원 최대 50% 현장할인 
무이자할부: 무이자할부 서비스
은행 거래 수수료 면제 
유의사항: 꼭 확인하세요! "
966,우체국 Biz플러스 카드,하나카드,"10,000","12,000","기타: 우체국 서비스 7% 할인
백화점: 백화점 5% 할인
온라인쇼핑: 온라인쇼핑 5% 할인 서비스
해외이용: 해외 전 가맹점 5% 할인
생활: Biz플러스 서비스 1
기타: Biz플러스 서비스 2
유의사항: 꼭 확인하세요!"
967,현대카드M3 BLUEmembers Platinum,현대카드,"70,000",,"적립: 모든 가맹점에서 1~6% 기본 M포인트 적립
온라인쇼핑 시 1~10% 추가 M포인트 적립 외
멤버십포인트: 일상생활, 쇼핑, 자동차구매, H-Coin, 현대카드 Gift카드 등
다양한 사용처에서 M포인트 사용
제휴/PLCC: BLUE Members 멤버십서비스
프리미엄 서비스: 현대카드 플래티넘서비스
유의사항: 꼭 확인하세요!"
968,현대카드M2 BLUEmembers Platinum (5만원),현대카드,"50,000",,"적립: 모든 가맹점에서 0.5~3% 기본 M포인트 적립
온라인쇼핑 시 1~10% 추가 M포인트 적립 외
멤버십포인트: 일상생활, 쇼핑, 자동차구매, H-Coin, 현대카드 Gift카드 등
다양한 사용처에서 M포인트 사용
제휴/PLCC: BLUE Members 멤버십서비스
프리미엄 서비스: 현대카드 플래티넘서비스
유의사항: 꼭 확인하세요!"
969,현대카드M2 BLUEmembers Platinum (3만원),현대카드,"30,000",,"적립: 모든 가맹점에서 0.5~3% 기본 M포인트 적립
온라인쇼핑 시 1~10% 추가 M포인트 적립 외
멤버십포인트: 일상생활, 쇼핑, 자동차구매, H-Coin, 현대카드 Gift카드 등
다양한 사용처에서 M포인트 사용
제휴/PLCC: BLUE Members 멤버십서비스
프리미엄 서비스: 현대카드 플래티넘서비스
유의사항: 꼭 확인하세요!"
970,현대카드M2 RED MEMBERS Platinum (5만원)(구 Qmembers),현대카드,"50,000",,"적립: 모든 가맹점에서 0.5~3% 기본 M포인트 적립
온라인쇼핑 시 1~10% 추가 M포인트 적립 외
멤버십포인트: 일상생활, 쇼핑, 자동차구매, H-Coin, 현대카드 Gift카드 등
다양한 사용처에서 M포인트 사용
제휴/PLCC: KIA Members 멤버십서비스
프리미엄 서비스: 현대카드 플래티넘서비스"
971,현대카드M2 RED MEMBERS Platinum (3만원)(구 Qmembers),현대카드,"30,000",,"적립: 모든 가맹점에서 0.5~3% 기본 M포인트 적립
온라인쇼핑 시 1~10% 추가 M포인트 적립 외
멤버십포인트: 일상생활, 쇼핑, 자동차구매, H-Coin, 현대카드 Gift카드 등
다양한 사용처에서 M포인트 사용
제휴/PLCC: KIA Members 멤버십서비스
프리미엄 서비스: 현대카드 플래티넘서비스"
972,캐시백 플러스 카드(온라인+해외),롯데카드,"10,000","15,000","모든가맹점: 매월 이용한 금액에 따라 최대 1% 캐시백 적립
온라인쇼핑: 온라인+해외 업종 5% 캐시백 적립
백화점: 롯데백화점 5% 현장할인 e-쿠폰, 무료 주차권 제공
테마파크: 롯데월드 본인 종합이용권 50% 현장할인
유의사항: 꼭 확인하세요!"
973,우체국 카드의정석 POINT,우리카드,"10,000","12,000","기타: 우체국 이용 시 5% 모아포인트 적립
모든가맹점: 국내 모든가맹점 0.8~5% 적립
해외직구: 해외이용금액의 1% 적립
네이버페이: 주요 간편결제 모아포인트 3% 추가적립
유의사항: 꼭 알아두세요!"
974,우체국 카드의정석 SHOPPING,우리카드,"10,000","12,000","기타: 우체국 이용 시 10% 청구할인
온라인쇼핑: 온라인쇼핑 10% 청구할인
대형마트: 오프라인 쇼핑 10% 청구할인
백화점: 오프라인 쇼핑 10% 청구할인
삼성페이: 온라인 업종 4대 PAY 결제 시 5% 추가 청구할인
주유소: 4대 주유소 주말 주유 시 리터당 60원 청구할인
카페: 스타벅스, 폴바셋 1천원 청구할인
해외직구: 해외이용금액 1% 청구할인
유의사항: 꼭 확인하세요!"
975,우체국 하나로 전자카드,우체국,,,"기타: 우체국 서비스 10% 캐시백
병원: 병의원 5% 캐시백
SKT: 통신료 5% 캐시백
일반음식점: 요식업 3% 캐시백
편의점: 편의점 3% 캐시백
호텔: 숙박업 3% 캐시백
수수료우대: 해외 수수료 면제
기타: UnionPay 퀵패스(QuickPass) 결제 가능
유의사항: 꼭 확인하세요!"
976,우체국 드림플러스 아시아나 하이브리드카드,우체국,,,"아시아나항공: 1,500원당 아시아나 항공 1마일리지 적립
소셜커머스: 쿠팡, 티몬, 위메프 5% 캐시백
대형마트: 대형마트 5% 캐시백
편의점: 편의점 5% 캐시백
카페: 카페 5% 캐시백
면세점: 면세점 5% 캐시백
기타: 우체국 서비스 이용시 5% 캐시백
영화: 영화관 5% 캐시백
주유소: SK주유소 리터당 40원 할인
해외이용: 해외 이용 시 1% 캐시백
유의사항: 꼭 읽어보세요!"
977,우체국 어디서나 하이브리드 체크카드,우체국,,,"쇼핑: 전통시장 10% 캐시백,
대형마트, 6대 홈쇼핑, 다이소 5% 캐시백
푸드: 음식점 5%포인트 적립,
파리바게트, 뚜레쥬르, 엔제리너스, 카페베네, 스타벅스, 이디야, 폴바셋 5% 포인트 적립
주유소: SK주유 L당 40원 포인트 적립,
알뜰주유 L당 100원 포인트 적립
OTT/영화/문화: 메가박스 현장구매, 홈페이지 예매시 5% 캐시백,
Yes24, 교보문고(인터넷) 5% 캐시백
기타: 우편, 택배, EMS, 우표구매, 우체국쇼핑 10% 포인트 적립
통신: 통신료(SKT, KT, LG U+) 3천원 캐시백
유의사항: 혜택내용- 체크카드, 하이브리드(소액신용)카드 선택이 가능합니다.- 하이브리드 카드란?  * 기존의 체크카드와 소액신용 기능을 결합한 카드로, 결제계좌에 잔고가 없어도 30만원까지..."
978,행복한 하이브리드 체크카드,우체국,,,"병원/약국: 병원·의원, 모든 약국 10% 캐시백
학원: 학원 10% 캐시백
대형마트: 마트 10% 캐시백
공연/전시: 문화 10% 캐시백
기타: 순수 우편서비스 12% · 우체국쇼핑 10% 캐시백
지자체 시설 무료입장 및 할인, 에코머니 적립 등
유의사항: 꼭 확인하세요!"
979,다드림 하이브리드 체크카드,우체국,,,"적립: 국내 전 가맹점 이용금액의 0.3% 우체국 포인트 적립,
우편·우체국쇼핑 이용금액의 5% 우체국 포인트 적립
통신: 우체국 알뜰폰 통신료 10% 우체국 포인트 적립
멤버십포인트: 전국 Oh! point 가맹점에서 적립 또는 사용 가능
금융: 우체국 다드림 통장 우대서비스
유의사항: 꼭 확인하세요!"
980,우체국 나눔 체크카드,우체국,,,"모든가맹점: 국내 모든 가맹점 이용금액의 0.4% 캐시백
기타: 구세군자선냄비 기부금액의 40% 캐시백
기타: 디지털자선냄비 기부금액의 30% 캐시백
유의사항: 꼭 확인하세요!"
981,우체국 국민행복 체크카드,우체국,,,"기타: 우체국 서비스 이용금액의 10% 할인
선택형: 임신출산, 보육료/유아학비 등 지원
국민행복: 국민행복카드에 복수의 바우처 동시에 탑재
유의사항: 꼭 확인하세요!"
982,1st플래티늄카드 (포인트적립형),광주은행,"28,000","30,000","모든가맹점: 모든 가맹점에서 0.7% 적립
골프: 모든 골프장에서 건별 이용금액 10만원당 5천원 적립
영화: 모든 영화관 건별 이용금액 8천원 이상 시 3천원 적립
프리미엄 서비스: 국내 외 겸용카드 Master Card 프리미엄서비스
유의사항: 꼭 확인하세요!"
983,1st플래티늄카드 (캐시백형),광주은행,"28,000","30,000","모든가맹점: 모든 가맹점에서 0.7% 캐시백
골프: 모든 골프장에서 건별 이용금액 10만원당 5천원 캐시백
영화: 모든 영화관 건별 이용금액 8천원 이상 시 3천원 캐시백
프리미엄 서비스: 국내 외 겸용카드 Master Card 프리미엄서비스
유의사항: 꼭 확인하세요!"
984,부자되세요 The Oil카드,광주은행,"8,000","10,000","주유소: GS 칼텍스 리터당 최대 150원 할인
온라인쇼핑: 소셜커머스 온라인쇼핑 5% 포인트적립
백화점: 백화점 5% 포인트적립
대형마트: 대형마트 5% 포인트적립
패밀리레스토랑: 패밀리레스토랑 10% 포인트적립
카페: 커피전문점 10% 포인트적립
보험: 삼성화재 Travel Master 보험 서비스 제공
유의사항: 꼭 확인하세요!"
985,광주·전남愛사랑카드,광주은행,"8,000","10,000","지역: 광주/전남지역 고향사랑(사회복지공동모금회) 0.5% 기부 서비스
기타: 그린카드 멤버십 서비스
골프: 골프장 5,000포인트 적립
패밀리레스토랑: 패밀리레스토랑 10% 포인트 적립
카페: 카페 10% 포인트 적립
온라인쇼핑: 온라인 쇼핑/예매 10% 포인트 적립
대중교통: 교통 10% 포인트 적립
유의사항: 꼭 확인하세요!"
986,광주·전남愛사랑플래티늄카드,광주은행,"118,000","120,000","지역: 광주/전남지역 고향사랑(사회복지공동모금회) 0.5% 기부 서비스
바우처: 연간 4가지 바우처 중 택1
골프: 골프장 5,000포인트 적립
패밀리레스토랑: 패밀리레스토랑 10% 포인트 적립
카페: 카페 10% 포인트 적립
온라인쇼핑: 온라인 쇼핑/예매 10% 포인트 적립
대중교통: 교통 10% 포인트 적립
프리미엄 서비스: MasterCard Platinum 서비스
유의사항: 꼭 확인하세요!"
987,신협-현대카드M Edition2,현대카드,"15,000","20,000","금융: 현금카드 서비스
적립: 업종별 0.5~2% 적립
월 100만원 이상 이용 시 1.5배 적립"
988,신협-현대카드M2 Edition2,현대카드,"35,000","40,000","금융: 현금카드 서비스
적립: 업종별 0.5~2% 적립
월 100만원 이상 이용 시 1.5배 적립
프리미엄 서비스: 현대카드 플래티넘 서비스"
989,신협-현대카드 ZERO,현대카드,"5,000","10,000","금융: 현금카드 서비스
모든가맹점: 모든 가맹점에서 이용대금의 0.7% 할인
생활필수영역 0.5% 추가 할인
무이자할부: 모든 가맹점에서 2~3개월 할부 결제 시 무이자 혜택 제공"
990,신협-현대카드 MY BUSINESS M Edition2,현대카드,"35,000","40,000","비즈니스: MY BUSINESS 사업지원서비스
금융: 현금카드 서비스
적립: 업종별 0.5~2% 적립
월 100만원 이상 이용 시 1.5배 적립"
991,신한카드 The BEST-T,신한카드,,"230,000","바우처: 매년 1회 Gift Option 선택
항공마일리지: 대한항공/아시아나항공 마일리지 적립 (택 1)
공항: 인천공항 고속도로 통행료 할인 서비스
인천공항 주차비 할인 서비스
프리미엄: 국제 브랜드사 서비스 (플래티늄 등급 선택 시 제공)
유의사항: 꼭 확인하세요!"
992,산림조합-현대카드M Edition2,현대카드,"15,000","20,000","금융: 산림조합 결제 혜택
적립: 업종별 0.5~2% 적립
월 100만원 이상 이용 시 1.5배 적립"
993,신한카드 The BEST+,신한카드,,"295,000","바우처: Gift Option 서비스
항공마일리지: 항공 마일리지 적립 서비스
공항라운지: The Lounge Members 무료 이용 서비스
골프: 골프 할인 서비스
호텔: 특급호텔 라운지 무료음료 서비스
프리미엄: 국제 브랜드사 서비스 (플래티늄 등급 선택 시 제공)
유의사항: 꼭 확인하세요!"
994,신한카드 The ACE BLUE LABEL,신한카드,,"700,000","바우처: 매년 1회 Gift Option 선택
항공마일리지: 대한항공 마일리지/아시아나항공 마일리지 적립 (택 1)
적립: 마이신한포인트 적립 (특별적립, 보너스적립)
프리미엄: 연(1~12월) 중 3회 선택이 가능한 Premium Box 서비스 제공
병원: 의료비 할인 서비스
카페: 폴바셋 월 1회(2잔), 연 최대 12회(24잔) 무료 음료 서비스
PP: 공항라운지카드(Priority Pass) 서비스
면세점: JDC 면세점 8% 할인 서비스
골프: 골프장 부킹 대행 서비스
프리미엄: 라이프스타일 Desk 서비스
프리미엄 서비스: 국제 브랜드사 서비스 (플래티늄 등급 선택 시 제공)
유의사항: 꼭 확인하세요!"
995,나주사랑 신한카드 S-Choice(선택형) 체크,신한카드,,,"교통: (교통형) 버스, 지하철, 택시 10% 캐시백
카페: (커피형) 모든 커피전문점 20% 캐시백
쇼핑: (쇼핑형) 4대 백화점 및 3대 할인점 10% 캐시백
유의사항: 꼭 확인하세요!"
996,신한카드 Ownership,신한카드,"10,000","15,000","적립: 카드 포인트 최고 5% 적립
쇼핑: 백화점, 홈쇼핑, 온라인몰, 마트, 토이저러스 최고 5% 적립
쇼핑 무이자할부 제공
해외: 해외사용 최고 5% 적립
통신: 이동통신 최고 5% 적립
모든가맹점: 국내 가맹점 최고 0.3% 적립
주유: S-OIL, 현대오일뱅크 주유 시 60원/L 적립
비즈니스: 전월 오너십카드 사용실적에 따라 회원 명의의 신한카드 가맹점 매출액에 대하여 최고 0.5% 적립
영화: 맥스무비, 인터파크, YES24 영화 할인
테마파크: 에버랜드, 롯데월드, 서울랜드, 캐리비안베이 할인
비즈니스: 사업자 공통서비스 제공
프리미엄: 국제 브랜드사 서비스 (플래티늄 등급 선택 시 제공)
유의사항: 꼭 확인하세요!"
997,산림조합-현대카드M2 Edition2,현대카드,"35,000","40,000","금융: 산림조합 결제 혜택
적립: 업종별 0.5~2% 적립
월 100만원 이상 이용 시 1.5배 적립
프리미엄 서비스: 현대카드 플래티넘 서비스"
998,산림조합-현대카드ZERO,현대카드,"5,000","10,000","금융: 산림조합 결제 혜택
모든가맹점: 모든 가맹점에서 이용대금의 0.7% 할인
생활필수영역 0.5% 추가 할인
무이자할부: 모든 가맹점에서 2~3개월 할부 결제 시 무이자 혜택 제공"
999,현대카드 MY BUSINESS ZERO MOBILE(포인트형),현대카드,"5,000","10,000","비즈니스: MY BUSINESS 사업지원서비스
적립: 국내외 가맹점 이용금액의 1% M포인트 적립
적립: 추가 M포인트(6대 온라인쇼핑 업종, 신차구매, GS칼텍스주유, 선결제 등)
유의사항: 꼭 확인하세요!"
1000,현대카드 MY BUSINESS ZERO(포인트형),현대카드,"5,000","10,000","비즈니스: MY BUSINESS 사업지원서비스
적립: 국내외 가맹점 이용금액의 1% M포인트 적립
적립: 추가 M포인트(6대 생활필수영역, 신차구매, GS칼텍스주유, 선결제 등)
유의사항: 꼭 확인하세요!"
1001,현대카드 MY BUSINESS M3 Edition2,현대카드,"85,000","85,000","비즈니스: MY BUSINESS 사업지원서비스
적립: 업종별 0.5~2% 적립
월 200만원 이상 이용시 2배 / 월 100만원 이상 이용 시 1.5배 적립
프리미엄 서비스: 현대카드 플래티넘서비스"
1002,Mobile x LOCA 롯데카드,롯데카드,"20,000","20,000","통신: 통신요금 최대 2만원 할인
모든가맹점: 국내 모든 가맹점 최대 1% 할인
기타: L.POINT
유의사항: 꼭 확인하세요!"
1003,신한카드 Love Platinum#,신한카드,,"50,000","쇼핑: 전국 유명 백화점, 할인점, 온라인 쇼핑몰 5% 할인
전국 유명 백화점 및 할인점 상시 2~3개월 무이자 할부
주유: GS칼텍스 60원/L 할인
푸드: 불고기브라더스, 제일제면소 30% 할인
아웃백, 카페마마스, 스타벅스 20% 할인
영화: CGV, YES24 영화 7천원 할인
생활: LG계열 제휴사 최대 5~10% 할인 및 포인트 적립
적립: Love포인트 적립
테마파크: 유명 테마파크 자유이용권 할인
경기관람: 스포츠 할인
프리미엄: Platinum# 서비스 및 국제브랜드사 서비스
유의사항: 꼭 확인하세요!"
1004,다이아몬드 (Diamond) 카드,롯데카드,,"300,000","바우처: 스페셜 기프트 제공
명품기프트, 호텔바우처, 면세점이용권
대한항공: 대한항공 스카이패스 마일리지 1,500원 당 1마일 적립
항공권: 국내외 동반자 무료 항공권 제공
프리미엄 서비스: 마스터 다이아몬드 서비스
공항/호텔 무료 발렛, 공항라운지 서비스
유의사항: 꼭 확인하세요!"
1005,대교리브로 롯데카드,롯데카드,"7,000","10,000","도서: 대교리브로 도서구매 최대 25% 할인
대교리브로 멤버십 최대 70%할인
헤어: 박준뷰티랩, 박승철 헤어스투디오 할인

경기관람: 롯데 자이언츠 20% 할인

영화: 뮤지컬, 연극 등 공연 10~30% 할인
롯데시네마 영화관람료 1,500원 할인
푸드: 미스터피자 15% 현장 할인
T.G.I.F 상시 10% 할인
적립: L.POINT 적립 0.1%~3%

유의사항: 꼭 확인하세요!"
1006,신한카드 LABE,신한카드,"197,000","200,000","바우처: 매년 1회 Gift Option 선택 제공
대한항공: 항공 마일리지 적립
골프: 골프 쇼핑 or 레슨 할인
공항라운지: 골프 커피 or 공항라운지 무료
배달앱: 배달 앱(쿠팡이츠, 배달의 민족) 10% 할인
프리미엄: 국제 브랜드사 서비스 (플래티늄 등급 선택 시 제공)
유의사항: 꼭 확인하세요!"
1007,Clip카드,KB국민카드,,"15,000","KT: KT 통신요금 청구할인 최대 17,000원
유의사항: 꼭 확인하세요!"
1008,대신 CMA 롯데DC플러스 카드,롯데카드,,"10,000","증권사: 대신 CMA 서비스
이체수수료면제, 통합자산관리, 공모주 수수료 면제 등
기타: 롯데멤버스 제휴사 최고 12% 할인
무이자할부: 학원, 병의원 업종 2~3개월 무이자 할부
헤어: 박준뷰티랩, 박승철 헤어스투디오 할인
테마파크: 롯데월드 종합이용권 50% 할인
경주월드, 대전오월드 자유이용권 50% 할인
경기관람: 롯데 자이언츠 20% 할인

백화점: 롯데백화점  5% 할인쿠폰 제공
롯데 면세점 5~10% 할인
영화: 뮤지컬, 연극 등 공연 10~30% 할인
롯데시네마 영화관람료 1,500원 할인
푸드: 미스터피자 15% 현장 할인
T.G.I.F 상시 10% 할인
주유소: SK주유소 리터당 SK주유포인트 50원적립

유의사항: 꼭 확인하세요!"
1009,MY RENTAL 롯데카드,롯데카드,"12,000","15,000","렌탈 : 롯데렌탈 렌탈 상품 대여료 결제일 할인(청구할인)
기타: L.POINT
유의사항: 꼭 확인하세요!"
1010,EVO 티타늄카드,KB국민카드,"30,000","30,000","기타: 전기/수소차 충전 50% 적립
올가홀푸드, 바이올가, SSG.COM, 쿠팡 5% 적립
기타: 이용건별 기부서비스(1+1적립)
프리미엄 서비스: K-WORLD/국내전용 티타늄 서비스
Master 티타늄 서비스
유의사항: 꼭 확인하세요!"
1011,OIL KING SK 롯데카드,롯데카드,"10,000","15,000","주유소: SK주유소 주유 청구할인
헤어: 미용실 최대 20% 할인
테마파크: 국내 놀이공원 최대 50% 현장할인
쇼핑: 롯데백화점, 롯데ON, 면세점 최대 10%할인
푸드: T.G.I.F 10% 할인, 미스터미자 15% 현장 할인
유의사항: 꼭 확인하세요!"
1012,신한카드 Hi-Point MyShop PLATINUM#,신한카드,,"30,000","적립: 전월실적에 따라 사업성경비 포인트 1~5% 적립
금융: 단기/장기카드대출(현금서비스/카드론) 금리우대
비즈니스: 개인사업자 공통서비스 제공
프리미엄: Platinum# 서비스 및 국제브랜드사 서비스
유의사항: 꼭 확인하세요!"
1013,신한카드 Hi-Point MyShop,신한카드,,"15,000","적립: 전월실적에 따라 사업성경비 포인트 1~5% 적립
금융: 단기/장기카드대출(현금서비스/카드론) 금리우대
비즈니스: 개인사업자 공통서비스 제공
테마파크: 에버랜드, 롯데월드, 서울랜드, 캐리비안베이 할인
영화: 맥스무비, 인터파크, YES24 영화 할인
무이자할부: 백화점, 마트 2~3개월 무이자 할부 제공
유의사항: 꼭 확인하세요!"
1014,olleh 롯데 삼삼한 체크카드,롯데카드,,,"KT: KT통신요금 최대 5천원 청구 할인
백화점: 롯데백화점, 롯데닷컴 5% 현장할인
테마파크: 롯데월드 50% 현장할인 
영화: 롯데시네마 1,500원 청구할인
프리미엄 서비스: olleh스쿨 프리미엄 서비스
생활: 롯데리아, 엔제리너스 현장할인

기타: L.POINT
유의사항: 꼭 확인하세요!"
1015,신한카드 EV,신한카드,,"12,000","충전소: 전기차 충전요금 30~50% 결제일 할인
하이패스: 하이패스 요금 10% 캐시백
생활: 생활서비스 10% 할인
편의점, 병원/약국, 3대마트, 대중교통, 택시, 커피전문점
보험: 현대해상 다이렉트 자동차 보험 가입 시 3만원 할인
유의사항: 꼭 확인하세요!"
1016,OPTIN 플래티넘 카드,롯데카드,"55,000","60,000","모든가맹점: 전 가맹점 조건없이 0.5% 기본적립, 최대 3.5% 적립
프리미엄: OPTIN 플래티넘 카드 프리미엄 서비스
프리미엄: 마스터 플래티넘 서비스
쇼핑: 쇼핑
OTT/영화/문화: 놀이공원 및 영화 할인
호텔: 객실 및 일부 식음료장 현장 할인
헤어: 미용실 최대 20% 할인
푸드: 외식
멤버십포인트: L.POINT
유의사항: 꼭 확인하세요!"
1017,신세계 신한카드 SKYPASS / Asiana Club,신한카드,,"42,000","멤버십포인트: 신세계백화점 멤버십, 신세계 포인트 적립
항공마일리지: 대한항공: 기본적립 및 추가적립 1,500원당 1마일
아시아나: 기본적립 및 추가적립 1,000원당 1마일
해외이용: 면세/해외 할인
프리미엄: 국제브랜드사 서비스
유의사항: 꼭 확인하세요!"
1018,리디 신한카드,신한카드,,"13,000","도서: 리디북스 20% 결제일 할인
SPA브랜드: SPA 브랜드 10% 결제일 할인
드럭스토어: H&B Store 10% 결제일 할인
영화: CGV, 롯데시네마, 메가박스 4천원 결제일 할인
카페: 커피 업종 이용시 20% 결제일 할인
유의사항: 꼭 확인하세요!"
1019,더본 신한카드,신한카드,,"13,000","카페: 빽다방 30% 결제일 할인
푸드: 더본(theborn) 모든 매장 10% 결제일 할인
편의점: 편의점 5% 결제일 할인
택시: 택시 10% 결제일 할인
영화: CGV 3천원 결제일 할인
유의사항: 꼭 확인하세요!"
1020,노란우산 신한카드,신한카드,,"10,000","적립: 노란우산 신한카드 포인트 월 최대 5만P 적립
생활: 전월 30만원 이상 이용 시 병원/약국, 대중교통, 주유소 할인
비즈니스: 사업자지원 서비스
유의사항: 꼭 확인하세요!"
1021,롯데면세점 롯데 아멕스카드,롯데카드,,"10,000","면세점: 면세점 쇼핑 최고 15% 할인/무이자 할부/포인트 추가 적립
뷰티/피트니스: 미용실 최대 20% 할인
테마파크: 놀이공원 할인
레저/스포츠: 롯데 자이언츠 20% 할인
쇼핑: 롯데백화점, 롯데ON, 면세점 5~15% 할인
롯데마트, 롯데슈퍼, 토이저러스 무이자 할부
여행/숙박: 여행서비스
해외렌터카 할인 예약 서비스
OTT/영화/문화: 롯데시네마, 뮤지컬, 연극 할인
푸드: 보네스뻬/보네스뻬브레드, T.G.I.F 10% 할인
자동차/하이패스: SK주유포인트 50원적립
멤버십포인트: L.POINT, 롯데 SK 주유포인트 적립 적립
유의사항: 꼭 확인하세요!"
1022,현대카드 MY BUSINESS M2 Edition2,현대카드,"55,000","55,000","비즈니스: MY BUSINESS 사업지원서비스
적립: 업종별 0.5~2% 적립
월 100만원 이상 이용 시 1.5배 적립
프리미엄 서비스: 현대카드 플래티넘서비스"
1023,대신 CMA 롯데체크카드,롯데카드,,,"증권사: 대신CMA 이체 수수료 면제
통합 자산관리 기능
연회비지원: 연회비 면제
무료 SMS 서비스
헤어: 박준뷰티랩, 박승철 헤어스투디오 할인

테마파크: 롯데월드 종합이용권 50% 할인
경주월드, 대전오월드 자유이용권 50% 할인 
경기관람: 롯데 자이언츠 20% 할인
백화점: 롯데백화점  5% 할인쿠폰 제공
롯데 면세점 5~10% 할인
호텔: 해외항공권 1~7% 할인
해외여행상품 3~7% 할인
일반음식점: 미스터피자 15% 현장 할인
T.G.I.F 상시 10% 할인
주유소: SK주유소 리터당 SK주유포인트 50원적립

유의사항: 꼭 확인하세요!"
1024,대신 CMA 롯데포인트플러스 카드,롯데카드,,"5,000","증권사: 대신CMA 이체 수수료 면제
통합 자산관리 기능
적립: 롯데제휴사 더블 포인트 적립
헤어: 박준뷰티랩, 박승철 헤어스투디오 할인

경기관람: 롯데 자이언츠 20% 할인
백화점: 롯데백화점  5% 할인쿠폰 제공
롯데 면세점 5~10% 할인
주유소: SK주유소 리터당 SK주유포인트 50원적립

유의사항: 꼭 확인하세요!"
1025,현대카드 MY BUSINESS M Edition2,현대카드,"35,000","35,000","비즈니스: MY BUSINESS 사업지원서비스
적립: 업종별 0.5~2% 적립
월 100만원 이상 이용 시 1.5배 적립"
1026,현대카드 MY BUSINESS ZERO MOBILE(할인형),현대카드,"10,000","10,000","비즈니스: MY BUSINESS 사업지원서비스
할인: [기본 할인] 국내외 가맹점 이용금액의 0.7% 청구 할인
할인: [추가 할인] 6대 온라인쇼핑 업종 이용금액의 0.8% 추가 할인 
[추가 할인] 이용 후 5일 이내 선결제 시 0.3% 추가 할인"
1027,대신증권 꼬박꼬박 롯데카드,롯데카드,"5,000","8,000","캐시백: 전월이용금액에따라 최대 15,000원 캐시백
기타: L.POINT 적립
롯데 SK 주유포인트 적립
헤어: 박준뷰티랩, 박승철 헤어스투디오 할인

경기관람: 롯데 자이언츠 20% 할인
백화점: 롯데백화점  5% 할인쿠폰 제공
롯데 면세점 5~10% 할인
주유소: SK주유소 리터당 SK주유포인트 50원적립

OTT/영화/문화: 뮤지컬, 연극 등 공연 10~30% 할인
롯데시네마 영화관람료 1,500원 할인
일반음식점: 미스터피자 15% 현장 할인
롯데리아, 엔제리너스, 나뚜루 할인
주유소: SK주유소 리터당 SK주유포인트 50원적립

적립: L.POINT 적립
롯데 SK주유포인트 적립
유의사항: 꼭 확인하세요!"
1028,현대카드 MY BUSINESS ZERO(할인형),현대카드,"10,000","10,000","비즈니스: MY BUSINESS 사업지원서비스
할인: [기본 할인] 국내외 가맹점 이용금액의 0.7% 청구 할인
할인: [추가 할인] 생활필수영역 0.5% 추가 할인 
[추가 할인] 이용 후 5일 이내 선결제 시 0.3% 추가 할인"
1029,현대카드 MY BUSINESS X3 Edition2,현대카드,"85,000","85,000","비즈니스: MY BUSINESS 사업지원서비스
할인: 모든 가맹점 0.5% / 1% 할인
시즌 스페셜 할인처에서 5% / 10% 할인
프리미엄 서비스: 현대카드 플래티넘서비스"
1030,현대카드 MY BUSINESS X2 Edition2,현대카드,"55,000","55,000","비즈니스: MY BUSINESS 사업지원서비스
할인: 모든 가맹점 0.5% / 1% 할인
시즌 스페셜 할인처에서 5% 할인
프리미엄 서비스: 현대카드 플래티넘서비스"
1031,현대카드 MY BUSINESS X Edition2,현대카드,"55,000","55,000","비즈니스: MY BUSINESS 사업지원서비스
할인: 모든 가맹점 0.5% / 1% 할인
시즌 스페셜 할인처에서 5% 할인"
1032,후불하이패스 카드,하나카드,"5,000",,하이패스: 후불하이패스
1033,현대렌탈서비스 하나카드,하나카드,"20,000","20,000","렌탈 : 현대렌탈서비스 렌탈료 월 8천원/1만3천원할인
유의사항: 꼭 확인하세요!"
1034,SB롯데카드,롯데카드,"5,000",10000,"헤어: 미용실 최대 20% 할인
경기관람: 롯데 자이언츠 20% 할인
쇼핑: 롯데백화점, 롯데ON, 면세점 할인
여행/숙박: 여행서비스
푸드: 외식
멤버십포인트: L.POINT 적립
기타: 업종별 월 최고 10% 할인
유의사항: 꼭 확인하세요!"
1035,한화손해보험 카드,하나카드,"5,000","5,000","보험: 한화손해보험 자동차 보험료 최대 3만원 할인
한화손해보험 결제 시 최대 3개월 무이자/ 한화호텔&리조트 20% 할인
주유소: SK주유소 50원/ℓ 할인
엔진오일 교환 시 최대 1만 5천원 현장할인
OTT/영화/문화: 영화 최고 4,000원 할인
놀이공원 본인 최고 50% 할인
무이자할부: 백화점/대형마트 2~3개월 무이자 할부
대중교통: 대중교통 이용금액 10% 할인
유의사항: 꼭 확인하세요!"
1036,캐시비 롯데카드,롯데카드,"5,000",,"대중교통: 캐시비 선불카드 충전요금 10% 청구할인
대형마트: 롯데마트 10% 청구할인
백화점: 롯데백화점 5% 할인 쿠폰 제공
온라인쇼핑: 롯데ON 5% 할인
면세점: 롯데면세점 최대 10% 할인
대형마트: 롯데마트, 롯데슈퍼 무이자할부 혜택
기타: 토이저러스 무이자할부 혜택
헤어: 미용실 최대 20% 할인
경기관람: 롯데 자이언츠 20% 할인
영화: 롯데시네마 관람료 1,500원 청구할인
패밀리레스토랑: 보네스뻬, T.G.I.F 할인
푸드: 롯데리아, 엔제리너스커피, 나뚜루 할인
유의사항: 꼭 확인하세요!"
1037,하나멤버스 1Q Hit1 카드,하나카드,"30,000","32,000","모든가맹점: 국내/외 모든 가맹점 1% 하나머니 적립
적립: 음식점, 편의점, 주유 통신 등 특별가맹점 2~3% 하나머니 적립
카페: 스타벅스/커피빈 4천원 청구할인
영화: CGV, 롯데시네마, 메가박스 5천원 청구할인
유의사항: 꼭 확인하세요!"
1038,SK 드라이빙패스 롯데카드,롯데카드,"8,000","12,000","주유소: SK주유소 리터당 100원 할인 및 드라이빙패스카드 할인 서비스
보험: 자동차보험료 할인 최대 3만원 할인
헤어: 미용실 최대 20% 할인
쇼핑: 롯데백화점, 롯데ON, 면세점 할인
영화: 롯데시네마 관람료 1,500원 청구할인
테마파크: 국내 놀이공원 30~50% 현장할인
푸드: 외식
멤버십포인트: L.POINT 적립
유의사항: 꼭 확인하세요!"
1039,카카오페이 체크카드,광주은행,,"2,000","카카오페이: 카카오페이 15% 청구할인
온라인쇼핑: [온라인쇼핑] 온라인쇼핑 10% 청구할인
편의점: [오프라인쇼핑] 편의점 5% 청구할인
드럭스토어: [오프라인쇼핑] 올리브영, 다이소 5% 청구할인
유의사항: 꼭 확인하세요!"
1040,컬쳐랜드 롯데카드,롯데카드,"5,000","8,000","기타: 컬쳐캐쉬 구매 시 최대 2만원 청구할인
백화점: 롯데백화점 5% 할인 쿠폰 제공
온라인쇼핑: 롯데ON 5% 할인
면세점: 롯데면세점 최대 10% 할인
대형마트: 롯데마트, 롯데슈퍼 무이자할부 혜택
기타: 토이저러스 무이자할부 혜택
헤어: 미용실 최대 20% 할인
경기관람: 롯데 자이언츠 20% 할인
영화: 롯데시네마 관람료 1,500원 청구할인
유의사항: 꼭 확인하세요!"
1041,하나멤버스 1Q(원큐) 카드 Special,하나카드,"8,000","10,000","적립: 국내외특화가맹점 합산이용금액 10만원 당 5천 하나머니 적립
공과금: 아파트관리비 자동이체 결제시 월 1회 5천 하나머니 적립
카페: 하나은행 결제계좌 이용고객 월1회 커피 할인
멤버십포인트: 하나멤버스 서비스
하나금융그룹에서 제공하는 멤버십 서비스로서 하나머니 적립, 충전, 사용 서비스 및 각종 고객 우대 프로그램 제공
유의사항: 꼭 확인하세요!"
1042,SK롯데 체크카드,롯데카드,,,"주유소: SK주유소 리터당 40원 할인
영화: 롯데 시네마 1,500원 할인
헤어: 미용실 최대 20% 할인
경기관람: 롯데 자이언츠 20% 할인
쇼핑: 롯데백화점, 롯데ON, 롯데마트 할인
멤버십포인트: L.POINT 적립
테마파크: 국내 놀이공원 최대 50% 할인
푸드: 외식
여행/숙박: 여행서비스
유의사항: 꼭 확인하세요!"
1043,불타는청춘 베테랑 체크카드,광주은행,,,"모든가맹점: [기본 캐시백 서비스] 모든 가맹점 0.1% 캐시백
병원: [특별 캐시백 서비스] 병원/의원/요양병원 업종 10% 추가 캐시백
약국: [특별 캐시백 서비스] 약국 업종 10% 추가 캐시백
대형마트: [추가 캐시백 서비스] 대형마트 5% 추가 캐시백
백화점: [추가 캐시백 서비스] 백화점 5% 추가 캐시백
기타: [추가 캐시백 서비스] 슈퍼마켓 업종 5% 추가 캐시백
주유소: [추가 캐시백 서비스] 주유 업종 5% 추가 캐시백
생활: [추가 캐시백 서비스] 사우나 업종 5% 추가 캐시백
유의사항: 꼭 확인하세요!"
1044,코리아패스 체크카드,롯데카드,,,"항공권: 제휴 항공 25% 할인
온라인 여행사: 여행포인트 서비스, 전국 관광 우수 가맹점 할인 서비스
연회비지원: 연회비 면제 및 SMS 무료 서비스
기차: KTX 승차권 구매 서비스
기타: 주요 국가 교통 패스 예약 및 입장권 할인 서비스
백화점: 롯데백화점 5% 할인 쿠폰 제공
온라인쇼핑: 롯데ON 5% 할인
대형마트: 롯데마트, 롯데슈퍼 무이자할부 혜택
기타: 토이저러스 무이자할부 혜택
테마파크: 놀이공원 최대 50% 할인
경기관람: 롯데 자이언츠 20% 할인
패밀리레스토랑: 보네스뻬, T.G.I.F 할인
푸드: 롯데리아, 엔제리너스커피, 나뚜루 할인
헤어: 미용실 최대 20% 할인
항공권: 해외항공권, 해외여행상품, 해외호텔 할인
유의사항: 꼭 확인하세요!"
1045,멍이냥이 체크카드,광주은행,,,"동물병원: 반려동물 업종 10% 캐시백
생활: 생활 업종 5% 캐시백
기타: 사진카드 발급 서비스
유의사항: 꼭 확인하세요!"
1046,여행스케치 아시아나클럽 체크카드,광주은행,,,"아시아나항공: [아시아나 마일리지 적립 서비스] 기본 5,000원당 1마일리지 적립
아시아나항공: [아시아나 마일리지 적립 서비스] 2030업종 3,000원당 1마일리지 적립
아시아나항공: [아시아나 마일리지 적립 서비스] 해외 1,000원당 1마일리지 특별적립
수수료우대: 환율 우대
수수료우대: 해외 ATM 수수료 면제
유의사항: 꼭 확인하세요!"
1047,SUPER PLUS 체크카드,롯데카드,"3,000",,"모든가맹점: 외식업종 가맹점 이용 시 최고 10% 캐시백
마트/편의점: 전국 롯데슈퍼 전점 이용금액 최고 10% 캐시백
유의사항: 꼭 확인하세요!"
1048,코리아패스 카드,롯데카드,"8,000","10,000","항공권: 제휴 항공 25% 할인
온라인 여행사: 여행포인트 서비스, 전국 관광 우수 가맹점 할인 서비스
보험사: 여행자 보험 서비스
기차: KTX 승차권 구매 서비스
기타: 보너스 여행 포인트 및 여행 편의 서비스
헤어: 미용실 최대 20% 할인
테마파크: 놀이공원 최대 50% 할인
경기관람: 롯데 자이언츠 20% 할인
백화점: 롯데백화점 5% 할인 쿠폰 제공
온라인쇼핑: 롯데ON 5% 할인 및 무이자 할부 혜택
면세점: 롯데면세점 최대 10% 할인
대형마트: 롯데마트, 롯데슈퍼 무이자할부 혜택
기타: 토이저러스 무이자할부 혜택
항공권: 해외항공권, 해외여행상품, 해외호텔 할인
공연/전시: 뮤지컬, 연극 등 공연 10~30% 할인
패밀리레스토랑: 보네스뻬, T.G.I.F, 미스터피자 할인
푸드: 롯데리아, 엔제리너스커피, 나뚜루 할인
유의사항: 꼭 확인하세요!"
1049,모두투어 투어마일리지 롯데카드,롯데카드,"5,000","10,000","항공마일리지: 항공마일리지 1,000원당 15마일리지 적립
테마파크: 롯데월드 본인 무료입장 또는 본인 종합이용권 50% 할인
헤어: 미용실 최대 20% 할인
쇼핑: 쇼핑 할인 서비스
OTT/영화/문화: 영화 할인
푸드: 외식 할인
유의사항: 꼭 확인하세요!"
1050,K-CHECK 카드,광주은행,,"2,000","대형마트: [k포인트 적립서비스] 광주/전남 소재 마트 건당 1,000포인트 적립
주유소: [k포인트 적립서비스] 주유 리터당 60포인트 적립
대중교통: [k포인트 적립서비스] 광주/전남 지역 대중교통 5%포인트 적립
영화: [k포인트 적립서비스] 광주/전남 소재 영화관 건당 1,000포인트 적립
카페: [k포인트 적립서비스] 광주/전남 소재 카페 건당 500포인트 적립
도서: [k포인트 적립서비스] 온라인 YES24 건당 500포인트 적립
기타: [k포인트 적립서비스] 레저 30% 현장할인
OK캐쉬백: BC카드사의 Oh! Point서비스 제공
유의사항: 꼭 확인하세요!"
1051,롯데손해보험 롯데카드,롯데카드,,"15,000","자동차/하이패스: 자동차보험료 최대 3만원 할인
카드사: 첫사용 축하 5,000원 할인
무이자할부: 보험료 무이자 할부
뷰티/피트니스: 미용실 최대 20% 할인
레저/스포츠: 롯데 자이언츠 20% 할인
쇼핑: 롯데백화점, 롯데ON, 면세점 할인
롯데마트, 롯데슈퍼, 토이저러스 무이자할부
OTT/영화/문화: 롯데시네마, 뮤지컬, 연극 할인
자동차/하이패스: SK주유포인트 50원적립
멤버십포인트: L.POINT, 롯데 SK 주유포인트 적립 적립
유의사항: 꼭 확인하세요!"
1052,코코몽 롯데카드,롯데카드,"5,000","10,000","테마파크: 코코몽 키즈랜드 모바일 입장권 제공
테마파크: 코코몽 키즈랜드 아동입장권 10% 현장할인
헤어: 미용실 최대 20% 할인
경기관람: 롯데 자이언츠 20% 할인
백화점: 롯데백화점 5% 할인 쿠폰 제공
온라인쇼핑: 롯데ON 5% 할인 및 무이자 할부 혜택
면세점: 롯데면세점 최대 10% 할인
대형마트: 롯데마트, 롯데슈퍼 무이자할부 혜택
기타: 토이저러스 무이자할부 혜택
공연/전시: 뮤지컬, 연극 등 공연 10~30% 할인
멤버십포인트: L.POINT 적립
유의사항: 꼭 확인하세요!"
1053,The CJ 롯데카드,롯데카드,"5,000","6,000","홈쇼핑: CJ온스타일 5% 할인
화장품: 올리브영 10% 할인
푸드: CJ 푸드빌 외식 20% 할인 및 2% 적립
뷰티/피트니스: 뷰티
쇼핑: 롯데백화점, 롯데ON, 롯데마트 할부 및 할인
테마파크: 롯데월드 50% 현장할인
영화: 롯데시네마 청구할인
기타: 외식
멤버십포인트: L.POINT
유의사항: 꼭 확인하세요!"
1054,대한적십자사 Give1004 롯데카드,롯데카드,"5,000","10,000","생활: 연말정산 소득공제 혜택
대형마트: 3대 마트 최대 10% 할인
헤어: 박준뷰티랩, 박승철 헤어스투디오 할인
경기관람: 롯데 자이언츠 20% 할인

쇼핑: 롯데백화점  5% 할인쿠폰 제공
롯데 면세점 5~10% 할인
적립: L.POINT 적립 0.1%~3%

유의사항: 꼭 확인하세요!"
1055,우체국 하이브리드 여행 체크카드,우체국,,,"호텔: 호텔, 콘도 업종 10% 캐시백
여행/숙박: 항공사, 고속버스, 철도, 여객선, 택시, 렌터카 10% 캐시백
면세점: 전 면세점 10% 캐시백
여행사: 노랑풍선 등 관광여행 업종 10% 캐시백
기타: 우편, 택배, EMS, 우표구매, 우체국쇼핑 10% 캐시백
기타: 우체국 서비스 제외한 업종 이용 시 0.1% 포인트 적립
기타: 그린서비스 멤버십 서비스 제공
유의사항: 꼭 확인하세요!"
1056,쿠첸 프리미엄 롯데카드,롯데카드,"12,000",,"렌탈 : 쿠첸 렌탈료 결제시 월 7천원~2만원 청구할인
멤버십포인트: L.POINT
백화점: 롯데백화점 5% 할인 쿠폰 제공
면세점: 면세점 현장할인
온라인쇼핑: 롯데ON 할인
대형마트: 롯데마트, 롯데슈퍼, 토이저러스 무이자할부
테마파크: 롯데월드, 서울랜드 이용권 할인
영화: 롯데시네마 영화 관람료 1,500원 청구할인
패밀리레스토랑: T.G.I.F, 미스터피자, 보네스뻬 현장할인
푸드: 롯데리아, 엔제리너스커피, 나뚜루 할인
헤어: 미용실 최대 20% 할인
유의사항: 꼭 확인하세요!"
1057,쿠쿠전자 렌탈 Free 롯데카드,롯데카드,"12,000",,"렌탈 : 쿠쿠 렌탈료 자동이체 시 월 7천원 ~ 3만원 청구할인
멤버십포인트: L.POINT
백화점: 롯데백화점 5% 할인 쿠폰 제공
면세점: 면세점 현장할인
온라인쇼핑: 롯데ON 할인
대형마트: 롯데마트, 롯데슈퍼, 토이저러스 무이자할부
테마파크: 롯데월드 이용권 할인
영화: 롯데시네마 영화 관람료 1,500원 청구할인
패밀리레스토랑: T.G.I.F, 미스터피자, 보네스뻬 현장할인
푸드: 롯데리아, 엔제리너스커피, 나뚜루 할인
헤어: 미용실 최대 20% 할인
유의사항: 꼭 확인하세요!"
1058,롯데영플 체크카드,롯데카드,,,"교통: 충전식 선불교통카드 서비스
연회비지원: 연회비 면제 및 SMS 무료 서비스
헤어: 미용실 최대 20% 할인
경기관람: 롯데 자이언츠 20% 할인
쇼핑: 롯데백화점, 롯데ON, 롯데마트 할인
OTT/영화/문화: 롯데 시네마 1,500원 할인
자동차/하이패스: SK주유포인트 50원적립
멤버십포인트: L.POINT, 롯데 SK 주유포인트 적립 적립
여행/숙박: 해외항송권 1~7% 할인
유의사항: 꼭 확인하세요!"
1059,에듀카 롯데카드,롯데카드,,"5,000","보험: 자동차보험료 최대 3만원 할인
정비: 스피드메이트 자동차 정비 서비스
연회비지원: 차년도 연회비 면제
헤어: 미용실 최대 20% 할인
경기관람: 롯데 자이언츠 20% 할인
백화점: 롯데백화점 5% 할인 e-쿠폰 및 무료 주차권 제공
온라인쇼핑: 롯데ON 5% 할인 및 무이자 할부 혜택
면세점: 면세점 5~10% 할인 [롯데면세점]
무이자할부: 토이저러스 2~3개월 무이자할부 혜택 (체크카드 제외)
기타: 소액무서명 결제 서비스
공연/전시: 뮤지컬, 연극 등 공연 10~30% 할인
주유소: SK주유소 리터당 SK주유포인트 50원적립
멤버십포인트: L.POINT 적립
유의사항: 꼭 확인하세요!"
1060,큐니걸스 롯데포인트플러스 카드,롯데카드,"5,000","7,000","온라인쇼핑: 큐니걸스 최대 10% 청구할인
무이자할부: 큐니걸스 5만원 이상 구매 시 무이자 할부 서비스
연회비지원: 연회비 면제 서비스
헤어: 미용실 최대 20% 할인
경기관람: 롯데 자이언츠 20% 할인
백화점: 롯데백화점 5% 할인 쿠폰 제공
온라인쇼핑: 롯데ON 5% 할인
면세점: 롯데면세점 최대 10% 할인
대형마트: 롯데마트, 롯데슈퍼 무이자할부 혜택
기타: 토이저러스 무이자할부 혜택
영화: 롯데시네마 관람료 1,500원 청구할인
공연/전시: 뮤지컬, 연극 등 공연 10~30% 할인
패밀리레스토랑: 보네스뻬, T.G.I.F 할인
푸드: 롯데리아, 엔제리너스커피, 나뚜루 할인
주유소: SK주유소 리터당 SK주유포인트 50원적립
멤버십포인트: L.POINT 적립
유의사항: 꼭 확인하세요!"
1061,Real? Real! 2 카드,Sh수협은행,"10,000","10,000","모든가맹점: [기본청구할인] 국내 가맹점 0.5~1.5% 청구할인
기타: [특별청구할인] 국내 가맹점 1.5% 청구할인
해외이용: 해외 가맹점 2% 캐시백
은행사: 금융우대서비스
무이자할부: 무이자할부
유의사항: 꼭 확인하세요!"
1062,롯데월드 롯데카드,롯데카드,"10,000","10,000","테마파크: 롯데월드 무료입장 및 자유이용권 50% 할인
테마파크: 롯데월드 아이스링크 및 민속촌 입장료 할인
쇼핑: 롯데백화점 무이자 할부 및 무료주차권 제공
헤어: 미용실 최대 20% 할인
테마파크: 놀이공원 자유이용권 50%할인
레저/스포츠: 롯데 자이언츠 20% 할인
쇼핑: 롯데백화점, 롯데ON, 면세점 할인
롯데마트, 롯데슈퍼, 토이저러스 무이자할부
여행/숙박: 해외항공권 및 호텔 할인
OTT/영화/문화: 뮤지컬, 연극 등 공연 10~30% 할인
푸드: 보네스뻬/보네스뻬브레드, T.G.I.F 10% 할인
멤버십포인트: L.POINT 적립
유의사항: 꼭 확인하세요!"
1063,VIC마켓 롯데카드,롯데카드,"10,000","15,000","대형마트: VIC마켓 35,000원 청구할인
뷰티/피트니스: 미용실 최대 20% 할인
테마파크: 국내 놀이공원 최대 50% 할인
경기관람: 롯데 자이언츠 20% 할인
쇼핑: 롯데백화점, 롯데 ON, 롯데면세점 할부 및 할인
영화: 롯데시네마 관람료 1,500원 청구할인
푸드: 외식
주유소: SK주유소 리터당 SK주유포인트 50원적립
멤버십포인트: L.POINT, 주유포인트 적립
유의사항: 꼭 확인하세요!"
1065,미니골드 롯데카드,롯데카드,,,"쇼핑: 미니골드 최대 10% 할인
주유: SK주유소 리터당 50원 적립
헤어: 미용실 최대 20% 할인
레저/스포츠: 롯데 자이언츠 20% 할인
쇼핑: 쇼핑 할인 서비스
유의사항: 꼭 확인하세요!"
1066,키자니아 롯데카드,롯데카드,"10,000",,"테마파크: 전국 키자니아 체험시설 입장료 구매 시 현장할인 30%

헤어: 미용실 최대 20% 할인
테마파크: 놀이공원 최대 50% 할인
경기관람: 롯데 자이언츠 20% 할인
백화점: 롯데백화점 5% 할인 쿠폰 제공
온라인쇼핑: 롯데ON 5% 할인
면세점: 롯데면세점 최대 10% 할인
대형마트: 롯데마트, 롯데슈퍼 무이자할부 혜택
기타: 토이저러스 무이자할부 혜택
항공권: 해외항공권, 해외여행상품, 해외호텔 할인
영화: 롯데시네마 관람료 1,500원 청구할인
공연/전시: 뮤지컬, 연극 등 공연 10~30% 할인
패밀리레스토랑: 보네스뻬, T.G.I.F 할인
주유소: SK주유소 리터당 SK주유포인트 50원적립
멤버십포인트: L.POINT 적립
유의사항: 꼭 확인하세요!"
1067,태평백화점 롯데카드,롯데카드,"5,000","10,000","백화점: 태평백화점 이용 시 7% 할인
쇼핑: 롯데백화점, 롯데면세점, 롯데ON 할인
테마파크: 롯데월드 본인종합이용권 50% 할인
영화: 롯데시네마 영화관람료 1,500원 청구할인
기타: T.G.I.F, 롯데리아, 엔제리너스, 나뚜루 할인
주유소: SK주유소에서 결제 시 리터 당 50포인트 적립
유의사항: 꼭 확인하세요!"
1068,트래블패스 비즈니스 카드,롯데카드,,"120,000","항공마일리지: 플라이어마일 적립
여행사: 전 세계 해외호텔 무료숙박 서비스
항공권: 국내선 동반자 무료 왕복 항공권
공항라운지: 국내 공항 라운지 무료 이용(연 3회/본인, 가족합산)
렌터카: 렌터카 원스톱 서비스
공항: 공항 무료 VIP 의전 서비스(본인회원에 한하여 연1회)
보험사: 보험 지원 서비스
프리미엄 서비스: 비자 시그니처 서비스
유의사항: 꼭 확인하세요!"
1070,위비마일(SKYPASS),우리카드,"47,000","49,000","항공마일리지: 1,000원당 2~1 SKYPASS 마일리지 적립 
공항라운지/PP: PP카드 제공 및 인천공항 라운지 무료 이용 
해외: 데이터로밍 서비스 
여행/숙박: 프리미엄 투어 서비스 
해외박물관 서비스 
유의사항: 꼭 확인하세요! "
1071,휘닉스 우리V카드,우리카드,,"5,000","레저/스포츠: 스키장 리프트 / 렌탈 최대 40% 현장할인
보광 휘닉스 파크 콘도 할인 예약 서비스 
주유: GS칼텍스 주유 최대 80원 할인 
생활: 서점, 병원, 마트 등 할인대상 가맹점 5% 청구할인 
패밀리레스토랑: 패밀리레스토랑 25% 청구할인 
카페: 커피 전문점 25% 청구할인 
통신: 휴대폰 이동료 자동이체 3% 청구 할인 
영화: 영화 3,000원 청구할인 
여행/숙박: 콘도 1박 무료 
무이자할부: 무이자할부서비스 
기타: 수수료 및 환율 우대 서비스
호텔 할인 서비스 
유의사항: 꼭 확인하세요! "
1072,하나멤버스 1Q(원큐) 카드 Pay,하나카드,"8,000","10,000","모든가맹점: 일적립서비스(Daily)
간편결제 서비스 및 모바일카드 이용금액의 1% 적립 / 제외한 이용금액 0.3% 적립
생활: 월 적립서비스(Monthly)
생활, 통신, 교통, 자동이체, 해외 영역에서 이번달 합산금액 10만원 당 5천 하나머니 적립
카페: 하나은행 결제계좌 이용고객 월 1회 커피 할인
공과금: 아파트관리비 자동이체 결제시 월 1회 5천 하나머니 적립
멤버십포인트: 하나멤버스 서비스
하나금융그룹에서 제공하는 멤버십 서비스로서 하나머니 적립, 충전, 사용 서비스 및 각종 고객 우대 프로그램 제공
유의사항: 꼭 확인하세요!"
1073,KT 카드의정석 SUPER DC Ⅱ,우리카드,"20,000","20,000","KT: KT통신비 최대 13,000원 할인 
단말기 장기할부 서비스 
영화: 모든 영화관 3,000원 할인 
테마파크: 놀이공원 50% 할인 
유의사항: 꼭 확인하세요! "
1074,하나멤버스 1Q(원큐) 카드 Business,하나카드,"8,000","8,000","생활: 생활영역 이용금액 10만원 마다 5천 하나머니 적립
공과금: 아파트관리비 자동이체 결제시 월 1회 5천 하나머니 적립
카페: 하나은행 결제계좌 이용고객 월1회 커피 할인
비즈니스: 부가세환급 편의지원 서비스
유의사항: 꼭 확인하세요!"
1075,KB국민 MyBiz 기업체크카드,KB국민카드,,,"주유: SK에너지 주유 리터당 50원 할인 
적립: 포인트리 적립 서비스 
금융: 포인트리 자동 환급 서비스
예금인출 기능 
유의사항: 꼭 확인하세요!"
1076,iMBC 롯데카드,롯데카드,"5,000","8,000","디지털구독: iMBC 상품 결제 시 할인
연회비지원: 전년도 유실적시 차년도 연회비 면제
헤어: 미용실 최대 20% 할인
레저/스포츠: 롯데 자이언츠 20% 할인
쇼핑: 롯데백화점, 롯데ON, 면세점 할인
롯데마트, 롯데슈퍼, 토이저러스 무이자할부
OTT/영화/문화: 롯데시네마 관람료 할인
뮤지컬, 연극 등 공연 할인
유의사항: 꼭 확인하세요!"
1077,KB국민 그린기업카드,KB국민카드,,,"기타: 그린카드란?
적립: 에코머니 포인트 0.1% 적립 
유의사항: 꼭 확인하세요! "
1078,IMI 롯데카드,롯데카드,"5,000","8,000","게임: 아이템매니아 아이템 할인
헤어: 미용실 최대 20% 할인
레저/스포츠: 롯데 자이언츠 20% 할인
쇼핑: 롯데백화점, 롯데ON, 면세점 할인
롯데마트, 롯데슈퍼, 토이저러스 무이자할부
OTT/영화/문화: 롯데시네마 관람료 할인
뮤지컬, 연극 등 공연 할인
주유: SK주유소 리터당 SK주유포인트 50원적립
유의사항: 꼭 확인하세요!"
1079,JTBC Golf 롯데카드,롯데카드,"15,000","20,000","골프: JTBC Golf 쇼핑 할인 및 국내여행상품 할인
전국 골프장 그린피 10% 할인
멤버십포인트: L.POINT
쇼핑: 롯데백화점, 롯데면세점, 롯데ON 할인
롯데마트, 롯데슈퍼, 토이저러스 무이자할부
테마파크: 롯데월드, 서울랜드 자유이용권 할인
OTT/영화/문화: 롯데시네마 1,500원 할인
푸드: TGI, 미스터피자, 롯데리아, 나뚜루, 엔제리너스 할인
유의사항: 꼭 확인하세요!"
1080,JTN 롯데카드,롯데카드,,,"공연/전시: JTN 3만원 할인
대중교통: 버스, 지하철 대중 교통 5% 할인
연회비지원: 연회비 면제
헤어: 박준뷰티랩 20% 현장할인
박승철 헤어스투디오 15% 현장할인
경기관람: 롯데 자이언츠 20% 할인
쇼핑: 롯데백화점, 롯데ON, 면세점 할인
롯데마트, 롯데슈퍼, 토이저러스 무이자할부
OTT/영화/문화: 롯데시네마 관람료 할인
뮤지컬, 연극 등 공연 할인
푸드: 보네스뻬/보네스뻬브레드, T.G.I.F 10% 할인
주유: SK주유소 리터당 SK주유포인트 50원적립
멤버십포인트: L.POINT 적립
유의사항: 꼭 확인하세요!"
1081,KB캐피탈 롯데포인트플러스 카드,롯데카드,"5,000","10,000","자동차/하이패스: 신차할부금에대해 0.2%L.POINT적립
멤버십포인트: 더블 포인트 적립 서비스
헤어: 미용실 최대 20% 할인
경기관람: 롯데 자이언츠 20% 할인
쇼핑: 롯데백화점, 롯데닷컴, 면세점 할인
롯데마트, 롯데슈퍼, 토이저러스 무이자할부
OTT/영화/문화: 롯데시네마 관람료 할인
뮤지컬, 연극 등 공연 할인
푸드: 보네스뻬/보네스뻬브레드, T.G.I.F 10% 할인
주유: SK주유소 리터당 SK주유포인트 50원적립
유의사항: 꼭 확인하세요!"
1082,하나멤버스 1Q(원큐) 카드 ALL in,하나카드,"28,000","30,000","생활: [생활적립]5대 생활영역 합산금액 10만원 마다 5천 하나머니 적립
생활: [프리미엄 생활 적립] 학원, 병원영역 합산금액 10만원 마다 5천 하나머니 적립
공과금: 아파트관리비 자동이체 결제시 월 1회 5천 하나머니 적립
해외: 해외이용 이번달 합산이용액 10만원 될 때 마다 5천 하나머니 적립
카페: 하나은행 결제계좌 이용고객 월1회 커피 할인
멤버십포인트: 하나멤버스 서비스
하나금융그룹에서 제공하는 멤버십 서비스로서 하나머니 적립, 충전, 사용 서비스 및 각종 고객 우대 프로그램 제공
유의사항: 꼭 확인하세요!"
1083,하나멤버스 1Q(원큐) Play1 (플레이원) 카드,하나카드,"10,000","12,000","적립: 지난달 실적에 따라 대상 가맹점 7~10% 하나머니 적립
영화: CGV, 메가박스, 롯데시네마 영화표 1만원 이상 결제하면 5천원 청구할인
유의사항: 꼭 확인하세요!"
1084,KDB다이렉트보험 P+410 롯데카드,롯데카드,"10,000","15,000","멤버십포인트: OK캐시백 / L.POINT 특별 적립
멤버십포인트: OK캐시백 / L.POINT 일반 적립
OK캐쉬백: 포인트플러스 포텐 카드 특별 적립 서비스
무이자할부: 6개월 슬림할부 및 2~3개월 무이자 할부 서비스
헤어: 미용실 최대 20% 할인
경기관람: 롯데 자이언츠 20% 할인
쇼핑: 롯데백화점, 면세점, 롯데ON할인
롯데마트, 롯데슈퍼, 토이저러스 무이자할부
OTT/영화/문화: 롯데시네마 관람료 할인
뮤지컬, 연극 등 공연 할인
푸드: 보네스뻬/보네스뻬브레드, T.G.I.F 10% 할인
유의사항: 꼭 확인하세요!"
1085,우체국 후불 하이패스 카드,우체국,"5,000",,"하이패스: 후불하이패스
유의사항: 꼭 확인하세요!"
1086,KDB롯데체크카드,롯데카드,,,"멤버십포인트: KDB롯데체크카드 포인트 특별적립
연회비지원: 연회비 면제 및 SMS 무료 서비스
금융: KDB산업은행 현금카드 기능
OTT/영화/문화: 롯데시네마 관람료 1,500원 청구할인
주유: SK주유소 리터당 SK주유포인트 50원적립
유의사항: 꼭 확인하세요!"
1087,KT 클립 Super 스마트 롯데카드,롯데카드,"23,000","25,000","KT: KT 통신요금 청구할인 및 슈퍼할부 서비스
헤어: 미용실 최대 20% 할인
테마파크: 놀이공원 자유이용권 40~50% 할인
경기관람: 롯데 자이언츠 20% 할인
쇼핑: 롯데백화점, 롯데ON, 면세점 할인
롯데마트, 롯데슈퍼, 토이저러스 무이자할부
공연/전시: 뮤지컬, 연극 등 공연 할인
푸드: 보네스뻬/보네스뻬브레드, T.G.I.F 10% 할인
기타: L.POINT 적립
유의사항: 꼭 확인하세요!"
1088,KTF 멤버스 롯데카드,롯데카드,,"10,000","통신: SHOW 이동통신요금 할인 및 멤버십 서비스
헤어: 미용실 최대 20% 할인
경기관람: 롯데 자이언츠 20% 할인
쇼핑: 롯데백화점, 롯데ON, 면세점 할인
롯데마트, 롯데슈퍼, 토이저러스 무이자할부
공연/전시: 뮤지컬, 연극 등 공연 할인
주유: SK주유소 리터당 SK주유포인트 50원적립
기타: 멤버십포인트적립
유의사항: 꼭 확인하세요!"
1089,LG전자 베스트샵 롯데카드,롯데카드,"5,000","7,000","쇼핑: LG전자 포인트 최대 5% 적립
무이자할부: LG전자 베스트샵 이용 시 2~3개월 무이자
연회비지원: 전년도 500만원 이상 이용 시 당해 년도 연회비 면제
테마파크: 롯데월드 50% 할인
경기관람: 롯데자이언츠 입장료 20% 할인
쇼핑: 롯데백화점, 롯데면세점, 롯데ON 할인
롯데마트, 롯데슈퍼, 토이저러스 무이자할부
OTT/영화/문화: 롯데시네마 관람료 할인
푸드: TGI, 미스터피자 할인
유의사항: 꼭 확인하세요!"
1090,LG전자 베스트샵 멤버십 롯데카드,롯데카드,"10,000","15,000","쇼핑: LG전자 포인트 최대 5% 적립
LG전자 베스트샵 멤버십 롯데카드 세이브서비스
헤어: 박준뷰티랩, 박승철 헤어스투디오 할인
테마파크: 롯데월드 50% 할인
기타: L.POINT 적립
쇼핑: 롯데백화점, 롯데면세점, 롯데ON 할인
롯데마트, 롯데슈퍼, 토이저러스 무이자할부
OTT/영화/문화: 롯데시네마 관람료 할인
푸드: TGI, 롯데리아, 나뚜루, 엔제리너스커피 할인
유의사항: 꼭 확인하세요!"
1091,LG패션 롯데카드,롯데카드,"5,000","7,000","쇼핑: LG패션 월 최대 3만원 할인
기타: LG패션 멤버십 포인트 적립
연회비지원: 연회비 면제
쇼핑: 롯데백화점, 롯데면세점, 롯데ON 할인
롯데마트·롯데슈퍼·토이저러스 무이자할부
레저/스포츠: 롯데월드 할인
롯데자이언츠 입장료 할인
OTT/영화/문화: 롯데시네마 할인
푸드: TGI, 미스터피자 할인
멤버십포인트: L.POINT
유의사항: 꼭 확인하세요!"
1092,MG손해보험 롯데카드,롯데카드,"10,000","15,000","보험: MG손해보험 자동차 보험료 할인
정비: 스피드메이트 다빈도 7대 정비상품 할인
스피드메이트 엔진오일 무료교환 서비스
기타: 전국 주유소에서 일시불/할부 결제시 MG포인트 적립(충전소제외)
전 가맹점 일시불/할부 결제시 MG포인트 적립
헤어: 미용실 최대 20% 할인
테마파크: 주요 놀이공원 40~50% 할인
경기관람: 롯데 자이언츠 20% 할인
쇼핑: 롯데백화점, 롯데ON, 면세점 할인
롯데마트, 롯데슈퍼, 토이저러스 무이자할부
OTT/영화/문화: 롯데시네마 관람료 할인
뮤지컬, 연극 등 공연 할인
푸드: 보네스뻬/보네스뻬브레드, T.G.I.F 10% 할인
유의사항: 꼭 확인하세요!"
1093,New 위메프 롯데카드,롯데카드,"5,000","10,000","온라인쇼핑: 위메프 10~20% 할인
푸드: 롯데 외식업종 6개사 10%할인
헤어: 미용실 최대 20% 할인
테마파크: 주요 놀이공원 40~50% 할인
경기관람: 롯데 자이언츠 20% 할인
쇼핑: 롯데백화점, 롯데ON, 면세점 할인
롯데마트, 롯데슈퍼, 토이저러스 무이자할부
해외: 여행서비스, 해외렌터카 할인
OTT/영화/문화: 롯데시네마 관람료 할인
뮤지컬, 연극 등 공연 할인
푸드: 보네스뻬/보네스뻬브레드, T.G.I.F 10% 할인
주유: SK주유소 리터당 SK주유포인트 50원적립
유의사항: 꼭 확인하세요!"
1094,NRC롯데카드,롯데카드,"5,000","20,000","멤버십포인트: Nbizmall 최대 1%적립
무이자할부: NRC물품 2~3개월 무이자할부
쇼핑: 롯데백화점, 면세점, 롯데ON 할인
롯데마트, 롯데슈퍼, 토이저러스 무이자할부
푸드: TGI, 미스터피자 할인
영화: 롯데시네마 할인
테마파크: 롯데월드 50% 할인
유의사항: 꼭 확인하세요!"
1095,NRC프리미엄롯데카드,롯데카드,"5,000","20,000","멤버십포인트: Nbizmall 최대 1%적립
무이자할부: NRC물품 2~3개월 무이자할부
쇼핑: 롯데백화점, 면세점, 롯데ON 할인
롯데마트, 롯데슈퍼, 토이저러스 무이자할부
경기관람: 롯데 자이언츠 20% 할인
헤어: 미용실 최대 20% 할인
OTT/영화/문화: 롯데시네마 관람료 할인
뮤지컬, 연극 등 공연 할인
푸드: 보네스뻬/보네스뻬브레드, T.G.I.F 10% 할인
주유: SK주유소 리터당 SK주유포인트 50원적립
기타: 멤버십포인트적립
유의사항: 꼭 확인하세요!"
1096,OK Cashbag 롯데카드,롯데카드,"7,000","10,000","OK캐쉬백: OK Cashbag 포인트 적립
연회비지원: 연회비 면제
헤어: 미용실 최대 20% 할인
쇼핑: 롯데백화점, 면세점, 롯데ON 할인
롯데마트·롯데슈퍼·토이저러스 무이자할부
OTT/영화/문화: 롯데시네마 관람료 할인
뮤지컬, 연극 등 공연 할인
주유: SK주유소 리터당 SK주유포인트 50원적립
기타: 멤버십포인트적립
유의사항: 꼭 확인하세요!"
1097,SBS골프 롯데카드,롯데카드,"25,000","30,000","골프: SBS골프 프리미엄 골드 서비스 혜택
연회비지원: 연회비 면제
쇼핑: 롯데백화점, 롯데ON, 면세점 할인
롯데마트, 롯데슈퍼, 토이저러스 무이자할부
테마파크: 롯데월드 50% 할인
영화: 롯데시네마 할인
푸드: TGI, 롯데리아, 나뚜루, 엔제리너스 할인
유의사항: 꼭 확인하세요!"
1098,NH농협증권 롯데체크카드,롯데카드,,,"은행사: NH농협증권 CMA의 높은 수익율
멤버십포인트: L.POINT 적립
연회비지원: 연회비 면제
헤어: 미용실 최대 20% 할인
테마파크: 주요 놀이공원 40~50% 할인
경기관람: 롯데 자이언츠 20% 할인
쇼핑: 롯데백화점, 롯데ON, 면세점 할인
롯데마트, 롯데슈퍼, 토이저러스 무이자할부
해외: 여행서비스
푸드: 보네스뻬/보네스뻬브레드, T.G.I.F 10% 할인
주유: SK주유소 리터당 SK주유포인트 50원적립
기타: 멤버십포인트적립
유의사항: 꼭 확인하세요!"
1099,Oh! point 롯데 포인트플러스 체크카드,롯데카드,,,"기타: Oh! Point 서비스
기타: 롯데 포인트플러스 체크 서비스
교통: 캐시비선불(교통) 결제기능 서비스
헤어: 미용실 최대 20% 할인
쇼핑: 롯데백화점 5% 할인 및 무료주차권 제공
푸드: 롯데리아, 엔제리너스, 나뚜루, 보네스빼 할인
유의사항: 꼭 확인하세요!"
1100,Olleh Super DC 롯데카드,롯데카드,"10,000","10,000","KT: 통신요금 최대 1만5천원 할인
헤어: 미용실 최대 20% 할인
테마파크: 주요 놀이공원 40~50% 할인
경기관람: 롯데 자이언츠 20% 할인
쇼핑: 롯데백화점, 롯데ON, 면세점 할인
롯데마트, 롯데슈퍼, 토이저러스 무이자할부
공연/전시: 뮤지컬, 연극 등 공연 할인
푸드: 보네스빼, 롯데리아, 엔제리너스커피, 나뚜루 할인
멤버십포인트: L.POINT 적립
유의사항: 꼭 확인하세요!"
1101,Olleh Super Save 롯데카드,롯데카드,"10,000","10,000","KT: 통신요금 최대 1만5천 포인트 적립
헤어: 미용실 최대 20% 할인
테마파크: 주요 놀이공원 40~50% 할인
경기관람: 롯데 자이언츠 20% 할인
쇼핑: 롯데백화점, 롯데ON, 면세점 할인
롯데마트, 롯데슈퍼, 토이저러스 무이자할부
공연/전시: 뮤지컬, 연극 등 공연 할인
푸드: 보네스빼, 롯데리아, 엔제리너스커피, 나뚜루 할인
멤버십포인트: L.POINT 적립
유의사항: 꼭 확인하세요!"
1102,Olleh 스마트세이브 롯데카드,롯데카드,,"10,000","KT: KT에서 휴대폰 구매시 10~70만원 세이브
헤어: 미용실 최대 20% 할인
주유: SK주유소 리터당 SK주유포인트 50원적립
경기관람: 롯데 자이언츠 20% 할인
쇼핑: 롯데백화점, 롯데ON, 면세점 할인
롯데마트, 롯데슈퍼, 토이저러스 무이자할부
OTT/영화/문화: 롯데시네마 관람료 할인
뮤지컬, 연극 등 공연 할인
푸드: 보네스뻬/보네스뻬브레드, T.G.I.F 10% 할인
멤버십포인트: 멤버십포인트적립
유의사항: 꼭 확인하세요!"
1103,olleh-롯데카드,롯데카드,,"5,000","KT: KT통신료 할인서비스
대중교통: 대중교통 요금 5%할인 
보험: 자동차 보험료 할인
헤어: 미용실 최대 20% 할인
쇼핑: 롯데백화점, 롯데ON, 면세점 할인
롯데마트, 롯데슈퍼, 토이저러스 무이자할부
OTT/영화/문화: 롯데시네마 관람료 할인
뮤지컬, 연극 등 공연 할인
푸드: 보네스뻬/보네스뻬브레드, T.G.I.F 10% 할인
멤버십포인트: 멤버십포인트적립
주유: SK주유소 리터당 SK주유포인트 50원적립
테마파크: 주요 놀이공원 40~50% 할인
경기관람: 롯데 자이언츠 20% 할인
유의사항: 꼭 확인하세요!"
1104,PAT/NEPA/ELLE GOLF 롯데카드,롯데카드,"5,000","10,000","대형마트: 롯데마트 할인
쇼핑: PAT, NEPA, ELLE GOLF 등 결제시 할인
쇼핑: 롯데백화점, 면세점, 롯데ON 할인
롯데마트, 롯데슈퍼, 토이저러스 무이자할부
영화: 롯데시네마 영화 할인
푸드: TGI, 롯데리아, 엔제리너스, 나뚜루 할인
멤버십포인트: L.POINT 적립 및 사용
유의사항: 꼭 확인하세요!"
1105,ROTC중앙회 롯데체크카드,롯데카드,,,"멤버십포인트: 더블 포인트 적립 서비스
연회비지원: 연회비 평생 면제
헤어: 미용실 최대 20% 할인
테마파크: 주요 놀이공원 40~50% 할인
경기관람: 롯데 자이언츠 20% 할인
쇼핑: 롯데백화점, 롯데ON, 면세점 할인
롯데마트, 롯데슈퍼, 토이저러스 무이자할부
해외: 여행서비스
공연/전시: 뮤지컬, 연극 등 공연 할인
푸드: 보네스뻬/보네스뻬브레드, T.G.I.F 10% 할인
주유: SK주유소 리터당 SK주유포인트 50원적립
유의사항: 꼭 확인하세요!"
1106,ROTC중앙회 멤버십 롯데VEEX 카드,롯데카드,,"5,000","멤버십포인트: 전세계 가맹점 0.5~2%적립
테마파크: 롯데월드 자유이용권 50%할인
헤어: 미용실 최대 20% 할인
쇼핑: 롯데백화점, 롯데면세점, 롯데ON 할인
롯데마트, 롯데슈퍼, 토이저러스 무이자할부
경기관람: 롯데 자이언츠 20% 할인
OTT/영화/문화: 롯데시네마 관람료 할인
뮤지컬, 연극 등 공연 할인
주유: SK주유소 리터당 SK주유포인트 50원적립
유의사항: 꼭 확인하세요!"
1107,SK스마트 롯데카드,롯데카드,,"10,000","멤버십포인트: 전세계 가맹점 0.5~2%적립
정비: 차량정비 서비스
연회비지원: 연회비 면제
쇼핑: 롯데백화점, 롯데면세점, 롯데ON 할인
롯데마트, 롯데슈퍼, 토이저러스 무이자할부
경기관람: 롯데 자이언츠 20% 할인
공연/전시: 뮤지컬, 연극 등 공연 할인
테마파크: 주요 놀이공원 40~50% 할인
헤어: 미용실 최대 20% 할인
푸드: 보네스뻬/보네스뻬브레드, T.G.I.F 10% 할인
해외: 해외 여행 및 렌터카 서비스
멤버십포인트: L.POINT 적립
유의사항: 꼭 확인하세요!"
1108,SUPER PLUS 카드,롯데카드,,"12,000","SSM: 전국 롯데슈퍼 최고 10% 할인
멤버십포인트: 생활/문화 업종 최고 10%P 적립
무이자할부: 전 가맹점 10만원 이상 건 무이자 할부
쇼핑: 롯데백화점, 롯데면세점, 롯데ON 할인
롯데마트, 롯데슈퍼, 토이저러스 무이자할부
경기관람: 롯데 자이언츠 20% 할인
OTT/영화/문화: 롯데시네마 관람료 할인
뮤지컬, 연극 등 공연 할인
주유: SK주유소 리터당 SK주유포인트 50원적립
헤어: 미용실 최대 20% 할인
유의사항: 꼭 확인하세요!"
1109,S-OIL보너스 롯데카드,롯데카드,,"12,000","주유소: S-OIL주유소 리터당 50원 할인
멤버십포인트: S-OIL 보너스카드 서비스
쇼핑: 롯데백화점, 롯데면세점, 롯데ON 할인
롯데마트, 롯데슈퍼, 토이저러스 무이자할부
경기관람: 롯데 자이언츠 20% 할인
OTT/영화/문화: 롯데시네마 관람료 할인
뮤지컬, 연극 등 공연 할인
푸드: 보네스뻬/보네스뻬브레드, T.G.I.F 10% 할인
헤어: 미용실 최대 20% 할인
멤버십포인트: 멤버십포인트적립
테마파크: 주요 놀이공원 40~50% 할인
해외: 해외여행 및 렌터카 서비스
유의사항: 꼭 확인하세요!"
1110,TGIF 롯데카드,롯데카드,,"10,000","패밀리레스토랑: TGI 20%할인 및 L.POINT 더블적립
쇼핑: 롯데백화점, 롯데면세점, 롯데ON 할인
롯데마트, 롯데슈퍼, 토이저러스 무이자할부
경기관람: 롯데 자이언츠 20% 할인
OTT/영화/문화: 롯데시네마 관람료 할인
뮤지컬, 연극 등 공연 할인
주유: SK주유소 리터당 SK주유포인트 50원적립
헤어: 미용실 최대 20% 할인
멤버십포인트: 멤버십포인트적립
유의사항: 꼭 확인하세요!"
1111,SKYPASS 롯데카드,롯데카드,,"20,000","대한항공: 대한항공 SKYPASS 마일리지 적립서비스
멤버십포인트: L.POINT
유의사항: 꼭 확인하세요!"
1112,(사)한국청소년진흥협회 롯데카드 아임조이풀,롯데카드,"15,000","15,000","주유: 모든 주유소, 가스충전소 할인
푸드: 야간요식 5~10%할인
쇼핑: 꼭 확인하세요!
대중교통: 대중교통 할인
병원/약국: 헬스케어(병원,약국,동물병원) 할인
멤버십포인트: L.POINT 적립/사용카드로 이용
유의사항: 카드 혜택 공통 안내
유의사항: 꼭 확인하세요!"
1113,11번가 ShoppingMaster 롯데카드,롯데카드,"5,000","10,000","온라인쇼핑: 11번가 11% Special  할인쿠폰 및 11%할인
헤어: 미용실 최대 20% 할인
테마파크: 롯데월드, 서울랜드 할인
쇼핑: 롯데백화점, 면세점, 롯데ON 할인
롯데마트, 롯데슈퍼, 토이저러스 무이자할부
영화: 롯데시네마 영화 할인
푸드: 외식업종 할인
멤버십포인트: L.POINT 적립
유의사항: 꼭 확인하세요!"
1114,11번가 쇼핑마스터 롯데체크카드,롯데카드,,,"온라인쇼핑: 11번가 11% Special  할인쿠폰 및 11%할인
연회비지원: 연회비 평생 면제
테마파크: 주요 놀이공원 40~50% 할인
쇼핑: 롯데백화점, 롯데ON 할인
롯데마트, 롯데슈퍼, 토이저러스 무이자할부
영화: 롯데시네마 영화 할인
푸드: 프랜차이즈 및 주요 음식점 할인 
헤어: 미용실 최대 20% 할인
경기관람: 롯데 자이언츠 20% 할인
푸드: 보네스뻬/보네스뻬브레드, T.G.I.F 10% 할인
롯데리아, 엔제리너스커피, 나뚜루 할인
멤버십포인트: L.POINT 적립
여행/숙박: 여행서비스
유의사항: 꼭 확인하세요!"
1115,Smart 렌탈 대림케어 롯데카드,롯데카드,"10,000",,"렌탈 : 대림케어 렌탈료 할인
테마파크: 롯데월드, 서울랜드 할인
쇼핑: 롯데백화점, 면세점, 롯데ON 할인
롯데마트, 롯데슈퍼, 토이저러스 무이자할부
영화: 롯데시네마 영화 할인
헤어: 미용실 최대 20% 할인
푸드: 보네스뻬/보네스뻬브레드, 미스터피자, T.G.I.F 할인
롯데리아, 엔제리너스커피, 나뚜루 할인
멤버십포인트: L.POINT
유의사항: 꼭 확인하세요!"
1116,ABC마트 롯데카드,롯데카드,,"5,000","쇼핑: 첫 사용 축하 1만원 할인 및 ABC마트 상품 5%할인
연회비지원: 연회비 면제
유의사항: 꼭 확인하세요!"
1117,ABN아름방송 롯데카드,롯데카드,"10,000","15,000","통신: ABN아름방송 이용시 청구할인
푸드: 외식업종 6개사 10%할인
헤어: 미용실 최대 20% 할인
테마파크: 주요 놀이공원 40~50% 할인
경기관람: 롯데 자이언츠 20% 할인
쇼핑: 롯데백화점, 롯데ON, 롯데면세점 할인
롯데마트, 롯데슈퍼, 토이저러스 무이자할부
여행/숙박: 해외여행 및 렌터카 할인
OTT/영화/문화: 롯데시네마 관람료 할인
뮤지컬, 연극 등 공연 할인
푸드: 보네스빼/보네스빼브레드, TGI, 미스터피자 할인
주유: SK주유소 리터당 SK주유포인트 50원적립
유의사항: 꼭 확인하세요!"
1118,AJ렌터카 드라이빙 패스 롯데카드,롯데카드,"8,000","12,000","보험: 자동차 보험료 할인
주유: 드라이빙 패스 할인 서비스
정비: 차량 정비 서비스
렌터카: AJ렌터카(아주렌터카 AVIS) 서비스
경기관람: 롯데 자이언츠 20% 할인
쇼핑: 롯데백화점, 롯데ON, 롯데면세점 할인
롯데마트, 롯데슈퍼, 토이저러스 무이자할부
헤어: 미용실 최대 20% 할인
OTT/영화/문화: 뮤지컬, 연극 등 공연 할인
푸드: 보네스빼/보네스빼브레드, TGI, 미스터피자 할인
테마파크: 주요 놀이공원 40~50% 할인
멤버십포인트: L.POINT 적립
유의사항: 꼭 확인하세요!"
1119,7 Unit 카드,롯데카드,"2,500","3,000","멤버십포인트: 7개 업종 맞춤 적립 서비스
쇼핑: 롯데백화점, 면세점 할인
롯데마트, 롯데슈퍼, 토이저러스 무이자할부
주유: 롯데 SK주유 포인트
유의사항: 꼭 확인하세요!"
1120,AXA 롯데카드,롯데카드,,"10,000","보험: 자동차 보험료 할인 및 무이자할부
기타: AXA인슈포인트 0.5% 적립
정비: 스피드메이트 자동차 정비서비스
헤어: 미용실 최대 20% 할인
테마파크: 주요 놀이공원 40~50% 할인
경기관람: 롯데 자이언츠 20% 할인
쇼핑: 롯데백화점, 롯데ON, 롯데면세점 할인
롯데마트, 롯데슈퍼, 토이저러스 무이자할부
공연/전시: 뮤지컬, 연극 등 공연 할인
푸드: 보네스빼/보네스빼브레드, TGI 할인
주유: SK주유소 리터당 SK주유포인트 50원적립
멤버십포인트: 멤버십포인트적립
여행/숙박: 해외 여행 및 렌터카 할인
유의사항: 꼭 확인하세요!"
1121,BNK AUTO 롯데카드,롯데카드,"5,000","10,000","주유소: 주유할인
대중교통: 대중교통 할인
헤어: 미용실 최대 20% 할인
경기관람: 롯데 자이언츠 20% 할인
쇼핑: 롯데백화점, 롯데ON, 롯데면세점 할인
롯데마트, 롯데슈퍼, 토이저러스 무이자할부
OTT/영화/문화: 롯데시네마 관람료 할인
뮤지컬, 연극 등 공연 할인
푸드: 보네스빼/보네스빼브레드, TGI 할인
유의사항: 꼭 확인하세요!"
1122,CGV 롯데포인트플러스 카드,롯데카드,"5,000","10,000","영화: CGV 영화 할인
대중교통: 교통, 커피전문점, 베이커리 할인
기타: 더블 포인트 적립 서비스
테마파크: 롯데월드 50% 할인
쇼핑: 롯데백화점, 롯데ON, 면세점 할인
롯데마트, 롯데슈퍼, 토이저러스 무이자할부
기타: 멤버십 포인트 적립
푸드: 롯데리아, 나뚜루, 엔제리너스, TGI 할인
유의사항: 꼭 확인하세요!"
1123,CJ헬로비전 롯데카드,롯데카드,"5,000","7,000","통신: CJ헬로비전 5천원 할인
헤어: 미용실 최대 20% 할인
경기관람: 롯데 자이언츠 20% 할인
쇼핑: 롯데백화점, 롯데ON, 면세점 할인
롯데마트, 롯데슈퍼, 토이저러스 무이자할부
OTT/영화/문화: 롯데시네마 관람료 할인
뮤지컬, 연극 등 공연 할인
푸드: 보네스뻬/보네스뻬브레드, T.G.I.F 10% 할인
롯데리아, 엔제리너스커피, 나뚜루 할인
주유: SK주유소 리터당 SK주유포인트 50원적립
멤버십포인트: 멤버십포인트적립
유의사항: 꼭 확인하세요!"
1124,CMB 롯데카드,롯데카드,"5,000","8,000","통신: CMB 자동이체시 할인
일반음식점: 음식점업종 할인
주유소: 리터당 60원 주유할인
연회비지원: 차년도 연회비 면제
유의사항: 꼭 확인하세요!"
1125,coway PayFree 롯데카드,롯데카드,"5,000","10,000","렌탈 : 특별 적립처에서 L.POINT 최대 10% 적립
헤어: 미용실 최대 20% 할인
쇼핑: 롯데백화점, 면세점, 롯데ON 할인
롯데마트, 롯데슈퍼, 토이저러스 무이자할부
영화: 롯데시네마 관람료 할인
푸드: 롯데리아, 엔제리너스커피, 나뚜루, TGI 할인
유의사항: 꼭 확인하세요!"
1126,DC PASS 롯데카드,롯데카드,"5,000","10,000","교통: 교통요금할인
테마파크: 롯데월드 50%할인
쇼핑: 롯데백화점, 면세점, 롯데ON 할인
롯데마트, 롯데슈퍼, 토이저러스 무이자할부
영화: 롯데시네마 관람료 할인
푸드: 롯데리아, 엔제리너스커피, 나뚜루, TGI 할인
유의사항: 꼭 확인하세요!"
1127,DC Supreme 카드,롯데카드,"10,000","10,000","쇼핑: 슈프림 할인서비스
유의사항: 꼭 확인하세요!"
1128,DC Sweet 롯데카드,롯데카드,"5,000","5,000","카페/디저트: 스위트 할인서비스
멤버십포인트: 더블 포인트 적립 서비스
쇼핑: 롯데백화점, 면세점, 롯데닷컴 할인
롯데마트, 롯데슈퍼, 토이저러스 무이자할부
푸드: 롯데리아, 나뚜루, 엔제리너스,  TGI 할인
테마파크: 롯데월드 50% 할인
영화: 롯데시네마 관람료 할인
기타: 멤버십포인트 적립
유의사항: 꼭 확인하세요!"
1129,DC 클릭카드,롯데카드,"10,000","10,000","온라인쇼핑: DC클릭 할인서비스
쇼핑: 롯데백화점, 면세점할인
롯데마트, 롯데슈퍼, 토이저러스 무이자할부
멤버십포인트: 멤버십포인트 적립
기타: 롯데카드 공통서비스
유의사항: 꼭 확인하세요!"
1130,DC 클릭카드 삼성페이,롯데카드,"10,000",,"온라인쇼핑: 인터넷 구매 최고 10% 할인
헤어: 미용실 최대 20% 할인
경기관람: 롯데 자이언츠 20% 할인
쇼핑: 롯데백화점, 롯데ON, 면세점 할인
롯데마트, 롯데슈퍼, 토이저러스 무이자할부
OTT/영화/문화: 롯데시네마 관람료 할인
뮤지컬, 연극 등 공연 할인
푸드: 보네스뻬/보네스뻬브레드, T.G.I.F 10% 할인
롯데리아, 엔제리너스커피, 나뚜루 할인
멤버십포인트: 멤버십포인트 적립
유의사항: 꼭 확인하세요!"
1131,DC스마트 카드,롯데카드,"10,000","10,000","학원: 학원,의료,마트/슈퍼,대중교통, 주유,이동통신, 스포츠센터 할인
연회비지원: 포인트 캐시백 및 다음해 연회비 면제
쇼핑: 롯데백화점, 롯데ON, 면세점 할인
롯데마트, 롯데슈퍼, 토이저러스 무이자할부
멤버십포인트: L.POINT
헤어: 미용실 최대 20% 할인
영화: 롯데시네마 관람료 할인
테마파크: 롯데월드 50%할인
푸드: 미스터피자, 롯데리아, 엔제리너스, 나뚜루, T.G.I.F 할인
유의사항: 꼭 확인하세요!"
1132,DC카드,롯데카드,,"10,000","온라인쇼핑: 인터넷 구매 최고 10% 할인
유의사항: 꼭 확인하세요!"
1133,DC플러스 PiTaPa 카드,롯데카드,,"10,000","교통: 일본 교통카드 서비스
헤어: 미용실 최대 20% 할인
경기관람: 롯데 자이언츠 20% 할인
쇼핑: 롯데백화점, 롯데ON, 면세점 할인
롯데마트, 롯데슈퍼, 토이저러스 무이자할부
OTT/영화/문화: 롯데시네마 관람료 할인
뮤지컬, 연극 등 공연 할인
주유: SK주유소 리터당 SK주유포인트 50원적립
멤버십포인트:  멤버십포인트적립
유의사항: 꼭 확인하세요!"
1134,Diver’s 플래티넘 카드-다이버 상해보험 전용,롯데카드,"45,000","50,000","레저/스포츠: Welcome Gift 서비스
기타: 장비 Shop/국내 다이빙풀 할인서비스
항공마일리지: 플라이어마일 서비스
해외: 해외 이용 및 VISA플래티넘 서비스
쇼핑: 롯데백화점, 롯데닷컴, 면세점 할인
롯데마트, 롯데슈퍼, 토이저러스 무이자할부
푸드: 롯데리아, 엔제리너스커피, 나뚜루, TGI 할인
영화: 롯데시네마 영화 할인
테마파크: 롯데월드 50%할인
멤버십포인트: L.POINT
유의사항: 꼭 확인하세요!"
1135,Diver’s 플래티넘 카드-보너스플라이어마일 적립전용,롯데카드,"45,000","50,000","레저/스포츠: Welcome Gift 서비스
기타: 장비 Shop/국내 다이빙풀 할인서비스
항공마일리지: 플라이어마일 서비스
해외: 해외 이용 및 VISA플래티넘 서비스
쇼핑: 롯데백화점, 롯데닷컴, 면세점 할인
롯데마트, 롯데슈퍼, 토이저러스 무이자할부
푸드: 롯데리아, 엔제리너스커피, 나뚜루, TGI 할인
영화: 롯데시네마 영화 할인
테마파크: 롯데월드 50%할인
멤버십포인트: L.POINT
유의사항: 꼭 확인하세요!"
1136,Driving Pass 카드,롯데카드,"8,000","12,000","자동차/하이패스: 드라이빙패스 할인 서비스
보험: 자동차 보험료 할인 서비스
정비: 차량정비 서비스
기타: 서비스 이용 기준
쇼핑: 롯데백화점 할인
헤어: 미용실 최대 20% 할인
푸드: TGI, 미스터피자 할인
OTT/영화/문화: 롯데월드, 롯데시네마 할인
유의사항: 꼭 확인하세요!"
1137,EBS교육방송 롯데카드,롯데카드,"7,000","10,000","교육/육아: EBS 이용시 10~20% 할인
도서: 전국서점, EBS북몰, 인터파크도서 할인
도서: EBS북몰, 인터파크도서 15~20%할인
헤어: 미용실 최대 20% 할인
테마파크: 주요 놀이공원 40~50% 할인
경기관람: 롯데 자이언츠 20% 할인
쇼핑: 롯데백화점, 롯데면세점, 롯데ON 할인
롯데마트, 롯데슈퍼, 토이저러스 무이자할부
여행/숙박: 해외여행 및 렌터카 서비스
OTT/영화/문화: 롯데시네마 관람료 할인
뮤지컬, 연극 등 공연 할인
푸드: 보네스뻬/보네스뻬브레드, T.G.I.F 10% 할인
롯데리아, 엔제리너스커피, 나뚜루 할인
멤버십포인트: L.POINT 적립
유의사항: 꼭 확인하세요!"
1138,파스퇴르 아이 롯데카드,롯데카드,"5,000","7,000","온라인쇼핑: 파스퇴르몰 이용 시 최대 15% 할인
기타: 파스퇴르몰에서 상품 구매 시 더블 스템프제공
연회비지원: 전년도 유실적시 차년도 연회비 면제서비스
백화점: 롯데백화점 5% 할인 쿠폰 제공
면세점: 면세점 현장할인
온라인쇼핑: 롯데ON 5% 할인
대형마트: 롯데마트, 롯데슈퍼, 토이저러스 무이자할부
테마파크: 롯데월드 본인종합이용권 50% 할인
영화: 롯데시네마 영화관람료 1,500원 청구할인
패밀리레스토랑: T.G.I.F, 미스터피자 할인
경기관람: 롯데자이언츠 입장료 할인
멤버십포인트: L.POINT
유의사항: 꼭 확인하세요!"
1139,elLOTTE 카드,롯데카드,"12,000","15,000","프리미엄: 프리미엄 할인서비스
기타: 프리미엄 할인서비스
쇼핑: 롯데백화점, 롯데ON할인
롯데백화점, 롯데마트, 롯데슈퍼 무이자할부
헤어: 미용실 최대 20%할인
멤버십포인트: L.POINT적립
테마파크: 롯데월드, 롯데시네마 할인
유의사항: 꼭 확인하세요!"
1140,E-PASS 롯데카드,롯데카드,"10,000","15,000","쇼핑: 쇼핑지원서비스
멤버십포인트: L.POINT
유의사항: 꼭 확인하세요!"
1141,EXR 롯데포인트플러스 카드,롯데카드,"5,000","6,000","쇼핑: EXR 대리점 & E-Shop 구매시 할인
멤버십포인트: 더블 포인트 적립 서비스
백화점: 롯데백화점, 롯데ON, 면세점 할인
롯데마트, 롯데슈퍼, 토이저러스 무이자할부
주유: SK주유소에서 결제 시 포인트 적립
테마파크: 롯데월드, 롯데시네마 할인
푸드: 롯데리아, 엔제리너스커피, 나뚜루, TGI,  미스터피자 할인
유의사항: 꼭 확인하세요!"
1142,패션플러스 롯데포인트플러스카드,롯데카드,"5,000","7,000","온라인쇼핑: 패션플러스 최대 20% 할인
멤버십포인트: 더블 포인트 적립 서비스!
연회비지원: 연회비 면제 서비스
테마파크: 롯데월드 종합이용권 50% 할인
쇼핑: 롯데백화점, 롯데ON, 면세점 할인
롯데마트, 롯데슈퍼, 토이저러스 무이자할부
영화: 롯데시네마 관람료 1,500원 청구할인
푸드: T.G.I.F, 롯데리아, 엔제리너스커피, 나뚜루 할인
주유소: SK주유소 리터당 SK주유포인트 50원적립
멤버십포인트: L.POINT
유의사항: 꼭 확인하세요!"
1143,GS25 롯데카드,롯데카드,"5,000","6,000","편의점: GS25 10~20%할인
연회비지원: 연회비 면제 서비스
쇼핑: 롯데백화점, 면세점, 롯데ON 할인
롯데마트, 롯데슈퍼, 토이저러스 무이자할부
멤버십포인트: 포인트 적립
테마파크: 롯데월드, 롯데시네마 할인
푸드: 롯데리아, 엔제리너스, 나뚜루, TGI 할인
유의사항: 꼭 확인하세요!"
1144,GS칼텍스 롯데카드,롯데카드,,"12,000","주유: GS칼텍스 리터당 50원 할인
정비: 차량 무료점검 서비스
헤어: 미용실 최대 20%할인
테마파크: 주요 놀이공원 40~50% 할인
경기관람: 롯데 자이언츠 20% 할인
쇼핑: 롯데백화점, 롯데면세점, 롯데ON 할인
롯데마트, 롯데슈퍼, 토이저러스 무이자할부
여행/숙박: 해외여행 및 렌터카 서비스
OTT/영화/문화: 롯데시네마 관람료 할인
뮤지컬, 연극 등 공연 할인
푸드: 보네스뻬/보네스뻬브레드, T.G.I.F 10% 할인
멤버십포인트: 포인트적립
유의사항: 꼭 확인하세요!"
1145,G마켓 롯데카드,롯데카드,"5,000","10,000","온라인쇼핑: G마켓 할인 및 VIP서비스
테마파크: 롯데월드 50%할인
쇼핑: 롯데백화점, 롯데면세점, 롯데ON 할인
롯데마트, 롯데슈퍼, 토이저러스 무이자할부
영화: 롯데시네마 영화 할인
푸드: 미스터피자, T.G.I, 롯데리아, 엔제리너스커피, 나뚜루 할인
주유: SK주유소 리터당 SK주유포인트 50원적립
멤버십포인트: L.POINT
유의사항: 꼭 확인하세요!"
1146,Hi-pass 행복 롯데카드,롯데카드,"12,000","15,000","하이패스: 하이패스 이용요금 할인
경기관람: 롯데자이언츠 입장료 할인
쇼핑: 롯데백화점, 롯데면세점, 롯데ON 할인
롯데마트, 롯데슈퍼, 토이저러스 무이자할부
멤버십포인트: L.POINT
푸드: 롯데리아, 엔제리너스커피, 나뚜루 할인
유의사항: 꼭 확인하세요!"
1147,I♥HoNam DC플러스카드,롯데카드,"10,000","10,000","쇼핑: 최고 7% 할인서비스
주유: SK주유소 리터당 80P 적립
지역: I♥HoNam DC플러스카드 서비스
유의사항: 꼭 확인하세요!"
1148,I♥공주 드라이빙 패스 롯데카드,롯데카드,"8,000","12,000","지역: 충청남도 [공주시] 지역 특화 서비스
자동차/하이패스: 드라이빙패스 할인 서비스
보험: 자동차 보험료 할인
정비: 차량정비 서비스
헤어: 미용실 최대 20% 할인
경기관람: 롯데 자이언츠 20% 할인
쇼핑: 롯데백화점, 롯데ON, 면세점 할인
롯데마트, 롯데슈퍼, 토이저러스 무이자할부
OTT/영화/문화: 롯데시네마 관람료 할인
뮤지컬, 연극 등 공연 할인
주유: SK주유소 리터당 SK주유포인트 50원적립
멤버십포인트: 멤버십포인트 적립
유의사항: 꼭 확인하세요!"
1149,삼성 iD 달달할인,삼성카드,"29,000","29,000","생활: 생활요금 정기결제 10% 할인
할인: 할인점·주유·의료 5% 할인
디지털구독: 스트리밍·온라인쇼핑몰 멤버십 50% 할인
유의사항: 꼭 확인하세요!"
1150,에르고다음 롯데포인트플러스 카드,롯데카드,"5,000","5,000","보험: 에르고다음다이렉트 자동차보험료 10%(최대 3만원)할인
적립: 더블 포인트 적립 서비스
무이자할부: 6개월 슬림할부 및 2~3개월 무이자 할부 서비스
헤어: 미용실 최대 20% 할인
경기관람: 롯데 자이언츠 20% 할인
백화점: 롯데백화점 5% 할인 e-쿠폰 및 무료 주차권 제공
온라인쇼핑: 롯데ON 5% 할인 및 무이자 할부 혜택
면세점: 면세점 5~10% 할인 [롯데면세점]
무이자할부: 토이저러스 2~3개월 무이자할부 혜택 (체크카드 제외)
기타: 소액무서명 결제 서비스
공연/전시: 뮤지컬, 연극 등 공연 10~30% 할인
주유소: SK주유소 리터당 SK주유포인트 50원적립
멤버십포인트: L.POINT 적립
유의사항: 꼭 확인하세요!"
1151,엔조이뉴욕 롯데카드,롯데카드,"5,000","7,000","온라인쇼핑: 엔조이뉴욕 이용 시 최대 10% 청구할인
푸드: 요식업종 최대 10%할인
백화점: 롯데백화점 5%할인 e-쿠폰 제공
헤어: 미용실 최대 20% 할인
경기관람: 롯데 자이언츠 20% 할인
쇼핑: 롯데백화점 5% 할인 e-쿠폰 및 무료 주차권 제공
온라인쇼핑: 롯데ON 5% 할인 및 무이자 할부 혜택
면세점: 면세점 5~10% 할인 [롯데면세점]
무이자할부: 롯데마트, 롯데슈퍼 2~3개월 무이자 할부 (체크카드 제외)
기타: 소액무서명 결제 서비스
영화: 롯데시네마 관람료 1,500원 청구할인
공연/전시: 뮤지컬, 연극 등 공연 10~30% 할인
주유소: SK주유소 리터당 SK주유포인트 50원적립
멤버십포인트: L.POINT 적립
유의사항: 꼭 확인하세요!"
1152,KB국민 주유전용기업카드,KB국민카드,,,"주유: 차량유지를 위해 주유소 전용 사용 및 교통서비스 가능
유의사항: 꼭 확인하세요!"
1153,KB국민 하이패스 주유 기업카드,KB국민카드,,,"하이패스: 후불 하이패스 기능 
주유: 차량유지를 위해 주유소 결제 서비스만 제공
유의사항: 꼭 확인하세요! "
1154,MyBiz Up 기업카드,KB국민카드,,,"생활: 비용절감 UP 서비스 
기타: 포인트리 UP 서비스 
비즈니스: 비즈니스 UP 서비스 
유의사항: 꼭 확인하세요! "
1155,Easy shopping 카드,KB국민카드,"15,000","15,000","쇼핑: 온라인쇼핑몰, 대형마트, 소셜커머스, 백화점 10% 포인트리 적립
선택형: 아파트 관리비, 편의점, 배달앱 5% 포인트리 적립
간편결제: 온라인쇼핑몰에서 KB Pay 이용 시 5% 포인트리 적립
유의사항: 꼭 확인하세요!"
1156,YES24 Mania롯데카드,롯데카드,"7,000","10,000","OTT/영화/문화: 할인쿠폰 제공 및 최대 24% 할인
유의사항: 꼭 확인하세요!"
1157,하나멤버스 1Q 카드 Special Auto,하나카드,"8,000","10,000","적립: 국내외특화가맹점 합산이용금액 10만원 당 5천 하나머니 적립
공과금: 아파트관리비 자동이체 결제시 월 1회 5천 하나머니 적립
카페: 하나은행 결제계좌 이용고객 월1회 커피 할인
멤버십포인트: 하나멤버스 서비스
하나금융그룹에서 제공하는 멤버십 서비스로서 하나머니 적립, 충전, 사용 서비스 및 각종 고객 우대 프로그램 제공
유의사항: 꼭 확인하세요!"
1158,엘지생활건강 롯데포인트플러스카드,롯데카드,"5,000","7,000","화장품: 엘지생활건강(뷰티플렉스, 방문판매) 20% 할인 및 페이백 서비스
기타: 더블 포인트 적립 서비스
백화점: 롯데백화점 5%할인
면세점: 롯데면세점 5%, 신라아이파크면세점 10~15% 현장할인
온라인쇼핑: 롯데ON 5% 할인
무이자할부: 롯데가맹점 무이자 할부
테마파크: 롯데월드 본인종합이용권 50% 할인
영화: 롯데시네마 영화관람료 1,500원 청구할인
패밀리레스토랑: T.G.I FRIDAY'S 10% 현장할인(주류제외)
푸드: 롯데리아, 엔제리너스 커피, 나뚜루 1,000원당 50원 할인
주유소: SK주유소에서 결제 시 리터 당 50포인트 적립
유의사항: 꼭 확인하세요!"
1159,개인택시 운송사업자 롯데카드,롯데카드,,,"멤버십포인트: E1 오렌지포인트 2% 적립
일반음식점: 외식업종 청구할인
쇼핑: 롯데백화점, 롯데ON, 면세점 최대 10%할인
유의사항: 꼭 확인하세요!"
1160,하나멤버스 1Q(원큐) Tour1 카드,하나카드,"15,000","17,000","해외이용: 해외 음식업종 전 가맹점 최대 20% 하나머니 적립
(이용월 직전 6개월동안 항공/숙박/여행사 업종 이용하고 이용월 직전 3개월 합산 실적에 따라 제공)
적립: 해외음식업종 제외 해외 전 가맹점/여행/국내 실적에따라 하나머니 적립 서비스
영화: CGV, 메가박스, 롯데시네마 영화표 1만원 이상 결제하면 5천원 청구할인
기타: 동부화재 해외여행 보험서비스 제공
유의사항: 꼭 확인하세요!"
1161,Get100카드,KB국민카드,"15,000","15,000","적립: Get100 포인트 적립 월 최대 5만점
유의사항: 꼭 확인하세요!"
1162,Get100 체크카드,KB국민카드,,,"대형마트: 이마트, 롯데마트, 홈플러스 2% 적립
주유소: 주유소 2% 적립
편의점: GS25 2% 적립
기타: Get100포인트 사용
유의사항: 꼭 확인하세요!"
1163,경차 smart 롯데체크카드,롯데카드,,,"주유: 경차 유류세 환급 서비스
주유: 모든 주유소 할인되는 경차 smart 주유 캐시백 서비스
멤버십포인트: L.POINT 적립, 더블 포인트 적립 서비스
헤어: 미용실 최대 20% 할인
쇼핑: 롯데백화점, 롯데ON, 롯데마트 할부 및  5% 할인
여행/숙박: 여행서비스
푸드: 외식
유의사항: 꼭 확인하세요!"
1164,ONE KB국민 기업카드,KB국민카드,"5,000","10,000","적립: 결제금액의 0.3% 기본포인트 적립
보험사: 무료 여행자 보험 서비스 
유의사항: 꼭 확인하세요! "
1165,골프존 롯데카드,롯데카드,"10,000","15,000","골프: 골프존 할인 서비스
멤버십포인트: L.POINT
테마파크: 롯데월드 본인 종합이용권 50% 할인
헤어: 미용실 최대 20% 현장할인
쇼핑: 롯데백화점, 롯데면세점, 롯데ON 현장할인
영화: 롯데시네마 영화관람료 1,500원 할인
푸드: T.G.I.FRiDAY'S 10% 현장할인(주류 제외)
유의사항: 꼭 확인하세요!"
1167,엠비에이(MBA) 카드,롯데카드,"195,000","200,000","바우처: 매년 차량관련 바우처/골프 바우처/호텔 레스토랑 바우처/ 캠핑, 여행 상품 바우처 제공(택 1)
주유소: 오일리지 적립
프리미엄 서비스: 엠비에이(MBA) 카드 프리미엄 서비스
프리미엄 서비스: 비자 시그니처 서비스
백화점: 롯데백화점 5% 현장할인 e-쿠폰
면세점: 롯데면세점 5~15% 현장할인
테마파크: 롯데월드 본인종합이용권 50% 할인
영화: 롯데시네마 관람권 1,500원 할인
호텔: 롯데호텔 객실 및 일부 식음료장 할인
패밀리레스토랑: T.G.I.FRiDAY’S 10% 현장할인
푸드: 미스터피자 15% 현장할인,롯데리아·나뚜루·엔제리너스 1,000원당 50원 할인
헤어: 박준 뷰티랩 20% 현장할인, 박승철 헤어스투디오 15% 현장할인
기타: L.POINT 제휴사 포인트 적립
유의사항: 꼭 확인하세요!"
1168,IBK 웰릭스 카드,IBK기업은행,"15,000","15,000","렌탈 : 웰릭스 렌탈 최대 1만 7천원 할인 
유의사항: 꼭 확인하세요! "
1169,교보문고 롯데체크카드,롯데카드,,,"도서: 교보문고/교보핫트랙스 멤버십 서비스
푸드: 파리바게뜨, 던킨도너츠 10% 할인
헤어: 미용실 최대 20% 할인
테마파크: 놀이공원 최대 50% 할인
경기관람: 롯데 자이언츠 20% 할인
쇼핑: 롯데백화점, 롯데ON, 롯데마트 할부 및 할인
여행/숙박: 여행서비스
푸드: 외식
주유소: SK주유소 리터당 SK주유포인트 50원적립
멤버십포인트: L.POINT, 롯데 SK 주유포인트 적립
기타: 연회비 면제 및 SMS 무료 서비스
유의사항: 꼭 확인하세요!"
1170,이사배 카드,IBK기업은행,,,"드럭스토어: H&B스토어 최대 2,000원 할인
화장품: 화장품 최대 2,000원 할인 
헤어: 미용실, 이용원, 네일샵에서 최대 2,000원 할인 
금융: 이체수수료 , ATM 수수료 면제 
환전 시 환율 70% 우대 
유의사항: 꼭 확인하세요! "
1171,H.Point KB국민카드,KB국민카드,,"12,000","모든가맹점: 모든 이용금액(일부 제외)0.5% 적립
백화점: 현대백화점그룹내 1%추가적립
생활: 커피, 편의점, 약국 업종 5%청구할인
할인: 패밀리레스토랑, 패스트푸드, 주유소/충전소 업종 5%청구할인
기타: 학원, 골프/골프연습장, 미용실 업종 5%청구할인
영화: 인터파크 영화 예매 시 1매당 3,500원 청구할인
테마파크: 롯데월드/에버랜드/캐리비안베이 30 ~ 50% 현장할인
유의사항: 꼭 확인하세요!"
1172,하나로마트 하나카드,하나카드,,"15,000","대형마트: 하나로마트 대상점 이용 시 이용금액 10% 청구 할인
베이커리: 베이커리 이용 시 이용금액 5% 청구 할인
카페: KEB 하나은행 결제계좌 이용고객 월 1회 커피 청구 할인
스타벅스, 커피빈 4천원 이상 결제 시 4천원 청구할인
통신: 통신 자동이체 이용 시, 이용금액의 5% 청구 할인
학원: 학원 업종 이용 시, 이용금액의 5% 청구 할인
유의사항: 꼭 확인하세요!"
1173,교보문고 핫트랙스 롯데카드,롯데카드,"5,000","10,000","도서: 교보문고/핫트랙스 이용 시 10~25% 할인
도서: 교보문고/교보핫트랙스 멤버십 서비스
헤어: 미용실 최대 20% 현장할인
테마파크: 놀이공원 50% 할인
경기관람: 롯데 자이언츠 20% 할인
쇼핑: 롯데백화점, 롯데ON, 롯데마트 할부 및 할인
여행/숙박: 여행서비스
OTT/영화/문화: 영화/공연 할인
푸드: 외식
멤버십포인트: L.POINT 적립
유의사항: 꼭 확인하세요!"
1174,하나 원큐 카드,하나카드,"15,000","15,000","적립: 하나원큐페이 결제 1.8% 하나머니 적립
국내 전 가맹점 0.8% 하나머니 적립
해외: 해외에서도 전월 실적 및 횟수 제한 없는 하나머니 적립 서비스
유의사항: 꼭 확인하세요!"
1175,딩딩 신용카드,BNK부산은행,"7,000","10,000","주유: 전 주유소 리터당 60원 할인 
교통: 대중교통 10% 청구할인 
통신: 이동통신요금 5% 청구할인 
푸드: 모든 음식점 업종 10% 청구할인 
카페/디저트: 커피&베이커리 10% 할인 
영화: 전국 영화관 4천원 할인 
쇼핑: 인터넷 쇼핑 5% 청구할인 
테마파크: 놀이공원 50% 현장할인 
유의사항: 꼭 확인하세요!"
1176,프리미엄 GS POP 하나카드,하나카드,"18,000","20,000","제휴/PLCC: GS리테일 단골 청구할인 서비스
GS25, GS수퍼마켓, GS fresh, 랄라블라에서 건당 200원 할인 
제휴/PLCC: GS리테일 프리미엄 청구 할인 서비스
전월실적 30만원 이상 시 50% 할인
멤버십포인트: POP 서비스
유의사항: 꼭 확인하세요!"
1177,BNK 부자되세요 홈쇼핑카드,BNK부산은행,,"2,000","홈쇼핑: 6대 홈쇼핑 이용액의 6% 청구할인 
백화점: 전국 모든 백화점 5% 청구할인 
온라인쇼핑: 온라인쇼핑 5% 청구할인
소셜커머스 5% 청구할인
유의사항: 꼭 확인하세요! "
1178,BNK 청춘불패 369(Oh!point)체크카드,BNK부산은행,"1,000",,"기타: 후불교통기능
외국어시험 응시료 할인 
통신: 통신요금 5% 캐시백 
패밀리레스토랑: 패밀리레스토랑 10% 캐시백 
카페: 커피전문점 10% 캐시백 
OTT/영화/문화: 모든 영화관 3,000원 할인
도서구입 5% 할인 
기타: 369서비스 
유의사항: 꼭 확인하세요! "
1179,교원 베이비 롯데카드,롯데카드,"10,000","15,000","교육/육아: 교원 베이비 포인트 적립
멤버십포인트: 교원 베이비포인트
쇼핑: 쇼핑
기타: L.POINT
유의사항: 꼭 확인하세요!"
1180,풀무원 하나카드,하나카드,"20,000","23,000","푸드: 풀무원샵, 풀무원녹즙, 풀무원 로하스, 올가, 베이비밀, 자담터, 아미오, 잇슬림 청구할인
적립: 온라인쇼핑, 아파트관리비 자동이체 10만원 당 5천 하나머니 적립
유의사항: 꼭 확인하세요!"
1181,여인닷컴 롯데DC플러스카드,롯데카드,,"10,000","온라인쇼핑: 여인닷컴 최대 30% 할인 및 롯데멤버스 제휴사 최대 7% 할인
온라인쇼핑: 여인닷컴 1만원 쿠폰 제공
무이자할부: 학원, 병/의원 2~3개월 무이자 할부
헤어: 미용실 최대 20% 할인
경기관람: 롯데 자이언츠 20% 할인
백화점: 롯데백화점 5% 할인 e-쿠폰 및 무료 주차권 제공
온라인쇼핑: 롯데ON 5% 할인 및 무이자 할부 혜택
면세점: 롯데시네마 영화관람료 1,500원 청구할인
무이자할부: 2~3개월 무이자 할부
기타: 소액무서명 결제 서비스
주유소: SK주유소에서 결제 시 리터 당 50포인트 적립
공연/전시: 뮤지컬, 연극 등 공연 10~30% 할인
주유소: SK주유소 리터당 SK주유포인트 50원적립
기타: L.POINT 적립 0.1%~3% 적립
유의사항: 꼭 확인하세요!"
1182,옥토 CMA 샤롯데카드,롯데카드,,"20,000","금융: 우리투자증권 OCTO CMA 자동투자 서비스
항공권: 항공권 할인 서비스
공항라운지: 공항라운지 무료 이용 서비스
호텔: 무료 발렛파킹 서비스 제공
기타: 여행자보험 및 케어서비스
헤어: 미용실 최대 20% 할인
테마파크: 놀이공원 최대 50% 할인
경기관람: 롯데 자이언츠 20% 할인
쇼핑: 롯데백화점 5% 할인
면세점 5~10% 할인 [롯데면세점]
여행/숙박: 여행 및 해외렌터카 서비스
OTT/영화/문화: 영화 및 공연 할인
푸드: 최대 10%할인
주유소: SK주유소 리터당 SK주유포인트 50원적립
기타: L.POINT 및 주유포인트 적립
유의사항: 꼭 확인하세요!"
1183,교원DC 롯데카드,롯데카드,"5,000","10,000","모든가맹점: 교원 결제 시 최대 20% 할인
헤어: 미용실 최대 20% 할인
테마파크: 롯데월드 종합이용권 50% 할인
쇼핑: 쇼핑
OTT/영화/문화: 영화/공연
푸드: 외식
멤버십포인트: L.POINT 적립
유의사항: 꼭 확인하세요!"
1184,Z:IN 인테리어 신한카드,신한카드,"22,000","25,000","인테리어: Z:IN 가맹 대리점에서 할부 이용 시 할부 수수료 혜택
캐시백: Z:IN 가맹 대리점 할부이용 캐시백
유의사항: 꼭 확인하세요!"
1185,골든라이프 티타늄카드,KB국민카드,,"40,000","병원/약국: 병원/약국 업종 5% 청구할인
주유: 주유 리터당 60원 청구할인
대형마트: 3대 대형마트 5% 청구할인
적립: 골프/건강관리/여행/쇼핑/대중교통/이동통신 1~2% 적립
해외이용: 해외 이용금액 2% 할인 캐시백
기타: 연간 리워드 1만점 적립
기타: 스마트 기능
프리미엄 서비스: Master 티타늄 서비스"
1186,포켓몬을 사랑하는 고객용 하나멤버스 1Q 체크카드,하나카드,,,"생활: 생활 가맹점 이용당 5% 하나머니 적립
기타: 플레이트 디자인 선택 가능"
1187,THE BOON SVIP 신한카드,신한카드,"197,000","200,000","항공마일리지: 대한항공 마일리지/아시아나항공 마일리지/결제일 할인(택1)
PP: THE BOON SVIP 카드 신청 시 ‘Priority Pass’ 무료 제공
프리미엄: 국제 브랜드사 서비스
유의사항: 꼭 확인하세요!"
1188,펫 사랑 카드,하나카드,"15,000","15,000","적립: 동물병원, 온라인쇼핑, 커피 10% 하나머니 적립
대중교통, 통신요금 7% 하나머니 적립
유의사항: 꼭 확인하세요!"
1189,SK렌터카 신한카드 MY CAR,신한카드,"27,000","30,000","렌터카: SK렌터카 보증금 할부 서비스
SK렌터카 월 렌탈료 2~3만원 할인
주유: 주유, 충전, 전기차 충전 할인
자동차/하이패스: 차량 이용 할인 (정비, 주차, 대리운전, 하이패스)
카페: 커피전문점 월 최대 2천원 할인
유의사항: 꼭 확인하세요!"
1190,SKT T라이트 신한카드,신한카드,"22,000","25,000","SKT: SKT 라이트할부 제공
통신: 라이트할부 이용 회원 월 최대 1만 5천원 할인
라이트할부 미이용 회원 월 최대 5천원 할인
유의사항: 꼭 확인하세요!"
1191,olleh 슈퍼 DC(Super DC) 신한카드 빅플러스,신한카드,,"15,000","KT: KT 통신요금 최대 1만 5천원 할인
주유: 현대오일뱅크 주유 시 40포인트/L 적립
테마파크: 롯데월드, 서울랜드 자유이용권 50% 할인
영화: 인터파크, YES24 영화 할인
헤어: 박준 뷰티랩, 박승철헤어스투디오 할인
경기관람: LG트윈스 정규시즌 홈경기 할인
유의사항: 꼭 확인하세요!"
1192,LG U+ 스마트플랜 Plus 신한카드,신한카드,"22,000","25,000","LGU+: LG U+ 스마트할부 제공
통신: 스마트할부 이용 회원 최대 1만 5천원 할인
스마트할부 미이용 회원 최대 5천원 할인
유의사항: 꼭 확인하세요!"
1193,LG U+ 사장님 통할인 신한카드,신한카드,,"38,000","LGU+: LG U+ 통신요금 최대 4만 2천원 할인
유의사항: 꼭 확인하세요!"
1194,LG U+ Smart 10 신한카드 Big Plus,신한카드,,"13,000","LGU+: LG U+ 통신요금 1만원 할인
주유: 현대오일뱅크 40포인트/L 적립
테마파크: 롯데월드, 서울랜드 본인 자유이용권 50% 할인
OTT/영화/문화: 인터파크, YES24 할인
헤어: 박준 뷰티랩, 박승철 헤어스튜디오 20% 할인
경기관람: 스포츠 할인 서비스
유의사항: 꼭 확인하세요!"
1195,LG BEST 모바일 Gold 신한카드,신한카드,"22,000","25,000","쇼핑: LG BEST 매장 Gold할부 서비스 제공
통신: 통신요금 통합 청구할인
유의사항: 꼭 확인하세요!"
1196,KT Super할부 Plus 신한카드,신한카드,"22,000","25,000","KT: KT Super할부 서비스 제공
통신: KT 요금 통합 청구할인
유의사항: 꼭 확인하세요!"
1197,KBO제휴 신한카드 MY KBO,신한카드,,"14,000","적립: 모든가맹점 0.5% 적립
신한은행 결제계좌 지정 시 0.1% 추가 적립
경기관람: 전구단 대상 결제일 정규시즌 야구할인 서비스 제공
금융: 신한은행 우대 서비스
유의사항: 꼭 확인하세요!"
1198,IKEA for Business with 신한카드,신한카드,"27,000","30,000","쇼핑: IKEA 매장 이용 시 10% 할인
생활: IKEA 점외 가맹점 통합 할인
유의사항: 꼭 확인하세요!"
1199,GS칼텍스 신한카드 BigPlus,신한카드,"5,000","7,000","주유: GS칼텍스 80P/L 적립
테마파크: 롯데월드, 서울랜드 입장권 및 자유이용권 현장할인
영화: 인터파크, YES24 영화 예매 현장 할인
무이자할부: 3대 백화점 3개월 무이자 할부
보험사: 대중교통 상해보험 무료가입 서비스
유의사항: 꼭 확인하세요!"
1200,GS칼텍스 신한카드 BigPlus Smart,신한카드,"5,000","7,000","주유: GS칼텍스 80P/L 적립
멤버십포인트: GS칼텍스 보너스 포인트(GS&Point) 적립
테마파크: 롯데월드, 서울랜드 입장권 및 자유이용권 현장할인
영화: 인터파크, YES24 영화 예매 현장 할인
무이자할부: 3대 백화점 3개월 무이자 할부
보험사: 대중교통 상해보험 무료가입 서비스
유의사항: 꼭 확인하세요!"
1201,BC 부자되세요 홈쇼핑 신한카드,신한카드,,"7,000","홈쇼핑: 6대 홈쇼핑 이용액의 6% 결제일 할인
푸드: 패밀리레스토랑 20% 할인
커피, 베이커리 15% 할인
유의사항: 꼭 확인하세요!"
1202,부산 동백전 체크카드,BNK부산은행,,,"지역: 부산시 내 전통시장 이용 시 2% 할인
부산시 내 일반가맹점 이용 시 0.2% 할인 
유의사항: 꼭 확인하세요! "
1203,콘텐츠박스 1Q(원큐) 카드 Daily,하나카드,"8,000","10,000","디지털구독: 올레 콘텐츠박스 이용 쿠폰 제공 서비스
적립: 일 적립서비스 (Daily) - 국내 가맹점 0.5% 하나머니 적립
월 적립서비스 (Monthly) - 온라인쇼핑, 통신/교통, 해외 10만원 당 5천 하나머니 적립
카페: 하나은행 결제계좌 이용고객 월1회 커피 할인
유의사항: 꼭 확인하세요!"
1204,코웨이 하나카드,하나카드,"10,000","12,000",렌탈 : 코웨이 렌탈 자동이체 할인
1205,청호나이스 플러스 하나카드,하나카드,,"12,000","렌탈 : 청호나이스 렌탈요금 할인
대형마트: 이마트, 이마트 트레이더스, 홈플러스, 롯데마트 이용금액 3% 청구할인
카페: 커피빈 이용금액 10% 청구할인
유의사항: 꼭 확인하세요!"
1206,청년취업카드 하나멤버스 Mega BC 체크카드,하나카드,,,"적립: 생활밀착업종 2만원당 200하나머니  / 이동통신요금 자동이체 3천~5천 하나머니 적립
그외 모든 가맹점 2만원당 100 하나머니 적립
멤버십포인트: 하나멤버스 서비스"
1207,이랜드 클럽 신용카드,하나카드,"8,000","10,000","멤버십포인트: 이랜드리테일 1천원당 10 멤버십포인트 적립
일반 사용처 1천원당 7 멤버십포인트 적립"
1208,캐쉬백카드,BNK부산은행,,"5,000","무이자할부: 2~3개월 무이자할부 
주유: SK주유소, GS칼텍스 1.5% 청구할인 
영화: 전국 영화관 3천원 할인 
카페/디저트: 베이커리 10% 청구할인
커피전문점 10% 청구할인 
통신: 통신요금 3% 청구할인 
테마파크: 놀이공원 50% 현장할인 또는 무료입장 
모든가맹점: 모든 가맹점 할인 
유의사항: 꼭 확인하세요! "
1209,BNK 프렌즈 신용카드,BNK부산은행,,"12,000","모든가맹점: 국내 가맹점에서 주중 0.3% , 주말 0.6% 할인 
생활: 생활필수영역 할인 
유의사항: 꼭 확인하세요! "
1210,이랜드 클럽 체크카드,하나카드,,,"멤버십포인트: 이랜드리테일 1천원당 5 멤버십포인트 적립
일반 사용처 1천원당 3 멤버십포인트 적립
유의사항: 꼭 확인하세요!"
1211,윙고 장학재단 체크카드,하나카드,,,"기타: 한국장학재단 대출 원리금 상환 서비스
학원: 어학원 강좌 5% 포인트 적립
어학원시험 응시료 10% 포인트 적립
도서: 교보문고, 알라딘 도서 구매 시 10% 포인트 적립
영화: ccv 인터넷(오프라인제외), 인터파크, 맥스무비, 영화예매 시 최대 4천포인트 적립
푸드: 해피포인트 가맹점 10% 포인트 적립
아웃백, TGIF 10% 포인트 적립
통신: 카드 최초 발급 월 포함 6개월 이내 휴대폰요금 자동이체 신청 시 휴대폰 요금 최대 2천원 할인
테마파크: 전국 주요 놀이공원 할인 및 무료 입장 서비스
유의사항: 꼭 확인하세요!"
1212,현대홈쇼핑 삼성지엔미포인트카드,삼성카드,,"12,000","모든가맹점: 0.2%~0.8% 빅포인트 적립
주유: S-OIL 리터당 40 보너스포인트 적립
여행/숙박: 삼성카드여행센터 할인
쇼핑: 현대홈쇼핑 3% 할인 및 주요 쇼핑가맹점 무이자할부
푸드: 아웃백, 스타벅스 할인
테마파크: 놀이공원 할인 서비스
영화: 영화할인
경기관람: 프로스포츠 프로모션 서비스
정비: 닥터카서비스
유의사항: 꼭 확인하세요!"
1213,펫(PET)카드,BNK부산은행,"10,000","12,000","애완동물: 반려동물 특화 할인 서비스 
마트/편의점: 대형마트 5% 청구할인
편의점 5% 청구할인 
주유: 전국 주유소 리터당 60원 할인 
소셜커머스: 소셜커머스 5% 청구할인 
유의사항: 꼭 확인하세요! "
1214,웰릭스렌탈 하나카드,하나카드,,"12,000","렌탈 : 웰릭스렌탈 렌탈요금 자동이체 시 월 1만3천원 청구할인
대형마트: 이마트, 이마트 트레이더스, 홈플러스, 롯데마트 이용금액 3% 청구할인
카페: 커피빈 이용금액 10% 청구할인
유의사항: 꼭 확인하세요!"
1215,아모레퍼시픽 카드,하나카드,"10,000","12,000","화장품: 아모레퍼시픽 가맹점 10% 적립 
적립: 슈퍼/커피/제과/영화 5% 적립
유의사항: 꼭 확인하세요!"
1216,썸뱅크 체크카드,BNK부산은행,,,"간편결제: 썸패스, 삼성페이, 네이버페이, 카카오페이 3% 청구할인 
통신: 이동통신요금 3% 청구할인 
카페: 스타벅스 3% 청구할인 
대중교통: 대중교통 3% 청구할인 
영화: 롯데시네마 3% 청구할인 
유의사항: 꼭 확인하세요! "
1217,현대홈쇼핑 삼성애니패스포인트카드,삼성카드,,"12,000","모든가맹점: 0.2%~0.8% 빅포인트 적립
주유: S-OIL 리터당 40 보너스포인트 적립
홈쇼핑: 현대홈쇼핑 3% 할인
푸드: 아웃백, 스타벅스 할인
영화: 영화 할인
테마파크: 주요 놀이공원 입장권 및 자유이용권 할인
경기관람: 프로스포츠 경기 할인
정비: 닥터카서비스
유의사항: 꼭 확인하세요!"
1218,현대하이카다이렉트 삼성카드 7,삼성카드,"18,000","20,000","모든가맹점: 0.5%~3% 빅포인트 적립
주유: S-OIL 리터당 40 보너스포인트 적립
여행/숙박: 삼성카드여행센터 할인 및 아멕스 서비스
테마파크: 놀이공원 할인
경기관람: 프로스포츠 프로모션 서비스
OTT/영화/문화: CGV, 삼성미술관리움 할인
자동차/하이패스: 현대해상 하이카다이렉트 보험료 할인, 닥터카서비스
유의사항: 꼭 확인하세요!"
1219,헬로모바일 삼성카드 2,삼성카드,,"12,000","통신: LG헬로비전 통신요금 할인
CJ ONE: CJ ONE 멤버십 서비스
멤버십포인트: 1%~5% 빅포인트 특별적립
주유: S-OIL 리터당 40 보너스포인트 적립
OTT/영화/문화: 롯데시네마 영화할인
레저/스포츠: 주요 놀이공원 입장권 및 자유이용권 할인
여행/숙박: 삼성카드여행센터 할인
유의사항: 꼭 확인하세요!"
1220,BNK 부자되세요 아파트카드,BNK부산은행,"5,000","10,000","공과금: 아파트관리비 10% 청구할인
도시가스요금 5% 청구할인
마트/편의점: 대형마트 5% 청구할인
유기농 식품점 10% 청구할인 
쇼핑: 다이소 10% 청구할인 
카페: 스타벅스, 엔제리너스 10% 청구할인 
영화: CGV 10% 청구할인 
쇼핑: 패션그룹 형지 할인서비스 
유의사항: 꼭 확인하세요!"
1221,한화이글스 삼성카앤모아카드,삼성카드,"8,000","10,000","주유: 0.2%·0.4% 주유포인트 적립 및 카앤모아 주유할인
여행/숙박: 삼성카드여행센터 할인
카페: 스타벅스 할인
경기관람: 프로스포츠 프로모션 서비스
자동차/하이패스: 닥터카 서비스, 삼성화재 특화서비스, 안심주차번호 서비스
공연/전시: 삼성교통박물관 무료입장
유의사항: 꼭 확인하세요!"
1222,BNK 2030 플래티늄카드(실버),BNK부산은행,,"18,000","생활: 해외이용수수료 및 해외직구 가맹점 할인
온라인호텔, 쇼핑, 커피전문점 등 생활 할인 
프리미엄 서비스: 비자 플래티늄 서비스 "
1223,한화손해보험카젠 삼성애니패스포인트카드,삼성카드,"8,000","10,000","보험: 대중교통상해보험 무료가입
모든가맹점: 0.2%~0.8% 빅포인트 적립
주유: S-OIL 리터당 40 보너스포인트 적립
여행/숙박: 삼성카드여행센터 할인
경기관람: 프로스포츠 할인
영화: 영화 할인
푸드: 아웃백, 스타벅스 할인
테마파크: 놀이공원 입장권 및 자유이용권 할인
자동차/하이패스: 자동차용품, 자동차보험료, 닥터카서비스
유의사항: 꼭 확인하세요!"
1224,한마음 패밀리 삼성티클래스카드,삼성카드,,"20,000","모든가맹점: 0.4%~0.8% 빅포인트 적립
주유: S-OIL 리터당 40~50 보너스포인트 적립
패밀리레스토랑: 불고기브라더스 15% 할인
여행/숙박: 삼성카드여행센터 할인
테마파크: 주요 놀이공원 입장권 및 자유이용권 할인
영화: 영화 할인
경기관람: 프로스포츠 프로모션 서비스
무이자할부: 주요 쇼핑가맹점 무이자할부
기타: 우수회원 옵션 서비스
유의사항: 꼭 확인하세요!"
1225,KB국민 윙크카드,KB국민카드,"20,000","20,000","교육/육아: 윙크학습비 자동이체 할인 서비스
프리미엄 서비스: Master 티타늄 서비스
유의사항: 꼭 확인하세요!"
1226,롯데청주영플 체크카드,롯데카드,,,"쇼핑: 청주 영플라자 할인 서비스
연회비지원: 연회비 면제 및 SMS 무료 서비스
헤어: 박준뷰티랩, 박승철 헤어스투디오 할인
레저/스포츠: 롯데 자이언츠 20% 할인
백화점: 롯데백화점  5% 할인쿠폰 제공
롯데 면세점 5~10% 할인
OTT/영화/문화: 롯데 시네마 1,500원 할인
자동차/하이패스: SK주유소 리터당 50원 할인
멤버십포인트: L.POINT, 롯데 SK 주유포인트 적립
여행/숙박: 여행서비스
유의사항: 꼭 확인하세요!"
1227,한국투자증권CMA 삼성체크카드,삼성카드,,,"주유: S-OIL 리터당 40 보너스포인트 적립
패스트푸드: 아웃백 10% 할인
테마파크: 주요 놀이공원 입장권 및 자유이용권 할인
영화: 영화 할인
정비: 닥터카서비스
경기관람: 프로스포츠 프로모션 서비스
유의사항: 꼭 확인하세요!"
1228,하이증권CMA 삼성체크카드,삼성카드,,,"주유: S-OIL 리터당 40 보너스포인트 적립
증권사: 제휴사 기본서비스
테마파크: 주요 놀이공원 입장권 및 자유이용권 할인
OTT/영화/문화: 영화 할인
정비: 닥터카서비스
경기관람: 프로스포츠 프로모션 서비스
유의사항: 꼭 확인하세요!"
1229,kt M mobile카드,KB국민카드,,"15,000","통신: kt M mobile  통신료 청구할인
유의사항: 꼭 확인하세요!"
1230,LGU＋ 심플라이트카드,KB국민카드,,"15,000","LGU+: LGU+ 통신료자동이체 청구할인 최대 1만 7천원
유의사항: 꼭 확인하세요!"
1231,BNK 2030 플래티늄카드(골드),BNK부산은행,,"68,000","바우처: 기프트바우처 서비스 
생활: 해외사용수수료 및 해외직구 가맹점 할인 
온라인쇼핑 및 드럭스토어, 커피,영화, 통신 등 생활 업종 할인 
프리미엄: 이지멤버스 서비스
비자 플래티늄 서비스 "
1232,플러스모바일 삼성카드 2,삼성카드,"10,000","12,000","적립: 1%~5% 빅포인트 특별적립
주유: S-OIL 리터당 40 보너스포인트 적립
통신: 통신요금 8,000원 결제일할인
영화: 롯데시네마 할인
테마파크: 주요 놀이공원 입장권 및 자유이용권 할인
경기관람: 프로스포츠 프로모션 서비스
유의사항: 꼭 확인하세요!"
1233,LG전자 KB국민카드,KB국민카드,,"15,000","기타: 라이트할부 할인서비스 최대 1만 5천원
렌탈 : 렌탈요금 할인서비스 최대 1만 5천원
유의사항: 꼭 확인하세요!"
1234,롯데카드 웨어러블(기본),롯데카드,"3,000",,"기타: 카드 부착 및 이용방법
기타: 이용처
유의사항: 꼭 확인하세요!"
1235,테크노마트 삼성빅앤빅카드,삼성카드,,"20,000","주유: S-OIL 리터당 40 보너스포인트 적립
멤버십포인트: 0.5%~5% 빅포인트 적립
여행/숙박: 삼성카드여행센터 할인 및 아멕스서비스
대형마트: 이마트 신도림점 할인
경기관람: 프로스포츠 프로모션 서비스
테마파크: 놀이공원 및 워터파크 동반 1인무료·할인
푸드: 테크노마트 신도림점 푸드코트 5% 결제일할인
정비: 닥터카서비스
무이자할부: 무이자할부
유의사항: 꼭 확인하세요!"
1236,BNK카드,BNK부산은행,,"10,000","모든가맹점: 모든 가맹점 0.2% ~0.3% 청구할인 
모든가맹점: 최고 사용 가맹점 0.5% 추가 청구할인
최다 이용 가맹점 3.5% 추가 청구할인 
유의사항: 꼭 확인하세요!"
1237,롯데카드 웨어러블(디씨레빗),롯데카드,"3,000",,"기타: 카드 부착 및 이용방법
기타: 이용처
유의사항: 꼭 확인하세요!"
1238,동부화재 롯데카드,롯데카드,"5,000","10,000","보험: 동부화재 자동차보험료 최대 3만원 할인
동부화재 자동차보험료 2~3개월 무이자할부
정비: 스티드메이트 차량정비 서비스
엔진오일교환/타이어위치교환/타이어펑크수리 등
헤어: 박준뷰티랩, 박승철 헤어스투디오 할인
경기관람: 롯데 자이언츠 20% 할인

영화: 뮤지컬, 연극 등 공연 10~30% 할인
롯데시네마 영화관람료 1,500원 할인
일반음식점: T.G.I.F 상시 10% 할인
주유소: SK주유소 리터당 SK주유포인트 50원적립

적립: LPOINT 적립
롯데 SK주유포인트 적립
유의사항: 꼭 확인하세요!"
1239,롯데카드 웨어러블(로카&로카박스/피겨),롯데카드,"3,000","3,500","기타: 카드 부착 및 이용방법
기타: 이용처
유의사항: 꼭 확인하세요!"
1240,STARTLUCK 카드,KB국민카드,"3,000","5,000","자동차: 영업용화물차 월 683~4,308L 유가보조금 지원
주유: GS칼텍스(경유) 리터당 5원~45원 할인 및 적립
멤버십포인트: GS계열사 0.1~1% 적립
기타: 부가세 환급신고 편의서비스
유의사항: 꼭 확인하세요!"
1241,롯데카드 웨어러블(솜솜이),롯데카드,"3,000",,"기타: 카드 부착 및 이용방법
기타: 이용처
유의사항: 꼭 확인하세요!"
1242,스피킹맥스 하나카드,하나카드,"20,000","20,000","교육/육아: 스피킹맥스/뇌새김 장기할부 서비스
교육/육아: 스피킹맥스/뇌새김 장기할부 청구 할인 서비스
적립: 국내 가맹점 0.7% 청구할인
※스피킹맥스/뇌새김 장기할부 미이용 또는 종료시"
1243,U＋ 알뜰모바일카드,KB국민카드,,"15,000","LGU+: U+ 알뜰모바일 통신료 청구할인 최대 1만 7천원
유의사항: 꼭 확인하세요!"
1244,롯데카드 웨어러블(포인트 먹보),롯데카드,"3,000","3,500","기타: 카드 부착 및 이용방법
기타: 이용처
유의사항: 꼭 확인하세요!"
1245,동원몰포인트플러스 롯데카드,롯데카드,"5,000","7,000","온라인쇼핑: 동원몰 이용 시 최대 20% 청구할인

적립: L.POINT 2배 적립
백화점: 롯데백화점 5% 할인
롯데면세점 5% 할인
푸드: T.G.I FRIDAY'S·보네스뻬 10% 할인
미스터피자 15% 현장할인
주유소: SK주유소 결제 시 리터당 50포인트 적립
유의사항: 꼭 확인하세요!"
1246,소노시즌 하나카드,하나카드,"25,000","25,000","렌탈 : 소노시즌 자동이체시 전월실적에 따라 청구할인
월 9천원~최대 2만원 할인"
1247,kt family 카드,우리카드,,"10,000","KT: kt 제공서비스 (kt 금호렌터카, 올레뮤직, 기프티쇼, 라바짜, kt 소닉붐)
패밀리레스토랑: 패밀리레스토랑 25% 할인
주유: 주유/충전금액 60원/L 할인
통신: 통신요금 자동이체 건당 500원 할인
카페: 스타벅스, 탐앤탐스 10% 청구할인
영화: CGV/메가박스/롯데씨네마 최대 6천원 할인
BC카드 영화 예매사이트 2천원 할인
하이브리드: Two-in-One 결제서비스(신청회원에 한해 제공)
생활: Dining/Shopping/Medical/Education 5% 할인
테마파크: 놀이공원 서비스
무이자할부: 백화점/대형마트/병의원 2~3개월 무이자 할부
유의사항: 꼭 확인하세요!"
1248,바디프랜드 하나카드,하나카드,,"12,000","렌탈 : 바디프랜드 렌탈요금 자동이체 시 월 1만3천원 청구할인
대형마트: 이마트, 이마트 트레이더스, 홈플러스, 롯데마트 이용금액 3% 청구할인
카페: 커피빈 이용금액 10% 청구할인
유의사항: 꼭 확인하세요!"
1249,SDU-V Family 카드,우리카드,,"5,000","교육/육아: SDU-V Family 카드 SPECIAL 서비스 (제휴카드 결제시만 제공)
주유: GS칼텍스 60원~80원/L 할인
레저/스포츠: 놀이공원 할인서비스
패밀리레스토랑: 패밀리레스토랑 할인서비스
카페: 스타벅스, 커피빈, 투썸플레이스 25% 청구할인
통신: 휴대폰이용료 자동이체 3% 할인
영화: CGV, 메가박스, 롯데씨네마 인당 3천원 할인
생활: woori 할인서비스 : 할인대상 가맹점 이용액의 5% 할인
무이자할부: 무이자할부 서비스
금융: 은행거래 우대혜택
하이브리드: 신용카드+체크카드 TWO-IN-ONE 결제서비스
유의사항: 꼭 확인하세요!"
1250,롯데캐슬라이프 카드,롯데카드,"7,000","12,000","쇼핑: [캐슬 DCZONE] 매출청구할인
공과금/렌탈: 롯데캐슬 아파트 관리비 청구할인
헤어: 박준뷰티랩, 박승철 헤어스투디오 할인
경기관람: 롯데 자이언츠 20% 할인
쇼핑: 롯데백화점 5% 할인
면세점 5~10% 할인 [롯데면세점]
OTT/영화/문화: 롯데시네마, 뮤지컬, 연극 할인
유의사항: 꼭 확인하세요!"
1251,연세동문V카드(LIFE CARE),우리카드,,"5,000","주유: GS칼텍스 60~80원/L 할인
패밀리레스토랑: 패밀리레스토랑 25% 청구할인
통신: 휴대폰 이용료 자동이체 3% 할인
카페: 스타벅스, 커피빈, 투썸플레이스 25% 할인
영화: CGV, 메가박스, 롯데씨네마 영화할인
레저/스포츠: 놀이공원 할인서비스
콘도 1박 무료 서비스
생활: woori 할인 : 할인대상 국내가맹점 이용액의 5% 할인
무이자할부: 무이자할부 서비스 (2~3개월)
하이브리드: Two-in-One 결제서비스 제공
Two-in-One(체크) 이용액의 0.2% 모아포인트 적립
은행사: 은행거래수수료 면제
예금, 대출금리 우대서비스
기타: 연세동문V카드 서비스
유의사항: 꼭 확인하세요!"
1252,연세동문V카드(ASIANA),우리카드,,"5,000","아시아나항공: 가맹점 Two in One(체크) 결제금액 1,500원당 ▶ 2마일 적립
가맹점 신용카드 결제금액 1,500원당 ▶ 1.8마일 적립
주유: GS칼텍스 60~80원/L 할인
테마파크: 놀이공원 할인 서비스
금융: 은행거래수수료 면제
환전수수료 / 예금, 대출금리 우대서비스
기타: 연세동문V카드 서비스
유의사항: 꼭 확인하세요!"
1253,랭킹닭컴 하나카드,하나카드,,"15,000","푸드: 랭킹닭컴 이용 시 7% 청구할인
영화: 지난달 이용실적 30만원 이상 시 청구할인 제공
CGV, 메가박스, 롯데시네마 3천원 할인
해외이용: 지난달 이용실적 30만원 이상 시 청구할인 제공
해외 전 가맹점 5% 할인
배달앱: 지난달 이용실적 30만원 이상 시 청구할인 제공
요기요, 배달의민족 5% 할인 (월 5천원 한도)
카페: 지난달 이용실적 30만원 이상 시 청구할인 제공
스타벅스, 커피빈 4천원 할인 (월 4천원 한도, 월 1회)
생활: 지난달 이용실적 70만원 이상 시 제공
통신, 대중교통, 온라인 7% 청구할인
유의사항: 꼭 확인하세요!"
1254,에코마일리지 우리체크카드,우리카드,,,"멤버십포인트: 서울특별시 에코마일리지 프로그램
대중교통: 버스, 지하철 이용시 5% 에코머니 적립
테마파크: 전국 주요 놀이공원 할인
유의사항: 꼭 확인하세요!"
1255,우리 한국장학재단(KOSAF) 체크카드,우리카드,,,"교육/육아: 포인트로 학자금 대출 원리금 상환 가능 서비스
토익 응시료 건당 3,000P 적립
모든가맹점: 모든 국내가맹점 적립포인트 0.3% 적립
도서: 인터넷교보문고, 인터넷영풍문고 건당 3,000P 적립
대중교통: 전국 시내버스, 지하철 1,500P 추가적립
편의점: CU(구 훼미리마트) 편의점 3% 적립
패밀리레스토랑: 아웃백, TGIF 10% 청구할인
카페: 스타벅스, 투썸플레이스 20% 청구할인
유의사항: 꼭 확인하세요!"
1256,카드의정석 U+알뜰모바일 CHECK,우리카드,,,"통신: U+알뜰모바일 이동통신료 자동이체 캐시백
유의사항: 꼭 확인하세요!"
1257,화물차유류구매카드(개인체크),우리카드,,,"주유: S-OIL, 현대오일뱅크, 알뜰주유소 경유 주유 할인
비즈니스: 부가세 환급 지원 서비스
OTT/영화/문화: 영화 할인, 온라인 서점 할인
교육/육아: TOEIC 응시료 2천원 캐시백 할인
푸드: 패밀리레스토랑 10%, 커피전문점 20% 캐시백 할인
테마파크: 놀이공원 할인
카드사: SMS 무료서비스 제공
유의사항: 꼭 확인하세요!"
1258,OK캐쉬백 썸(SUM)타는 우리체크카드,우리카드,,,"OK캐쉬백: OK캐쉬백 멤버십 서비스
온라인쇼핑: G마켓, 옥션 10% 할인
카페/디저트: 스타벅스 20% 할인(사이렌오더 포함)
파리바게뜨, 배스킨라빈스, 던킨도너츠 10% 할인
푸드: 맥도날드, 롯데리아, 버거킹, 피자헛, 미스터피자, 도미노피자 10% 할인
마트/편의점: 편의점(CU), 올리브영 5% 할인
영화: CGV, 롯데시네마, 메가박스 10% 할인
대중교통: 전국 시내버스, 지하철 2천원 할인
교육/육아: YBM시사(토익응시료 포함), 파고다, 해커스어학원 10% 할인
통신: 휴대전화 요금 3천원 할인
유의사항: 꼭 확인하세요!"
1259,LGU+ 라서즐거운 체크카드,우리카드,,,"LGU+: LG U+ 통신요금 최대 5천원 할인
패밀리레스토랑: 패밀리레스토랑 10% 캐시백 할인
카페: 스타벅스, 커피빈 10% 캐시백 할인
영화: 전국 영화관 2천원 캐시백 할인
테마파크: 주요 놀이공원 자유이용권 50% 현장할인
유의사항: 꼭 확인하세요!"
1260,우리성당 체크카드,우리카드,,,"대중교통: 전국 시내버스, 지하철 1,500원 할인
병원/약국: 병원(동물병원 포함), 약국 5% 할인
영화: 모든 영화관 3천원 할인
패밀리레스토랑: 아웃백, TGIF 20% 현장 할인
카페: 스타벅스, 투썸플레이스 20% 할인
주유: GS칼텍스 40원/L 할인
유의사항: 꼭 확인하세요!"
1261,우리 국민연금증체크카드,우리카드,,,"교통: 버스요금 지원 서비스
KTX 승차권 추가 할인 및 철도 할인
공항: 공항라운지 무료이용 서비스
공항 교통할인 서비스 (만 75세 이상 본인)
여행/숙박: 프리미엄 투어 서비스
쇼핑: 전통시장 할인 (월 3회)
OTT/영화/문화: CGV, 메가박스, 롯데시네마 최대 6천원 할인
교보문고, 영풍문고, YES24 온라인 서점 3만원 이상 구매 시 3천원 할인
패밀리레스토랑: 패밀리레스토랑 할인
은행사: 은행거래 수수료 면제서비스
유의사항: 꼭 확인하세요!"
1262,POP 우리V체크카드,우리카드,,,"생활: POP 할인서비스 제공
교육/육아: 토익 응시료 3,000원 할인
전화영어 수강료 50% 할인
패밀리레스토랑: 아웃백스테이크하우스, TGIF, 베니건스, VIPS, 우노 10% 할인
주유: S-OIL 40원/L 할인, LPG 3% 할인
카페: 스타벅스, 커피빈 20% 청구할인
테마파크: 놀이공원 할인서비스
도서: 인터넷서점 YES24, 인터넷교보문고, 인터넷영풍문고 3,000원 할인
카드사: SMS 무료제공
유의사항: 꼭 확인하세요!"
1263,태평백화점 삼성티클래스카드,삼성카드,,"20,000","모든가맹점: 0.4%~0.8% 빅포인트 적립
주유: S-OIL 리터당 40~50 보너스포인트 적립
패밀리레스토랑: 불고기브라더스 15% 할인
여행/숙박: 삼성카드여행센터 할인
테마파크: 주요 놀이공원 입장권 및 자유이용권 할인
영화: 영화 할인
무이자할부: 태평백화점 2·3개월 무이자할부
경기관람: 프로스포츠 프로모션 서비스
기타: 우수회원 옵션 서비스
유의사항: 꼭 확인하세요!"
1264,태평백화점 삼성애니패스포인트카드,삼성카드,,"12,000","모든가맹점: 0.2%~0.8% 빅포인트 적립
주유: S-OIL 리터당 40 보너스포인트 적립
경기관람: 프로스포츠 경기 할인
푸드: 아웃백, 스타벅스 할인
영화: 영화 할인
정비: 닥터카서비스
여행/숙박: 삼성카드여행센터 할인
테마파크: 주요 놀이공원 입장권 및 자유이용권 할인
무이자할부: 태평백화점 2·3개월 무이자할부
유의사항: 꼭 확인하세요!"
1266,코레일멤버십 삼성티클래스카드,삼성카드,,"20,000","모든가맹점: 0.4%~0.8% 빅포인트 적립
주유: S-OIL 리터당 40~50 보너스포인트 적립
여행/숙박: 삼성카드여행센터 할인
기차: 코레일 승차권 할인
테마파크: 주요 놀이공원 입장권 및 자유이용권 할인
패밀리레스토랑: 불고기브라더스 15% 할인
기타: 우수회원 옵션 서비스
경기관람: 프로스포츠 프로모션 서비스
유의사항: 꼭 확인하세요!"
1267,크리스찬 삼성애니패스카드,삼성카드,,"12,000","주유: S-OIL 리터당 40 보너스포인트 적립
경기관람: 프로스포츠 경기 할인
영화: 영화 할인
테마파크: 주요 놀이공원 입장권 및 자유이용권 할인
정비: 닥터카서비스
유의사항: 꼭 확인하세요!"
1268,코레일멤버십이마트 삼성지엔미포인트카드,삼성카드,,"12,000","모든가맹점: 0.2%~0.8% 빅포인트 적립
주유: S-OIL 리터당 40 보너스포인트 적립
쇼핑: 이마트 6,000원 결제일할인 및 주요 쇼핑가맹점 무이자할부
푸드: 아웃백, 스타벅스 할인
기차: 코레일 승차권 할인
테마파크: 주요 놀이공원 입장권 및 자유이용권 할인
영화: 영화 할인
정비: 닥터카서비스
헤어: 미용실 할인
경기관람: 프로스포츠 프로모션 서비스
유의사항: 꼭 확인하세요!"
1269,패밀리클럽 플래티넘 위버스카이 카드,롯데카드,,"150,000","호텔: 롯데호텔 패밀리클럽 특전
백화점: 롯데백화점 패밀리클럽 특전
면세점: 롯데면세점 패밀리클럽 특전
온라인쇼핑: 롯데닷컴 패밀리클럽 특전
대형마트: 롯데마트 패밀리클럽 특전
바우처: 인센티브 패밀리클럽 특전
호텔: 결혼기념일 패밀리클럽 특전
바우처: 스페셜기프트 제공
항공마일리지: 플라이어마일 1,500원당 최대 3마일 적립
프리미엄 서비스: 패밀리클럽 플래티넘위버스카이카드 프리미엄 서비스
프리미엄 서비스: 아멕스 플래티넘 엘리트 서비스
쇼핑: 롯데ON, 롯데마트, 롯데면세점, 롯데백화점 혜택
패밀리레스토랑: T.G.I.F, 미스터피자 할인
헤어: 박준 뷰티랩 20%할인/박승철 헤어스투디오 15% 할인
테마파크: 롯데월드 본인종합이용권 50% 할인
영화: 롯데시네마 관람권 1,500원 할인
호텔: 롯데호텔 객실 및 일부 식음료장 할인
멤버십포인트: L.POINT 제휴사 포인트 적립
유의사항: 꼭 확인하세요!"
1270,프리미엄 렌탈DC 쿠쿠FreeMembership롯데카드,롯데카드,"12,000","15,000","렌탈 : 쿠쿠 Free Membership 렌탈료 결제 시 결제일 할인
유의사항: 꼭 확인하세요!"
1271,코레일멤버십 삼성지엔미포인트카드,삼성카드,,"12,000","모든가맹점: 0.2%~0.8% 빅포인트 적립
주유: S-OIL 리터당 40 보너스포인트 적립
푸드: 아웃백, 스타벅스 할인
헤어: 미용실 할인
기차: 코레일 승차권 5~10% 할인
테마파크: 주요 놀이공원 입장권 및 자유이용권 할인
영화: 영화 할인
정비: 닥터카서비스
경기관람: 프로스포츠 프로모션 서비스
무이자할부: 주요 백화점 및 대형마트, 패션브랜드 무이자할부
유의사항: 꼭 확인하세요!"
1272,프리미엄 렌탈DC 청호나이스 롯데카드,롯데카드,"12,000","15,000","렌탈 : 청호나이스(가전제품) 렌탈료 결제 시 결제일 할인
유의사항: 꼭 확인하세요!"
1273,프리미엄 렌탈DC 바디프랜드 롯데카드,롯데카드,"12,000","15,000","렌탈 : 바디프랜드(가전제품) 렌탈료 결제 시 결제일 할인
유의사항: 꼭 확인하세요!"
1274,프리미엄 렌탈DC 모두렌탈 롯데카드,롯데카드,"12,000","15,000","렌탈 : 모두렌탈(가전제품) 렌탈료 결제 시 결제일 할인
유의사항: 꼭 확인하세요!"
1275,프리미엄 렌탈DC SK매직 롯데카드,롯데카드,"12,000","15,000","렌탈 : SK매직(가전제품) 렌탈료 결제 시 결제일 할인
모든가맹점: L.POINT 적립
유의사항: 꼭 확인하세요!"
1276,프리미엄 렌탈DC CJ온스타일 롯데카드,롯데카드,"12,000","15,000","렌탈 : CJ온스타일(가전제품) 렌탈료 결제 시 결제일 할인
멤버십포인트: L.POINT 적립
유의사항: 꼭 확인하세요!"
1277,드림미즈 롯데포인트플러스 카드,롯데카드,"5,000","10,000","기타: 드림미즈 전 제품 5~10% 할인
쑥쑥닷컴 엔젤클럽 서비스 제공
테마파크: 롯데월드 50% 할인
백화점: 롯데백화점 5% 할인 쿠폰 제공
롯데면세점 5% 할인
영화: 롯데시네마 1,500원 할인
일반음식점: T.G.I.F 상시 10% 할인
롯데리아, 엔제리너스, 나뚜루 할인
주유소: SK주유소 리터당 SK주유포인트 50원 적립
유의사항: 꼭 확인하세요!"
1278,국민행복카드,BNK부산은행,,,"국민행복: 국민행복 특화 서비스 
병원: 의료비 5% 할인 
온라인쇼핑: 온라인 쇼핑 5% 할인 
패밀리레스토랑: 패밀리레스토랑 10% 할인 
카페: 커피전문점 20% 할인 
통신: 이동통신요금 1천원 할인 
테마파크: 키즈파크 5% 할인 
유의사항: 꼭 확인하세요! "
1279,딩딩 체크카드,BNK부산은행,,"1,000","편의점: 편의점 10% 할인 
카페/디저트: 베이커리 10% 할인
커피전문점 10% 할인 
쇼핑: CJ 올리브영, 다이소 10% 할인
인터넷쇼핑 10% 할인 
패스트푸드: 맥도날드, 롯데리아 10% 할인 
OTT/영화/문화: 전국영화관 4천원 할인
도서 2천원 할인 
유의사항: 꼭 확인하세요! "
1280,국기원 단증 체크카드,우리카드,,,"해외: 해외이용 수수료 면제
해외 가맹점 이용금액의 1~2% 캐시백
온라인쇼핑: G마켓, 옥션 10% 할인
카페/디저트: 스타벅스 20% 할인
파리바게뜨, 배스킨라빈스, 던킨도너츠 10% 할인
대중교통: 전국 시내버스, 지하철 2천원 할인
통신: 휴대전화 요금 3천원 할인
교육/육아: YBM시사, 파고다, 해커스 어학원 10% 할인
영화: CGV, 롯데시네마, 메가박스 10% 할인
유의사항: 꼭 확인하세요!"
1281,코레일멤버십 삼성애니패스포인트카드,삼성카드,,"12,000","모든가맹점: 0.2%~0.8% 빅포인트 적립
주유: S-OIL 리터당 40 보너스포인트 적립
경기관람: 프로스포츠 경기 할인
푸드: 아웃백, 스타벅스 할인
기차: 코레일 승차권 5~10% 할인
테마파크: 주요 놀이공원 입장권 및 자유이용권 할인
영화: 영화 할인
정비: 닥터카서비스
유의사항: 꼭 확인하세요!"
1282,코레일멤버십 삼성애니패스카드,삼성카드,,"10,000","기차: 코레일 승차권 할인 및 KTX라운지 무료이용
주유: S-OIL 리터당 40 보너스포인트 적립
경기관람: 프로스포츠 경기 할인
테마파크: 주요 놀이공원 입장권 및 자유이용권 할인
영화: 영화 할인
패밀리레스토랑: 아웃백 10% 할인
정비: 닥터카서비스
유의사항: 꼭 확인하세요!"
1283,코레일멤버십 삼성플래티늄카드,삼성카드,,"120,000","바우처: 기프트 옵션 서비스
주유: S-OIL 리터당 40 보너스포인트 적립
모든가맹점: 빅포인트 0.5% 기본적립
기차: 코레일승차권 5~10%할인
테마파크: 주요 놀이공원 입장권 및 자유이용권 할인
PP: 공항 라운지 이용 무료 및 인천공항 주차요금 할인
경기관람: 프로스포츠 프로모션 서비스
프리미엄 서비스: VISA PLATINUM 등급 서비스
유의사항: 꼭 확인하세요!"
1284,뇌새김 하나카드,하나카드,,"15,000","렌탈 : 뇌새김 렌탈요금 자동이체 시 청구할인
카페: KEB 하나은행 결제계좌 이용고객 커피 할인
스타벅스, 커피빈 결제 시 20% 청구할인
영화: CGV, 메가박스, 롯데시네마 1만원 이상 결제 시 3천원 청구할인
푸드: 아웃백, 파리바게뜨 결제 시 10% 청구할인
유의사항: 꼭 확인하세요!"
1285,넥슨 메이플스토리 하나BC 체크카드,하나카드,,,"게임: 넥슨캐시/세라 온라인 충전금액 15% 캐쉬백
교통: 대중교통, 택시 5% 캐쉬백
생활: 온라인쇼팡, 생활영역 5% 캐쉬백
유의사항: 꼭 확인하세요!"
1286,The CJ KB국민카드,KB국민카드,"5,000","10,000","온라인쇼핑: CJ오쇼핑, CJmall 5% 청구할인
푸드: CJ푸드빌 10~20% 현장할인
화장품: CJ올리브영 10% 현장할인
영화: CGV 2~6천원 청구할인
유의사항: 꼭 확인하세요!"
1287,마이존 체크카드,BNK부산은행,"1,000",,"카페: 스타벅스, 커피빈 20% 할인 
패밀리레스토랑: 패밀리레스토랑 10% 할인 
OTT/영화/문화: 전국 모든 영화관 1,500원 할인
도서 1,500원 할인 
주유: 전국 모든 주유소 1.2% 할인 
택시: 부산시 등대콜 5% 할인 
테마파크: 놀이공원 50% 할인 
유의사항: 꼭 확인하세요! "
1288,toss KB국민카드,KB국민카드,"20,000","20,000","모든가맹점: 전 가맹점 이용 시 기본 1.0% 토스포인트 기본적립
카페: 스타벅스 이용 시 추가 4.0% 토스포인트 추가적립
유의사항: 꼭 확인하세요!"
1289,T-Premium KB국민카드,KB국민카드,,"25,000","SKT: SKT통신요금 자동납부 할인 서비스 최대 2만 1천원
유의사항: 꼭 확인하세요!"
1290,넥슨 던전앤파이터 체크카드,하나카드,,,"게임: 넥슨캐시/세라 온라인 충전금액 15% 캐쉬백
교통: 대중교통, 택시 5% 캐쉬백
생활: 온라인쇼팡, 생활영역 5% 캐쉬백
유의사항: 꼭 확인하세요!"
1291,코레일멤버십 삼성체크카드,삼성카드,,,"기차: 코레일 멤버십 기본서비스 및 KTX라운지 무료 이용
주유: S-OIL 리터당 40 보너스포인트 적립
모든가맹점: 빅포인트 0.5% 기본적립
경기관람: 프로스포츠 프로모션 서비스
유의사항: 꼭 확인하세요!"
1292,내맘대로 T Plus 카드,하나카드,"12,000","15,000","SKT: T라이트 할부 서비스 이용시 할인 서비스 제공
영화: 영화 3,000원 할인
패밀리레스토랑: 패밀리 레스토랑 10% 할인
카페: 커피전문점 5% 할인
해외직구: 해외직구 이용금액의 5% 할인
멤버십포인트: SKT멤버십 서비스
유의사항: 꼭 확인하세요!"
1293,코레일멤버십 삼성에스마일카드,삼성카드,,"30,000","멤버십포인트: 1,000원당 에스마일 1 마일리지 적립
주유: S-OIL 리터당 40 보너스포인트 적립
기차: 코레일 승차권 할인
여행/숙박: 삼성카드 여행센터 할인 및 여행자보험 무료가입
경기관람: 프로스포츠 프로모션 서비스
유의사항: 꼭 확인하세요!"
1294,가온 Biz카드,KB국민카드,,"20,000","적립: 국내 가맹점 0.3% 기본적립
해외이용금액 2.0% 기본적립
적립: 사업지원영역 : 주유/통신/전자상거래 업종 0.6% 추가적립
고액결제 0.6%~1.0% 추가적립
기타: 사업지원 서비스(전자세금계산서 발행, 세금신고 지원) 제공
유의사항: 꼭 확인하세요!"
1295,코레일멤버십 삼성에스마일플래티늄카드,삼성카드,,"120,000","기타: 기프트
멤버십포인트: 1,000원당 에스마일 1 마일리지 적립
주유: S-OIL 리터당 40 보너스포인트 적립
기차: 코레일승차권 5~10%할인
테마파크: 주요 놀이공원 입장권 및 자유이용권 할인
공항라운지/PP: 공항 라운지 이용 무료 및 인천공항 주차요금 할인
무이자할부: 주요 백화점 및 대형마트 무이자할부
경기관람: 프로스포츠 프로모션 서비스
프리미엄: VISA PLATINUM 등급 서비스
유의사항: 꼭 확인하세요!"
1296,인터파크G마켓 삼성지엔미포인트카드,삼성카드,,"12,000","모든가맹점: 0.2%~0.8% 빅포인트 적립
주유: S-OIL 리터당 40 보너스포인트 적립
경기관람: 프로스포츠 프로모션 서비스
푸드: 아웃백, 스타벅스 할인
헤어: 미용실 할인
테마파크: 주요 놀이공원 입장권 및 자유이용권 할인
영화: 영화 할인
정비: 닥터카서비스
무이자할부: 주요 쇼핑가맹점 무이자할부
유의사항: 꼭 확인하세요!"
1297,부빅스(BUVIX)카드,BNK부산은행,"2,000","5,000","BC TOP: TOP포인트 0.2% 적립 
무이자할부: 주요 가맹점 2~3개월 무이자할부 
통신: 이동통신요금 자동이체 시 월 1,500원 할인 
주유: 모든 주우소 1.2% 할인 
테마파크: 놀이공원 할인 
영화: 모든 영화관 1,500원 할인 
지역: 부산 지역 특화서비스 
유의사항: 꼭 확인하세요! "
1298,청소년 후불교통 체크카드,BNK부산은행,,,"편의점: 편의점 10% 할인 
카페/디저트: 베이커리 업종 10% 할인
커피전문점 10% 할인 
패스트푸드: 맥도날드, 롯데리아 10% 할인 
쇼핑: 온/오프라인 쇼핑 할인 
OTT/영화/문화: 영화관 4천원 할인
도서 2천원 할인 
교통: 후불교통기능 
유의사항: 꼭 확인하세요! "
1299,가온 플래티늄바우처카드,KB국민카드,"100,000","100,000","모든가맹점: 국내가맹점 1~1.3% 포인트리 적립
해외: 해외이용(직구포함) 5% 할인 캐시백
바우처: 플래티늄 바우처_쿠폰 서비스
프리미엄 서비스: 인천공항 음료(HOT/ICE 아메리카노) 무료제공 등 고품격 서비스
Master / Local 플래티늄 전용서비스
유의사항: 꼭 확인하세요!"
1300,인터파크G마켓 삼성애니패스포인트카드,삼성카드,,"12,000","모든가맹점: 0.2%~0.8% 빅포인트 적립
주유: S-OIL 리터당 40 보너스포인트 적립
경기관람: 프로스포츠 경기 할인
푸드: 아웃백, 스타벅스 할인
테마파크: 주요 놀이공원 입장권 및 자유이용권 할인
영화: 영화 할인
정비: 닥터카서비스
유의사항: 꼭 확인하세요!"
1301,미래에셋 자산관리 CMA 롯데DC플러스 카드,롯데카드,,"10,000","금융: 미래에셋 자산관리 CMA Account 기능
쇼핑: 롯데백화점 및 제휴사 최고 약 12% 할인
무이자할부: 무이자 할부 및 현금서비스 이자 면제
뷰티/피트니스: 미용실 최대 20% 할인
테마파크: 테마파크 최대 50% 할인
레저/스포츠: 롯데 자이언츠 20% 할인
쇼핑: 롯데멤버스 제휴사 최대 12% 할인
여행/숙박: 롯데카드 여행서비스 최대 7% 할인
OTT/영화/문화: 뮤지컬, 연극 등 공연 최대 30% 할인
푸드: 외식 10% 할인
주유: SK주유소 리터당 SK주유포인트 50원적립
멤버십포인트: L.POINT 적립
유의사항: 꼭 확인하세요!"
1302,제주도 삼성체크카드,삼성카드,,,"지역: 제주도 제휴서비스
주유: S-OIL 리터당 40 보너스포인트 적립
경기관람: 프로스포츠 경기 할인
유의사항: 꼭 확인하세요!"
1303,캐디카드,BNK부산은행,"2,000","5,000","모든가맹점: 모든 가맹점 최대 0.7% 할인 
무이자할부: 2~3개월 무이자 할부 
주유: SK주유소, GS칼텍스 1.5% 청구할인 
카페/디저트: 베이커리/커피전문점 10% 청구할인 
영화: 전국 모든 영화관 3천원 할인 
통신: 이동통신요금 3% 청구할인 
테마파크: 놀이공원 할인 
유의사항: 꼭 확인하세요! "
1304,제주항공 삼성카드,삼성카드,,"20,000","여행/숙박: 삼성카드여행센터 할인
경기관람: 프로스포츠 프로모션 서비스
유의사항: 꼭 확인하세요!"
1305,길한통 체크카드,하나카드,,,"수수료우대: 해외이용 수수료 면제 서비스
해외 인출 수수료 우대 서비스
점심: 점심시간 국내일반음식점, 커피, 편의점 업종 5% 캐쉬백
프리미엄 서비스: 국제 브랜드 서비스"
1306,전주코아백화점 삼성카드,삼성카드,"3,000",,"쇼핑: 전주코아백화점 할인 및 무이자할부
경기관람: 프로스포츠 프로모션 서비스
주유: S-OIL 리터당 40 보너스포인트 적립
여행/숙박: 삼성카드여행센터 할인
경기관람: 프로스포츠 프로모션 서비스
유의사항: 꼭 확인하세요!"
1307,가온 플래티늄카드,KB국민카드,"100,000","100,000","적립: 포인트리 최대 2% 적립
할인: 해외이용 2.0% 할인 캐시백, 인터파크 영화 예매 청구할인 3,500원
롯데월드, 에버랜드, 캐리비안베이 30~50% 현장할인
기타: 웰컴 포인트리 5만점 적립(최초 발급 1회 제공)
플래티늄 리워드 적립 최대 18만점
프리미엄 서비스: 인천공항 음료 무료제공 등 고품격 서비스
Master / VISA / AMEX / Local 플래티늄 전용서비스
유의사항: 꼭 확인하세요!"
1308,인디안NII 삼성애니패스카드,삼성카드,,"7,000","쇼핑: 제휴서비스
경기관람: 프로스포츠 프로모션 서비스
주유: S-OIL 리터당 40 보너스포인트 적립
테마파크: 주요 놀이공원 입장권 및 자유이용권 할인
영화: 영화 할인
정비: 닥터카서비스
여행/숙박: 삼성카드여행센터 할인
유의사항: 꼭 확인하세요!"
1309,가온글로벌카드,KB국민카드,"15,000","20,000","모든가맹점: 국내 가맹점 포인트리 0.3% 기본 적립
쇼핑: 쇼핑 특화 영역 포인트리 0.7% 추가 적립
여행/숙박: 여행 특화 영역 포인트리 0.7% 추가 적립
해외: 해외이용 최대 3% 적립
기타: 해외 배송대행 업체 배송료 할인
유의사항: 꼭 확인하세요!"
1310,인디안NII 삼성지엔미카드,삼성카드,,"12,000","쇼핑: 제휴서비스
경기관람: 프로스포츠 프로모션 서비스
주유: S-OIL 리터당 40 보너스포인트 적립
테마파크: 주요 놀이공원 입장권 및 자유이용권 할인
푸드: 아웃백, 스타벅스 할인
헤어: 미용실 할인
영화: 영화 할인
정비: 닥터카서비스
여행/숙박: 삼성카드여행센터 할인
유의사항: 꼭 확인하세요!"
1311,BNK 프렌즈 체크카드,BNK부산은행,,"1,000","모든가맹점: 국내 이용금액 0.2~0.4% 캐시백 
해외이용: 해외 이용금액 1% 캐시백 
유의사항: 꼭 확인하세요! "
1312,골든대로 체크카드,KB국민카드,,,"병원/약국: 병원/약국 5% 포인트리 적립
쇼핑: 이마트,롯데마트,홈플러스/GS, CJ 홈쇼핑 5% 포인트리 적립
주유소: SK주유소 5% 포인트리 적립
기타: 골프/사우나 5% 포인트리 적립
보험료 (생명,손해, 기타 보험) 2천점 포인트리 적립
유의사항: 꼭 확인하세요!"
1313,롯데포인트 플러스 PiTaPa 카드,롯데카드,,"5,000","교통: PiTaPa 일본 교통카드 서비스
멤버십포인트: 더블 포인트 적립
무이자할부: 6개월 슬림할부 및 2~3개월 무이자 할부 서비스
뷰티/피트니스: 박준뷰티랩, 박승철 헤어스투디오 할인
레저/스포츠: 롯데 자이언츠 20% 할인
쇼핑: 롯데백화점 5% 할인
면세점 5~10% 할인 [롯데면세점]
OTT/영화/문화: 롯데시네마, 뮤지컬, 연극 할인
주유: SK주유소 리터당 SK주유포인트 50원적립
멤버십포인트: L.POINT 적립
롯데 SK 주유포인트 적립
유의사항: 꼭 확인하세요!"
1314,BNK 부자되세요 더 마일리지 체크카드,BNK부산은행,,"1,000","대한항공: 1,000원당 1 마일리지 적립
3,000원당 1마일리지 적립 
온라인쇼핑: 온라인몰 5% 청구할인 
영화: 영화 예매 시 총 4천원 청구 할인 
카페: 커피전문점 5백원 할인 
유의사항: 꼭 확인하세요! "
1315,골든라이프올림카드,KB국민카드,"15,000","20,000","선택형: 병원,약국 / 주유 / 대형마트 中 택1
적립: 골프/건강관리/여행/쇼핑/대중교통/이동통신 1~2% 적립
할인: 골든라이프서비스, 반려동물 관련업종, 음식업종 5~10% 청구 할인
해외: 해외 이용금액 2% 할인 캐시백
기타: 연간 리워드 1만점 적립
기타: 스마트 기능
유의사항: 꼭 확인하세요!"
1316,유안타WCMA 신세계삼성지엔미P 체크카드,삼성카드,,,"증권사: 유안타 CMA 기본서비스
모든가맹점: 0.2%~0.8% 빅포인트 적립
주유: S-OIL 리터당 40 보너스포인트 적립
쇼핑: 이마트, 신세계백화점 할인 등
영화: 영화 할인
푸드: 아웃백, 스타벅스 할인
테마파크: 주요 놀이공원 입장권 및 자유이용권 할인
정비: 닥터카서비스
경기관람: 프로스포츠 프로모션 서비스
유의사항: 꼭 확인하세요!"
1317,유안타WCMA 신세계삼성애니패스P 체크카드,삼성카드,,,"증권사: 유안타 CMA 기본서비스
모든가맹점: 0.2%~0.8% 빅포인트 적립
쇼핑: 이마트, 신세계백화점 할인 등
주유: S-OIL 리터당 40 보너스포인트 적립
영화: 영화 할인
푸드: 아웃백, 스타벅스 할인
테마파크: 주요 놀이공원 입장권 및 자유이용권 할인
정비: 닥터카서비스
경기관람: 프로스포츠 프로모션 서비스
유의사항: 꼭 확인하세요!"
1318,우리은행 삼성애니패스포인트 체크카드,삼성카드,,,"모든가맹점: 0.2%~0.8% 빅포인트 적립
푸드: 아웃백, 스타벅스 할인
경기관람: 프로스포츠 프로모션 서비스
주유: S-OIL 리터당 40 보너스포인트 적립
영화: 영화 할인
테마파크: 주요 놀이공원 입장권 및 자유이용권 할인
유의사항: 꼭 확인하세요!"
1319,유안타WCMA 삼성플래티늄체크카드,삼성카드,"1,000","1,000","증권사: 유안타 CMA 기본서비스
테마파크: 주요 놀이공원 입장권 및 자유이용권 할인
영화: 영화 할인
주유: S-OIL 리터당 40 보너스포인트 적립
경기관람: 프로스포츠 프로모션 서비스
프리미엄: VISA 서비스
유의사항: 꼭 확인하세요!"
1320,오라클 삼성티클래스카드,삼성카드,,"20,000","모든가맹점: 0.4%~0.8% 빅포인트 적립
테마파크: 주요 놀이공원 입장권 및 자유이용권 할인
화장품: 오라클 할인 및 무이자할부
주유: S-OIL 리터당 40~50 보너스포인트 적립
여행/숙박: 삼성카드 여행센터 할인
기타: 우수회원 옵션 서비스
패밀리레스토랑: 불고기브라더스 15% 할인
경기관람: 프로스포츠 프로모션 서비스
유의사항: 꼭 확인하세요!"
1321,REX카드(기업),BNK부산은행,,"150,000","선택형: 카드 발급 시 REX 포인트카드, REX 아시아나카드, REX 대한항공카드 중 선택
바우처: 기프트 바우처 제공 
공항라운지/PP: PP카드 제공
호텔: 무료 발렛파킹 서비스
주유: GS칼텍스 주유 적립서비스 
골프: PAR3 골프 주중 무료이용 서비스
여행사: 비씨투어 여행서비스
유의사항: 꼭 확인하세요! "
1322,REX카드(개인),BNK부산은행,,"150,000","선택형: 카드 발급 시 REX 포인트카드, REX 아시아나카드, REX 대한항공카드 중 선택
바우처: 기프트 바우처 제공 
공항라운지/PP: PP카드 제공
호텔: 무료 발렛파킹 서비스
주유: GS칼텍스 주유 적립서비스 
골프: PAR3 골프 주중 무료이용 서비스
여행사: 비씨투어 여행서비스
유의사항: 꼭 확인하세요!"
1323,카카오페이 체크카드,BNK부산은행,"1,000",,"쇼핑: 온/오프라인 쇼핑 할인 
카카오페이: 카카오페이 15% 청구할인 
유의사항: 꼭 확인하세요! "
1324,국민행복체크카드,BNK부산은행,"1,000",,"국민행복: 국민행복 특화서비스
병원: 의료비 3% 할인
온라인쇼핑: 온라인 쇼핑몰 3% 청구 할인 
패밀리레스토랑: 패밀리 레스토랑 5% 청구 할인 
카페: 커피 전문점 10% 청구 할인 
통신: 통신비 1천원 청구 할인 
테마파크: 키즈 파크 할인
유의사항: 꼭 확인하세요! "
1325,Y카드(개인 체크),BNK부산은행,,"1,000","주유: 전국 모든 주유소 리터당 30원 할인 
패밀리레스토랑: 패밀리레스토랑 10% 청구할인 
카페/디저트: 커피/베이커리 10% 청구할인 
통신: 통신비 3% 청구할인 
OTT/영화/문화: 영화관 1,500원 청구할인
온/오프라인 서점 10% 청구할인 
피트니스: 부산 YMCA 할인
유의사항: 꼭 확인하세요! "
1326,그린 카드,하나카드,,,"적립: 국내 가맹점 이용금액 0.2% ~ 0.8% 에코머니 포인트 적립
무이자할부: 무이자할부 2~3개월
교통: 버스, 지하철 10%~20%
KTX, 고속버스 5%
기타: 녹색제품 결제 시 일비율(1~24%) 적립
제휴 가맹점 에코머니 적립
기타: 에너지 절감 시 인센티브 제공
유의사항: 꼭 확인하세요!"
1327,한베가족 썸(SUM)타는 우리 체크카드,우리카드,,,"해외: 해외이용 수수료 면제
해외 가맹점(해외직구 포함) 이용금액의 1~2% 캐시백
공항라운지: 인천공항라운지 연 2회 제공
온라인쇼핑: G마켓, 옥션 10% 할인
카페/디저트: 스타벅스 20% 할인
파리바게뜨, 배스킨라빈스, 던킨도너츠 10% 할인
푸드: 맥도날드, 롯데리아, 버거킹, 피자헛, 미스터피자, 도미노피자 10% 할인
생활: CU, 올리브영 5% 할인
대중교통 2천원, 휴대전화요금 3천원 할인
영화: CGV, 롯데시네마, 메가박스 10% 할인
교육/육아: YBM시사, 파고다, 해커스 어학원 10% 할인
유의사항: 꼭 확인하세요!"
1328,Young Hana 체크카드 with OKcashbag,하나카드,,,"적립: 스타벅스 20%/ 편의점, 영화 10%/ 대중교통, 통신 1천 하나머니 적립
외식, 쇼핑, 어학시험, 어학원 5% 하라너민 적립 
OK캐쉬백: OK캐쉬백 플러스 원클릭 충전 및 자동충전시 1% OK캐쉬백 추가 적립
수수료우대: 해외 ATM 현금인출 수수료 우대
테마파크: 롯데월드, 에버랜드 자유이용권 50% 할인"
1329,우체국 Biz플러스 체크카드,우체국,,,"대형마트: 대형마트, 농협하나로마트 7% 캐시백
전통시장: 전통시장 7% 캐시백
주유소: 모든 주유소, 충전소 30~50원 캐시백
자동차: 신차구매 시 0.5% 캐시백
기타: 우체국 서비스 0.3% 캐시백
해외이용: 해외 모든 가맹점 1% 캐시백
유의사항: 꼭 확인하세요!"
1330,오라클 삼성지엔미포인트카드,삼성카드,,"12,000","모든가맹점: 0.2%~0.8% 빅포인트 적립
화장품: 오라클 할인 및 무이자할부
주유: S-OIL 리터당 40 보너스포인트 적립
푸드: 아웃백, 스타벅스 할인
헤어: 미용실 할인
테마파크: 주요 놀이공원 입장권 및 자유이용권 할인
영화: 영화 할인
경기관람: 프로스포츠 프로모션 서비스
정비: 닥터카서비스
여행/숙박: 삼성카드여행센터 할인
유의사항: 꼭 확인하세요!"
1331,야우리백화점 삼성티클래스카드,삼성카드,,"20,000","모든가맹점: 0.4%~0.8% 빅포인트 적립
주유: S-OIL 리터당 40~50 보너스포인트 적립
여행/숙박: 삼성카드 여행센터 할인
패밀리레스토랑: 불고기브라더스 15% 할인
경기관람: 프로스포츠 프로모션 서비스
무이자할부: 신세계백화점, 이마트 무이자할부
유의사항: 꼭 확인하세요!"
1332,야우리백화점 삼성애니패스카드,삼성카드,"5,000","7,000","주유: S-OIL 리터당 40 보너스포인트 적립
경기관람: 프로스포츠 프로모션 서비스
OTT/영화/문화: 영화 할인
정비: 닥터카서비스
여행/숙박: 삼성카드여행센터 할인
무이자할부: 신세계백화점, 이마트 무이자할부
유의사항: 꼭 확인하세요!"
1333,VIVA+ Allpoint 체크카드,하나카드,,,"해외이용: 해외 이용 수수료 면제 서비스
수수료우대: 해외 인출 수수료 우대 서비스
점심: 점심시간 국내일반음식점, 커피, 편의점 업종 5% 캐쉬백"
1334,우체국 성공partner 체크카드,우체국,,,"모든가맹점: 모든 가맹점 이용금액의 0.3% 우체국 포인트 적립
주유소: 주유소 리터당 60원 할인
일반음식점: 한식업종 이용금액 5% 할인
온라인쇼핑: 인터넷 Mall 이용금액의 5% 할인
유의사항: 꼭 확인하세요!"
1335,The-K Auto 체크카드,하나카드,,,"캐시백: 주유 캐쉬백 - 2만원당 500원 캐쉬백
특별 캐쉬백 - 2만원당 100원 캐쉬백
해외이용: 해외에서 ATM 사용 및 물품구매 가능"
1336,T&R(티앤알) 하나카드,하나카드,,,"렌탈 : 통신/렌탈 등 자동이체 청구할인
유의사항: 꼭 확인하세요!"
1337,새마을금고 삼성카드,삼성카드,,"15,000","은행사: 새마을금고 현금카드 기능
주유: S-OIL 리터당 40 보너스포인트 적립
경기관람: 프로스포츠 프로모션 서비스
정비: 닥터카서비스
유의사항: 꼭 확인하세요!"
1338,삼성티클래스카드,삼성카드,,"20,000","모든가맹점: 0.4%~0.8% 빅포인트 적립
주유: S-OIL 리터당 40~50 보너스포인트 적립
여행/숙박: 삼성카드 여행센터 할인
패밀리레스토랑: 불고기브라더스 15% 할인
테마파크: 주요 놀이공원 입장권 및 자유이용권 할인
경기관람: 프로스포츠 프로모션 서비스
기타: 우수회원 옵션 서비스
유의사항: 꼭 확인하세요!"
1339,골프존 KB국민카드,KB국민카드,"12,000","17,000","골프: 스크린골프 및 직영매장 20% 청구할인
레저/스포츠: 골프연습장/스포츠센터/레포츠용품점 5% 청구할인
주유소: 전 주유소 리터당 60원 청구할인
패스트푸드: VIPS/아웃백/TGIF 20% 청구할인
통신: SKT/KT/LGU+ 이동통신요금 자동이체 시 3천원 청구할인
기타: 카드를 골프존 시뮬레이터에 접촉 시 자동로그인 가능
카드를 스마트폰에 터치 시 NFC를 통해 맞춤정보 확인가능
유의사항: 꼭 확인하세요!"
1340,New Happy 하나카드,하나카드,"10,000","10,000","해피포인트: 해피오더, 해피마켓, 해피페이 결제 건별 5천원 당 1,000 포인트 적립
해피포인트 가맹점 2% / 온오프 가맹점 0.5~1% 적립
해피포인트: 해피포인트 가맹점 이용 시 현장 적립
유의사항: 꼭 확인하세요!"
1341,삼성티클래스앤오일카드,삼성카드,,"10,000","멤버십포인트: 0.2%~1.2% 빅포인트 적립
주유: S-OIL 리터당 80포인트 적립
패밀리레스토랑: CJ푸드빌, 불고기브라더스  현장할인
경기관람: 프로스포츠 프로모션 서비스
여행/숙박: 삼성카드 여행센터 할인
테마파크: 주요 놀이공원 입장권 및 자유이용권 할인
무이자할부: 주요 백화점 및 할인점 무이자할부
유의사항: 꼭 확인하세요!"
1342,새마을금고 삼성티클래스앤오일카드,삼성카드,,"10,000","무실적: 0.2%~0.6% 빅포인트 적립
은행사: 새마을금고 현금카드 기능
주유: S-OIL 리터당 80포인트 적립
패밀리레스토랑: CJ푸드빌, 불고기브라더스  현장할인
여행/숙박: 삼성카드 여행센터 할인
테마파크: 주요 놀이공원 입장권 및 자유이용권 할인
경기관람: 프로스포츠 프로모션 서비스
무이자할부: 주요 백화점 및 할인점 무이자할부
교통: 대중교통상해보험 무료가입
유의사항: 꼭 확인하세요!"
1343,북스리브로 우리카드,우리카드,,"5,000","도서: 북스리브로 우리카드 특별서비스
패밀리레스토랑: 주요 패밀리레스토랑 10% 할인
주유소: GS칼텍스 리터당 60~80원 할인
통신: 통신요금 2건 이체시 1,000원 할인
카페: 스타벅스 10% 할인
보험사: 무료 보험서비스 3가지 중 1택 제공
영화: CGV 2,000원 할인
테마파크: 놀이공원 할인서비스
정비: 24종류 자동차 관리서비스 제공
기타: 모아포인트 0.2% 적립
무이자할부: 2-3개월 무이자 할부서비스
유의사항: 꼭 확인하세요!"
1344,전자랜드 삼성티클래스앤오일카드,삼성카드,"20,000","22,000","쇼핑: 전자랜드 5할인 및 5%적립
적립: 0.2%~0.6% 빅포인트 적립
주유: S-OIL 리터당 80포인트 적립
패밀리레스토랑: CJ푸드빌, 불고기브라더스 할인
여행/숙박: 삼성카드 여행센터 할인
테마파크: 주요 놀이공원 입장권 및 자유이용권 할인
경기관람: 프로스포츠 프로모션 서비스
무이자할부: 주요 백화점 및 할인점 무이자할부
교통: 대중교통상해보험 무료가입
유의사항: 꼭 확인하세요!"
1345,우리군인연금증카드,우리카드,,"10,000","교통: 버스요금지원서비스
레저/스포츠: 군복지시설 10~20% 청구할인
생활: 5대 대표업종 10% 청구할인
주유소: S-Oil 리터당 70원 할인
통신: 통신요금 청구할인
도서: 온라인서점 3천원 할인
영화: 영화관 최대 6천원 할인
패밀리레스토랑: 패밀리레스토랑 20~25% 할인
은행사: 은행거래 수수료면제 서비스
기타: 국제브랜드 서비스
유의사항: 꼭 확인하세요!"
1346,My Trip SKYPASS 카드 My flight,하나카드,,"30,000","대한항공: 국내 일시불/할부 이용금액 1,500원당 스카이패스 1마일리지 적립
해외 일시불 이용금액 1,500원당 스카이패스 1.2마일리지 적립
항공권: 진에어 공식 홈페이지/모바일(App)에서 항공권 구매 시 5% 청구할인
유의사항: 꼭 확인하세요!"
1347,현대카드M2 Lady BLUEmembers Platinum,현대카드,"30,000",,"적립: 모든 가맹점에서 1% 기본 M포인트 적립
온라인쇼핑 시 1~10% 추가 M포인트 적립
할인: 롯데백화점, 이마트, G마켓 등 주요 쇼핑처 할인
할인: 주요 M포인트 사용처 5% ~10% 할인
테마파크: 에버랜드 자유이용권 50%, 캐리비안베이 30% 현장 할인
롯데월드, 경주월드 자유이용권 50%, 캘리포니아비치 30% 현장 할인
교육/육아: 짐보리, 야마하음악교실 등 육아교육 2,500원 ~ 2만원 할인
육아용품 최고 2만원 할인
뷰티/피트니스: 화장품 전문점 뷰티플렉스 최고 2만원 할인
피부미용 전문점 최고 2만원 할인
제휴/PLCC: BLUE Members 멤버십서비스
프리미엄 서비스: 현대카드 플래티넘서비스
유의사항: 꼭! 확인하세요!"
1348,My Trip AsianaClub 카드 My flight,하나카드,,"30,000","아시아나항공: 국내 일시불/할부 이용금액 1,000원당 아시아나클럽  1마일리지 적립
해외 일시불 이용금액 1,000원당 아시아나클럽 1.2마일리지 적립
항공권: 에어서울/에어부산 공식 홈페이지/모바일(App)에서 항공권 구매 시 5% 청구할인
유의사항: 꼭 확인하세요!"
1349,우리군인연금증체크카드,우리카드,,,"교통: 버스요금지원서비스
백화점: 백화점 10% 캐시백 할인
통신: 통신요금 청구할인
도서: 온라인서점 3천원 캐시백
영화: 영화관 최대 6천원 캐시백
패밀리레스토랑: 패밀리레스토랑 20~25% 할인
유의사항: 꼭 확인하세요!"
1350,Y카드(개인 신용),BNK부산은행,,"2,000","피트니스: 부산 YMCA 3천원 현장할인 
생활: 생활 업종 5% 할인 
주유: 전국 주유소 할인 
패밀리레스토랑: 패밀리레스토랑 10% 할인 
카페/디저트: 커피/베이커리 10% 청구할인 
통신: 통신비 3% 청구할인 
OTT/영화/문화: 영화관 3천원 청구할인
온/오프라인 도서 10% 청구할인 
테마파크: 놀이공원 할인 
유의사항: 꼭 확인하세요! "
1352,My Trip 1Q Global VIVA,하나카드,"13,000","15,000","수수료우대: 해외가맹점 결제 시 국제브랜드 수수료(1%) 면제
해외: 해외이용 및 해외직구 이용금액 하나머니 적립(5%, 9%)
여행/숙박: 저가항공(LCC), 면세점 이용금액 하나머니 적립(5%, 9%)
적립: 온라인쇼핑, 통신/교통/자동이체 이용금액 5% 하나머니 적립
영화: 국내 영화관 영화표 1만원 이상 결제하면 5천원 청구할인
유의사항: 꼭 확인하세요!"
1353,신한금융투자 명품CMA 롯데체크카드,롯데카드,,,"증권사: 신한금융투자 CMA 자동운용 및 24시간 입출금/결제 가능
헤어: 미용실 최대 20% 할인
테마파크: 롯데월드 종합이용권 50% 할인
경기관람: 롯데 자이언츠 20% 할인
쇼핑: 롯데백화점 5% 할인 e-쿠폰 및 무료 주차권 제공
여행/숙박: 여행서비스
푸드: T.G.I.F 상시 10% 할인
주유소: SK주유소 리터당 SK주유포인트 50원적립
멤버십포인트: L.POINT 적립
유의사항: 꼭 확인하세요!"
1354,교원 웰스 KB국민카드,KB국민카드,,"12,000","렌탈 : 교원 웰스 렌탈료 자동이체 시 1만1천원~2만원 청구할인
패밀리레스토랑: 아웃백/VIPS/TGIF20% 청구할인
영화: 인터파크 영화 예매시 1매당 3,500원 청구할인
테마파크: 롯데월드/에버랜드/캐리비안베이 30 ~ 50% 현장할인
유의사항: 꼭 확인하세요!"
1355,신한금융투자명품CMA 삼성체크카드,삼성카드,,,"주유: S-OIL 리터당 40 보너스포인트 적립
OTT/영화/문화: 영화 할인
증권사: 제휴사 기본서비스
경기관람: 프로스포츠 프로모션 서비스
테마파크: 주요 놀이공원 입장권 및 자유이용권 할인
정비: 닥터카서비스
유의사항: 꼭 확인하세요!"
1356,알라딘 삼성지엔미e포인트카드,삼성카드,,"5,000","모든가맹점: 0.2%~0.8% 빅포인트 적립
도서: 알라딘 5% 결제일할인
무이자할부: 온라인 쇼핑몰 및 주요 백화점, 할인점, 패션브랜드 무이자할부
주유: S-OIL 리터당 40 보너스포인트 적립
푸드: 아웃백, 스타벅스 할인
헤어: 미용실 할인
테마파크: 주요 놀이공원 입장권 및 자유이용권 할인
OTT/영화/문화: 영화 할인
경기관람: 프로스포츠 프로모션 서비스
여행/숙박: 삼성카드여행센터 할인
정비: 닥터카서비스
유의사항: 꼭 확인하세요!"
1357,알라딘 삼성애니패스e포인트카드,삼성카드,,"5,000","모든가맹점: 0.2%~0.8% 빅포인트 적립
도서: 알라딘 5% 결제일할인
무이자할부: 온라인쇼핑몰 무이자할부
주유: S-OIL 리터당 40 보너스포인트 적립
경기관람: 프로스포츠 경기 할인
푸드: 아웃백, 스타벅스 할인
테마파크: 주요 놀이공원 입장권 및 자유이용권 할인
OTT/영화/문화: 영화 할인
여행/숙박: 삼성카드여행센터 할인
정비: 닥터카서비스
유의사항: 꼭 확인하세요!"
1358,알라딘 삼성빅앤빅카드,삼성카드,"20,000","20,000","모든가맹점: 0.5%~5% 빅포인트 적립
주유: S-OIL 리터당 40 보너스포인트 적립
도서: 알라딘 5% 결제일할인
테마파크: 놀이공원 및 워터파크 할인
여행/숙박: 삼성카드여행센터 할인
테마파크: 프로스포츠 프로모션 서비스
정비: 닥터카서비스
항공마일리지: 스카이패스 및 아시아나 마일리지 전환
유의사항: 꼭 확인하세요!"
1359,삼성플래티늄체크카드,삼성카드,"1,000","1,000","주유: S-OIL 리터당 40 보너스포인트 적립
OTT/영화/문화: 영화 할인
테마파크: 주요 놀이공원 입장권 및 자유이용권 할인
경기관람: 프로스포츠 프로모션 서비스
프리미엄: VISA 서비스
유의사항: 꼭 확인하세요!"
1360,삼성포인트체크카드,삼성카드,,,"모든가맹점: 빅포인트 0.5% 기본적립 (빅포인트계열)
주유: S-OIL 리터당 40 보너스포인트 적립
경기관람: 프로스포츠 프로모션 서비스
유의사항: 꼭 확인하세요!"
1361,새마을금고 삼성지엔미카드,삼성카드,,"12,000","은행사: 새마을금고 현금카드 기능
주유: S-OIL 리터당 40 보너스포인트 적립
무이자할부: 주요 쇼핑가맹점 무이자할부
푸드: 아웃백, 스타벅스 할인
레저/스포츠: 주요 놀이공원 입장권 및 자유이용권 할인
OTT/영화/문화: 영화 할인
여행/숙박: 삼성카드여행센터 할인
경기관람: 프로스포츠 프로모션 서비스
유의사항: 꼭 확인하세요!"
1362,새마을금고 삼성오일앤세이브플러스카드,삼성카드,,"10,000","무실적: 0.2%~0.6% 빅포인트 적립
멤버십포인트: GS칼텍스 GS&POINT·빅포인트 적립
정비: 오토오아시스 제휴 서비스
푸드: 빕스, 불고기브라더스 할인
경기관람: 프로스포츠 프로모션 서비스
테마파크: 주요 놀이공원 입장권 및 자유이용권 할인
무이자할부: 주요 백화점 및 할인점 무이자할부
여행/숙박: 삼성카드 여행센터 할인
교통: 대중교통상해보험 무료가입
유의사항: 꼭 확인하세요!"
1363,유류환급에버리치 삼성티클래스앤오일 체크카드,삼성카드,,,"주유: S-OIL 리터당 80포인트 적립
패밀리레스토랑: 불고기브라더스  현장할인
경기관람: 프로스포츠 프로모션 서비스
테마파크: 주요 놀이공원 입장권 및 자유이용권 할인
유의사항: 꼭 확인하세요!"
1364,새마을금고 IN 삼성카드,삼성카드,"12,000","12,000","은행사: 새마을금고 현금카드 기능
모든가맹점: 국내외 가맹점 기본 0.3% 캐시백
쇼핑: 할인점·오픈마켓 추가 5% 캐시백
병원/약국: 병원·약국 추가 5% 캐시백
카페/디저트: 커피전문점 추가 5% 캐시백
교통: 대중교통 추가 5% 캐시백
마트/편의점: 편의점 추가 5% 캐시백
OTT/영화/문화: CGV 5,000원 결제일할인
유의사항: 꼭 확인하세요!"
1365,새마을금고 삼성애니패스포인트카드,삼성카드,,"12,000","모든가맹점: 0.2%~0.8% 빅포인트 적립
주유: S-OIL 리터당 40 보너스포인트 적립
금융: 새마을금고 현금카드 기능
경기관람: 프로스포츠 경기 할인
푸드: 아웃백, 스타벅스 할인
테마파크: 주요 놀이공원 입장권 및 자유이용권 할인
OTT/영화/문화: 영화 할인
정비: 닥터카서비스
유의사항: 꼭 확인하세요!"
1366,은혜나눔 삼성오일앤세이브플러스카드,삼성카드,,"10,000","무실적: 0.2%~1.2% 빅포인트 적립
멤버십포인트: 세이브 포인트, 선포인트 적립
멤버십포인트: GS칼텍스 GS&POINT·빅포인트 적립
기타: 은혜나눔 기금 조성
정비: 오토오아시스 제휴 서비스
푸드: 빕스, 불고기브라더스 할인
경기관람: 프로스포츠 프로모션 서비스
테마파크: 주요 놀이공원 입장권 및 자유이용권 할인
무이자할부: 주요 백화점 및 할인점 무이자할부
여행/숙박: 삼성카드 여행센터 할인
교통: 대중교통상해보험 무료가입
유의사항: 꼭 확인하세요!"
1367,코레일멤버십 삼성빅보너스카드,삼성카드,,"20,000","기차: 코레일 승차권 할인
모든가맹점: 빅포인트 0.5% 기본적립 (빅포인트계열)
주유: S-OIL 리터당 40 보너스포인트 적립
경기관람: 프로스포츠 경기 할인"
1368,코레일멤버십 삼성마이키즈카드,삼성카드,,"15,000","교육/육아: 교육비 캐시백
레저/스포츠: 티오비보, 주요 놀이공원 할인
도서: 인터파크 도서 7% 결제일할인
푸드: 불고기브라더스 할인
교통: 코레일 승차권 할인
주유: S-OIL 리터당 40 보너스포인트 적립
경기관람: 프로스포츠 경기 할인
정비: 닥터카서비스
유의사항: 꼭 확인하세요!"
1369,큰수레TAX 삼성플래티늄체크카드,삼성카드,"1,000","1,000","기타: 부가세 환급신고 편의서비스
주유: S-OIL 리터당 40 보너스포인트 적립
OTT/영화/문화: 영화 할인
레저/스포츠: 주요 놀이공원 입장권 및 자유이용권 할인
경기관람: 프로스포츠 프로모션 서비스
프리미엄: VISA 서비스
유의사항: 꼭 확인하세요!"
1370,포인트플러스 포텐 국내 체크카드,롯데카드,,,"OK캐쉬백: 포인트플러스 포텐 체크카드 적립서비스
유의사항: 꼭 확인하세요!"
1371,큰수레 삼성비즈니스플래티늄카드,삼성카드,,"20,000","금융: 부가세 환급신고 편의서비스
무실적: 0.2%~1.2% 빅포인트 적립
주유: S-OIL 이용 시 리터당 80 S-OIL포인트 적립
경기관람: 프로스포츠 프로모션 서비스
프리미엄: VISA PLATINUM 등급 서비스
유의사항: 꼭 확인하세요!"
1372,포인트플러스 포텐 비자 체크카드,롯데카드,,,"OK캐쉬백: 롯데 P+410(포인트플러스 포텐) 체크카드 적립서비스
유의사항: 꼭 확인하세요!"
1373,새마을금고 삼성마이키즈카드,삼성카드,"15,000","15,000","교육/육아: 교육비 캐시백
테마파크: 티오비보, 주요 놀이공원 할인
푸드: 불고기브라더스 할인
주유: S-OIL 리터당 40 보너스포인트 적립
레저/스포츠: 프로스포츠 경기 할인
정비: 닥터카서비스
여행/숙박: 삼성카드여행센터 할인
유의사항: 꼭 확인하세요!"
1374,삼성지엔미포인트카드,삼성카드,,"12,000","모든가맹점: 0.2%~0.8% 빅포인트 적립
주유: S-OIL 리터당 40 보너스포인트 적립
푸드: 아웃백, 스타벅스 할인
테마파크: 주요 놀이공원 입장권 및 자유이용권 할인
정비: 닥터카서비스
OTT/영화/문화: 영화 할인
무이자할부: 주요 백화점 및 할인점, 패션브랜드 무이자할부
유의사항: 꼭 확인하세요!"
1375,퍼스트클럽 삼성플래티늄카드,삼성카드,,"120,000","바우처: 기프트 옵션 서비스
모든가맹점: 빅포인트 0.5% 기본적립
주유: S-OIL 리터당 40 보너스포인트 적립
공항라운지/PP: PP카드, 여행자보험 무료 가입 서비스 등
경기관람: 프로스포츠 프로모션 서비스
제휴/PLCC: SFC 우대 서비스
테마파크: 주요 놀이공원 입장권 및 자유이용권 할인
OTT/영화/문화: 영화 할인
프리미엄: VISA PLATINUM 등급 서비스
유의사항: 꼭 확인하세요!"
1376,포인트플러스 포텐 카드,롯데카드,"5,000","10,000","OK캐쉬백: OK캐시백 특별 적립서비스
멤버십포인트: L.POINT 특별 적립서비스
멤버십포인트: 멤버십 서비스
멤버십포인트: L.POINT
쇼핑: 롯데백화점, 롯데면세점, 신라아이파크면세점, 롯데ON, 롯데마트, 롯데슈퍼, 토이저러스 혜택
OTT/영화/문화: 롯데월드, 롯데시네마, 미스터피자 할인
유의사항: 꼭 확인하세요!"
1377,이마트모바일 삼성카드 2,삼성카드,"10,000","12,000","멤버십포인트: 업종및 적립처별 1%~5% 빅포인트 적립
주유: S-OIL 리터당 40 보너스포인트 적립
테마파크: 주요 놀이공원 입장권 및 자유이용권 할인
영화: 롯데시네마 영화 할인
경기관람: 프로스포츠 프로모션 서비스
여행/숙박: 삼성카드여행센터 할인
유의사항: 꼭 확인하세요!"
1378,에너지다이어트 삼성카드 & POINT,삼성카드,"18,000","20,000","공과금/렌탈: 아파트 세대전기료 10%빅포인트 적립
무실적: 1~3% 빅포인트 적립
경기관람: 프로스포츠 프로모션 서비스
여행/숙박: 삼성카드여행센터 할인
OTT/영화/문화: CGV 영화 할인
유의사항: 꼭 확인하세요!"
1379,굿데이 플래티늄카드,KB국민카드,,"100,000","주유: [주유] 주유소, 충전소 업종 리터당 60원 청구할인
통신: [통신] 전화요금, 인터넷이용료, 케이블TV 업종 10% 청구할인
교통: [교통] 버스, 지하철, 택시 업종10% 청구할인
푸드: 음식점, 커피전문점, 편의점, 약국 업종 10% 추가 청구할인
생활: 학원, 휘트니스센터 업종 10% 추가 청구할인
프리미엄 서비스: 인천공항 음료 무료제공 등 고품격 서비스
Master / VISA / AMEX / Local 플래티늄 전용서비스
바우처: 쿠폰서비스 [연1회, 12가지 쿠폰서비스 중 택1]
최대 11만원 상당 제공
유의사항: 꼭 확인하세요!"
1380,넥센타이어 KB국민카드,KB국민카드,,"12,000","자동차: 넥센타이어 렌탈료 자동이체 시 1만 1천원 ~ 2만원 청구할인
영화: 인터파크 영화예매 시 3,500원 청구할인
테마파크: 놀이공원 최대 50% 할인
유의사항: 꼭 확인하세요!"
1381,모두투어 투어마일리지 KB국민카드,KB국민카드,,"15,000","여행사: 모두투어 투어마일리지 적립
1,000원당 15~30투어마일리지 적립
패밀리레스토랑: 외식 10% 청구할인
카페: 커피 10% 청구할인
OTT/영화/문화: 놀이공원 현장할인 및 인터파크 청구할인
유의사항: 꼭 확인하세요!"
1382,몰테일 KB국민카드,KB국민카드,"12,000","12,000","적립: [기본적립] 국내 가맹점 0.5% 포인트리 적립
[추가적립] 여행/커피/쇼핑 1% 추가 적립
해외: 해외 전 가맹점 최대 3% 포인트리 적립
쇼핑: 몰테일 배송료 이용금액 2% 적립 및 수수료 할인
유의사항: 꼭 확인하세요!"
1383,반려愛카드(강아지),KB국민카드,,"8,000","애완동물: 반려동물 업종 10% 할인
반려동물 보호를 위한 공익기금 조성
대형마트: 이마트 · 롯데마트 · 홈플러스 5%청구할인
온라인쇼핑: G마켓 · 옥션 · 인터파크 · 11번가 5%청구할인"
1384,스마트렌탈카드,KB국민카드,,"15,000","렌탈 : 스마트렌탈 렌탈료 청구할인 최대 1만7천원
유의사항: 꼭 확인하세요!"
1385,삼성지엔미카드,삼성카드,"7,000","12,000","주유: S-OIL 리터당 40 보너스포인트 적립
무이자할부: 주요 쇼핑가맹점 무이자할부
푸드: 아웃백, 스타벅스 할인
테마파크: 주요 놀이공원 입장권 및 자유이용권 할인
OTT/영화/문화: 영화 할인
경기관람: 프로스포츠 프로모션 서비스
정비: 닥터카서비스
유의사항: 꼭 확인하세요!"
1386,삼성지엔미e포인트카드,삼성카드,,"5,000","모든가맹점: 0.2%~0.8% 빅포인트 적립
무이자할부: 온라인 쇼핑몰 및 주요 백화점, 할인점, 패션브랜드 무이자할부
주유: S-OIL 리터당 40 보너스포인트 적립
푸드: 아웃백, 스타벅스 할인
테마파크: 주요 놀이공원 입장권 및 자유이용권 할인
경기관람: 프로스포츠 프로모션 서비스
영화: 영화 할인
정비: 닥터카서비스
유의사항: 꼭 확인하세요!"
1387,신라피트니스클럽 삼성플래티늄카드,삼성카드,,"120,000","바우처: 기프트 옵션 서비스
모든가맹점: 빅포인트 0.5% 기본적립
주유: S-OIL 리터당 40 보너스포인트 적립
공항라운지/PP: PP카드, 여행자보험 무료 가입 서비스 등
경기관람: 프로스포츠 프로모션 서비스
테마파크: 주요 놀이공원 입장권 및 자유이용권 할인
프리미엄: VISA PLATINUM 등급 서비스
기타: 호텔신라 발렛파킹 무료이용
유의사항: 꼭 확인하세요!"
1388,신라피트니스클럽 멤버십 삼성플래티늄카드,삼성카드,,"5,000","주유: S-OIL 리터당 40 보너스포인트 적립
공항라운지/PP: Priority Pass 공항 라운지 이용 무료
경기관람: 프로스포츠 프로모션 서비스
자동차/하이패스: 호텔신라 발렛파킹 무료이용
프리미엄: VISA PLATINUM 등급 서비스
여행/숙박: 삼성카드여행센터 할인
유의사항: 꼭 확인하세요!"
1389,신라피트니스클럽 스카이패스 삼성플래티늄카드,삼성카드,,"140,000","바우처: 기프트 옵션 서비스
대한항공: 1,500원당 스카이패스 1 마일리지 적립
공항라운지/PP: PP카드, 여행자보험 무료 가입 서비스 등
경기관람: 프로스포츠 프로모션 서비스
테마파크: 주요 놀이공원 입장권 및 자유이용권 할인
자동차/하이패스: 호텔신라 발렛파킹 무료이용
프리미엄: VISA PLATINUM 등급 서비스
무이자할부: 주요 백화점 및 할인점 무이자할부
주유: S-OIL 리터당 40 보너스포인트 적립
유의사항: 꼭 확인하세요!"
1390,LG U+ Bora 신한카드 Big Plus,신한카드,"22,000","25,000","통신: LG U+ 요금 통합 최대 1만 5천원 결제일 할인
LGU+: LG U+ 스마트할부 서비스 제공
주유: 현대오일뱅크 주유 시 40P/L 적립
영화: 인터파크, YES24 영화 예매 할인
테마파크: 롯데월드, 서울랜드 자유이용권 할인
유의사항: 꼭 확인하세요!"
1391,탑모아 체크카드,BNK부산은행,"1,000",,"주유: 전국 주유소 리터당 30원 할인 
베이커리: 베이커리 5% 캐시백 할인 
테마파크: 놀이공원 현장할인 제공 
영화: 영화관 예매 시 2천원 캐시백
학원: 전국 학원업종 5% 캐시백 
헤어: 미용일 10% 캐시백 
마트/편의점: 탑마트 이용시 3~7% 캐시백 
유의사항: 꼭 확인하세요! "
1392,메가쇼핑체크카드,BNK부산은행,,,"주유: 전국 주유소 1.2% 캐시백 
카페/디저트: 커피&맥도날드 5% 할인 
마트/편의점: 메가마트 3~7% 캐시백 
쇼핑: 쇼핑 채널 5% 캐시백 
영화: 영화관 예매 시 2천원 캐시백
기타: 농심계열사 할인 
그린서비스 
유의사항: 꼭 확인하세요! "
1393,미래에셋 자산관리 CMA 롯데포인트플러스 카드,롯데카드,,"5,000","금융: 미래에셋 자산관리 CMA Account 기능
멤버십포인트: 더블 포인트 적립 서비스
헤어: 미용실 최대 20% 할인
테마파크: 테마파크 최대 50% 할인
레저/스포츠: 롯데 자이언츠 20% 할인
쇼핑: 롯데멤버스 제휴사 최대 10% 할인
여행/숙박: 롯데카드 여행서비스 최대 7% 할인
OTT/영화/문화: 뮤지컬, 연극 등 공연 최대 30% 할인
푸드: 외식 10% 할인
주유: SK주유소 리터당 SK주유포인트 50원적립
유의사항: 꼭 확인하세요!"
1394,현대백화점 체크카드,BNK부산은행,,"1,000","모든가맹점: 모든 가맹점 0.2% 캐시백 
특정업종 추가로 0.2% 캐시백 
공연/전시: 문화할인 서비스 
백화점: 현대백화점 5% 현장할인 
유의사항: 꼭 확인하세요! "
1395,DUAL PARTNERS 기업카드,BNK부산은행,,"13,000","비즈니스: 기업용 특화서비스 
주유: S-OIL 리터당 60원 청구할인 
모든가맹점: 전 가맹점 최대 0.7% 할인 
쇼핑: 백화점/대형마트 할인 
유의사항: 꼭 확인하세요! "
1396,신한생명 多달이 롯데카드,롯데카드,"10,000","15,000","보험사: 신한생명 보험료 결제시 최대 1만 4천원 청구할인
헤어: 미용실 최대 20% 할인
경기관람: 롯데 자이언츠 20% 할인
쇼핑: 롯데백화점 5% 현장할인, E-쿠폰, 2~3개월 무이자 할부, 무료주차권 제공
OTT/영화/문화: 롯데시네마 관람료 1,500원 청구할인
푸드: 보네스뻬/보네스뻬브레드 10% 할인
유의사항: 꼭 확인하세요!"
1397,YO 체크카드,BNK부산은행,,,"지역: YO 가맹점 할인 
대중교통: 후불 교통 서비스 
교육/육아: 외국어 시험 응시료 할인 
OTT/영화/문화: 영화 및 공연 할인 
유의사항: 꼭 확인하세요! "
1398,마이존 그린 체크카드,BNK부산은행,,,"기타: 그린 특화 서비스 
패밀리레스토랑: 패밀리레스토랑 할인 
카페: 커피전문점 20% 할인 
OTT/영화/문화: 영화관 1,500원 할인
도서 할인 
유의사항: 꼭 확인하세요! "
1399,미래에셋아내펀드CMA 삼성체크카드,삼성카드,,,"주유: S-OIL 리터당 40 보너스포인트 적립
푸드: 아웃백, 스타벅스 할인
테마파크: 주요 놀이공원 입장권 및 자유이용권 할인
OTT/영화/문화: 영화 할인
경기관람: 프로스포츠 프로모션 서비스
정비: 닥터카서비스
유의사항: 꼭 확인하세요!"
1400,무비매니아 삼성지엔미포인트카드,삼성카드,,"12,000","영화: 무비매니아 할인 및 초대권 제공
모든가맹점: 0.2%~0.8% 빅포인트 적립
주유: S-OIL 리터당 40 보너스포인트 적립
푸드: 아웃백, 스타벅스 할인
헤어: 미용실 할인
테마파크: 주요 놀이공원 입장권 및 자유이용권 할인
경기관람: 프로스포츠 프로모션 서비스
여행/숙박: 삼성카드여행센터 할인
정비: 닥터카서비스
무이자할부: 주요 쇼핑가맹점 무이자할부
유의사항: 꼭 확인하세요!"
1401,무비매니아 삼성애니패스포인트카드,삼성카드,,"12,000","영화: 무비매니아 할인 및 초대권 제공
모든가맹점: 0.2%~0.8% 빅포인트 적립
주유: S-OIL 리터당 40 보너스포인트 적립
경기관람: 프로스포츠 경기 할인
푸드: 아웃백, 스타벅스 할인
테마파크: 주요 놀이공원 입장권 및 자유이용권 할인
정비: 닥터카서비스
여행/숙박: 삼성카드여행센터 할인
유의사항: 꼭 확인하세요!"
1402,메가티즌 삼성애니패스포인트카드,삼성카드,,"12,000","영화: 메가티즌 멤버십서비스
모든가맹점: 0.2%~0.8% 빅포인트 적립
주유: S-OIL 리터당 40 보너스포인트 적립
경기관람: 프로스포츠 경기 할인
푸드: 아웃백, 스타벅스 할인
테마파크: 주요 놀이공원 입장권 및 자유이용권 할인
정비: 닥터카서비스
여행/숙박: 삼성카드여행센터 할인
유의사항: 꼭 확인하세요!"
1403,DGB UntacT 카드,iM뱅크,"10,000","10,000","간편결제: 간편결제 10% 할인
배달앱: 배달 앱 10% 할인
디지털구독: 스트리밍 30% 할인
유의사항: 서비스 제공조건
유의사항: 꼭 확인하세요!"
1404,메가티즌 삼성지엔미포인트카드,삼성카드,,"12,000","영화: 메가티즌 멤버십서비스
모든가맹점: 0.2%~0.8% 빅포인트 적립
주유: S-OIL 리터당 40 보너스포인트 적립
푸드: 아웃백, 스타벅스 할인
테마파크: 주요 놀이공원 입장권 및 자유이용권 할인
경기관람: 프로스포츠 프로모션 서비스
여행/숙박: 삼성카드여행센터 할인
정비: 닥터카서비스
무이자할부: 주요 쇼핑가맹점 무이자할부
유의사항: 꼭 확인하세요!"
1405,우리 국민연금증카드,우리카드,"2,000","5,000","대중교통: 버스요금 최대 5천원 지원
기차: KTX승차권 10% 추가할인
기타: 공항라운지 무료이용 및 공항 교통할인
여행사: 프리미엄 투어 서비스
전통시장: 전통시장 및 대형마트, 백화점, 하나로마트 청구할인
병원: 전국 병의원, 한의원 5% 청구할인
통신: 통신요금 10% 할인
베이커리: 이미용 및 베이커리 업종 통합 10% 할인
영화: 영화관 최대 6천원 할인
주유소: S-OIL 리터당 70원 할인
패밀리레스토랑: 패밀리래스토랑 20~25% 할인
테마파크: 놀이공원 30~50% 할인
은행사: 우리은행 거래 수수료 면제
유의사항: 꼭 확인하세요!"
1406,리브로 삼성지엔미포인트카드,삼성카드,,"12,000","도서: 리브로 5% 할인 및 멤버십 서비스
모든가맹점: 0.2%~0.8% 빅포인트 적립
주유: S-OIL 리터당 40 보너스포인트 적립
푸드: 아웃백, 스타벅스 할인
헤어: 미용실 할인
테마파크: 주요 놀이공원 입장권 및 자유이용권 할인
경기관람: 프로스포츠 프로모션 서비스
여행/숙박: 삼성카드여행센터 할인
무이자할부: 주요 쇼핑가맹점 무이자할부
정비: 닥터카서비스
영화: 영화 할인
유의사항: 꼭 확인하세요!"
1407,리브로 삼성애니패스포인트카드,삼성카드,,"12,000","도서: 리브로 5% 할인 및 멤버십 서비스
모든가맹점: 0.2%~0.8% 빅포인트 적립
주유: S-OIL 리터당 40 보너스포인트 적립
경기관람: 프로스포츠 경기 할인
푸드: 아웃백, 스타벅스 할인
테마파크: 주요 놀이공원 입장권 및 자유이용권 할인
영화: 영화 할인
정비: 닥터카서비스
여행/숙박: 삼성카드여행센터 할인
유의사항: 꼭 확인하세요!"
1408,리브로 롯데카드,롯데카드,"5,000","5,000","OTT/영화/문화: 리브로 우수회원등급 Upgrade
OTT/영화/문화: 리브로 전 매장 이용 시 최고 7% 할인
OTT/영화/문화: 리브로 1천원 추가 할인쿠폰
뷰티/피트니스: 미용실 최대 20% 할인
레저/스포츠: 롯데 자이언츠 20% 할인
쇼핑: 롯데백화점 5% 할인
면세점 5~10% 할인 [롯데면세점]
OTT/영화/문화: 뮤지컬, 연극 할인
주유: SK주유소 결제 시 리터당 50포인트 적립
기타: L.POINT 적립
롯데 SK 주유포인트 적립
유의사항: 꼭 확인하세요!"
1409,현대카드M2 Lady RED MEMBERS Platinum(구 Qmembers),현대카드,"30,000",,"적립: 모든 가맹점에서 1% 기본 M포인트 적립
온라인쇼핑 시 1~10% 추가 M포인트 적립
할인: 롯데백화점, 이마트, G마켓 등 주요 쇼핑처 할인
할인: 주요 M포인트 사용처 5% ~10% 할인
테마파크: 에버랜드 자유이용권 50%, 캐리비안베이 30% 현장 할인
롯데월드, 경주월드 자유이용권 50%, 캘리포니아비치 30% 현장 할인
교육/육아: 짐보리, 야마하음악교실 등 육아교육 2,500원 ~ 2만원 할인
육아용품 최고 2만원 할인
뷰티/피트니스: 화장품 전문점 뷰티플렉스 최고 2만원 할인
피부미용 전문점 최고 2만원 할인
제휴/PLCC: KIA Members 멤버십서비스
프리미엄 서비스: 현대카드 플래티넘서비스
유의사항: 꼭! 확인하세요!"
1410,현대카드M BLUEmembers,현대카드,"15,000","20,000","적립: 모든 가맹점에서 0.5%~3% 기본 M포인트 적립
제휴 온라인쇼핑 시 1~10% 추가 M포인트 적립
멤버십포인트: 일상생활, 쇼핑, 자동차구매, H-Coin,현대카드 Gift카드 등
다양한 사용처에서 M포인트 사용
제휴/PLCC: BLUE Members 멤버십서비스
유의사항: 꼭 확인하세요!"
1411,마이비 선불교통 롯데체크카드,롯데카드,,,"백화점: 롯데백화점 5% 할인 e쿠폰 제공
교통: 선불 교통요금/마이비 유통가맹점 사용시 0.1% L.POINT 적립(사용금액 소득공제)
연회비지원: 연회비 면제 및 SMS 무료 서비스
뷰티/피트니스: 미용실 최대 20% 할인
레저/스포츠: 롯데 자이언츠 20% 할인
쇼핑: 롯데백화점 5% 할인
면세점 5~10% 할인 [롯데면세점]
OTT/영화/문화: 롯데 시네마 1,500원 할인
주유: SK주유소 결제 시 리터당 50포인트 적립
기타: L.POINT 적립
롯데 SK 주유포인트 적립
테마파크: 국내 놀이공원 최대 50% 할인
푸드: 외식
여행/숙박: 여행서비스
유의사항: 꼭 확인하세요!"
1412,미래에셋 대우증권 CMA 롯데체크카드,롯데카드,,,"금융: 미래에셋 대우 CMA 혜택
연회비지원: 연회비 면제 및 SMS 무료 서비스
금융: 미래에셋 대우 CMA 혜택
헤어: 미용실 최대 20% 할인
테마파크: 테마파크 최대 50% 할인
쇼핑: 롯데백화점 5% 할인 e-쿠폰 및 무료 주차권 제공
OTT/영화/문화: 롯데시네마 관람료 1,500원 청구할인
푸드: T.G.I.F 상시 10% 할인
주유: SK주유소 리터당 SK주유포인트 50원적립
유의사항: 꼭 확인하세요!"
1413,다둥이행복체크카드,우리카드,,,"영화: 전국 영화관 2천원 청구할인
테마파크: 놀이공원 할인 서비스
교육/육아: 유아 의류용품 10% 할인, 한국프뢰벨 교육 상품구매시 3% 할인 및 TOP포인트 1% 적립
기타: 문구 5~10% 할인서비스
기타: 모아포인트 적립 서비스
유의사항: 꼭 확인하세요!"
1414,POP 우리V스쿨카드,우리카드,,,"패밀리레스토랑: 패밀리레스토랑 10% 할인
주유소: S-Oil 주유 리터당 40원 할인
카페: 스타벅스, 커피빈 20% 청구할인
테마파크: 놀이공원 30~50% 할인
도서: 인터넷서점 3천원 할인
기타: POP 할인서비스
유의사항: 꼭 확인하세요!"
1415,우리 SCHOOL CHECK,우리카드,,,"편의점: 편의점/올리브영 1천원 캐시백
도서: 서점 1천원 캐시백
패스트푸드: 베이커리/패스트푸드 1천원 캐시백
기타: 티머니 / 대중교통 1~2천원 캐시백
유의사항: 꼭 확인하세요!"
1416,서울대학교 CHECK,우리카드,,,"온라인쇼핑: G마켓, 옥션 10% 할인
카페: 스타벅스 20% 할인
베이커리: 파리바케뜨, 베스킨라빈스, 던킨도너츠 10% 할인
패스트푸드: 패스트푸드 10% 할인
편의점: 편의점, 올리브영 10% 할인
영화: 영화관 10% 할인
대중교통: 대중교통 2천원 할인
기타: 어학원 및 어학시험 응시료 10% 할인
통신: 휴대전화요금 3천원 할인
도서: 도서 10% 할인
OK캐쉬백: OK캐쉬백 멤버십 서비스
유의사항: 꼭 확인하세요!"
1417,새마을금고 삼성럭투유카드,삼성카드,,"15,000","금융: 새마을금고 현금카드 기능
캐시백: Lucky7 캐시백
주유: S-OIL 리터당 40 보너스포인트 적립
테마파크: 주요 놀이공원 입장권 및 자유이용권 할인
경기관람: 프로스포츠 경기 할인
OTT/영화/문화: 영화 할인
유의사항: 꼭 확인하세요!"
1418,새마을금고 데일리 삼성카드,삼성카드,"9,900","9,900","모든가맹점: 국내외 가맹점 0.5% 할인
대중교통: 대중교통 5% 할인
통신: 이동통신 5% 할인
카페: 커피전문점 5% 할인
편의점: 편의점 5% 할인
유의사항: 꼭 확인하세요!"
1419,신세계이마트 삼성카드 7+,삼성카드,"55,000","60,000","모든가맹점: 0.5%~3% 빅포인트 적립
주유: GS칼텍스, S-OIL 주유시 포인트 적립
백화점: 신세계백화점 할인 및 무이자할부, 무료주차권 제공 등
대형마트: 이마트 할인 및 무이자할부
패밀리레스토랑: 아웃백 할인
무이자할부: 삼성관계사 무이자할부
영화: CGV 5,000원 할인
테마파크: 주요 놀이공원 입장권 및 자유이용권 할인
정비: 닥터카서비스
경기관람: 프로스포츠 경기 할인
프리미엄: MASTER 서비스
유의사항: 꼭 확인하세요!"
1420,와이비엠시사닷컴 롯데카드,롯데카드,"10,000","10,000","교육/육아: 어학시험 응시료 및 e4u.com 온라인강좌 할인
헤어: 미용실 최대 20% 할인
레저/스포츠: 롯데 자이언츠 20% 할인
쇼핑: 쇼핑 최대 10%할인 및 무이자할부 혜택
OTT/영화/문화: 뮤지컬, 연극 등 공연 10~30% 할인
주유소: SK주유소 리터당 SK주유포인트 50원적립
기타: L.POINT 및 SK 주유포인트 적립
유의사항: 꼭 확인하세요!"
1421,삼성플래티늄라이프카드,삼성카드,,"60,000","기타: 기프트
모든가맹점: 빅포인트 0.5% 기본적립
주유: S-OIL 리터당 40 보너스포인트 적립
경기관람: 프로스포츠 프로모션 서비스
테마파크: 주요 놀이공원 입장권 및 자유이용권 할인
프리미엄: VISA PLATINUM 등급 서비스
유의사항: 꼭 확인하세요!"
1422,삼성카드 7,삼성카드,"18,000","20,000","모든가맹점: 0.5%~3% 빅포인트 적립
멤버십포인트: 삼성전자 세이브포인트 적립
주유: S-OIL 리터당 40 보너스포인트 적립
경기관람: 프로스포츠 경기 할인
테마파크: 주요 놀이공원 입장권 및 자유이용권 할인
영화: CGV 3,000원 할인
여행/숙박: 아멕스 서비스
유의사항: 꼭 확인하세요!"
1423,삼성카드 7+,삼성카드,"55,000","60,000","모든가맹점: 0.5%~3% 빅포인트 적립
주유: GS칼텍스, S-OIL 주유시 포인트 적립
패밀리레스토랑: 아웃백 할인
제휴/PLCC: 삼성관계사 무이자할부
영화: CGV 5,000원 할인
테마파크: 주요 놀이공원 입장권 및 자유이용권 할인
정비: 닥터카서비스
경기관람: 프로스포츠 경기 할인
여행/숙박: 아멕스 서비스
유의사항: 꼭 확인하세요!"
1424,스타트럭 플러스 현대오일뱅크카드,KB국민카드,,,"자동차: 영업용화물차 월 683~4,308L 유가보조금 지원
주유: 전국 현대오일뱅크 화물차 우대 주유소에서 리터당 20원 ~ 85원 할인(경유대상)
생활: 커피전문점 25% 할인
3대 대형마트 5%, 자동차 정비 2% 할인
비즈니스: 부가세 환급신고 편의서비스
기타: 국토교통부 화물운송사업 발전기금 지급
유의사항: 꼭 확인하세요!"
1425,우리 OCTO CMA 롯데포인트플러스카드,롯데카드,"5,000","5,000","금융: 우리투자증권 OCTO CMA 자동투자 서비스
기타: 더블 포인트 적립 서비스
무이자할부: 6개월 슬림할부 및 2~3개월 무이자 할부 서비스
헤어: 미용실 최대 20% 할인
경기관람: 롯데 자이언츠 20% 할인
쇼핑: 쇼핑 최대 10%할인 및 무이자할부 혜택
OTT/영화/문화: 영화, 뮤지컬, 연극 등 공연 10~30% 할인
주유소: SK주유소 리터당 SK주유포인트 50원적립
기타: L.POINT 및 SK 주유포인트 적립
유의사항: 꼭 확인하세요!"
1426,삼성전자 삼성애니패스카드,삼성카드,,"7,000","쇼핑: 1% 삼성전자포인트 적립
주유: S-OIL 리터당 40 보너스포인트 적립
경기관람: 프로스포츠 프로모션 서비스
영화: 영화 할인
정비: 닥터카서비스
테마파크: 놀이공원 할인
유의사항: 꼭 확인하세요!"
1427,삼성애니패스카드,삼성카드,"5,000","7,000","주유: S-OIL 리터당 40 보너스포인트 적립
경기관람: 프로스포츠 프로모션 서비스
영화: 영화 할인
테마파크: 놀이공원 및 워터파크 할인
정비: 닥터카서비스
유의사항: 꼭 확인하세요!"
1428,삼성애니패스포인트카드,삼성카드,,"12,000","모든가맹점: 0.2%~0.8% 빅포인트 적립
주유: S-OIL 리터당 40 보너스포인트 적립
푸드: 아웃백, 스타벅스 할인
경기관람: 프로스포츠 경기 할인
테마파크: 주요 놀이공원 입장권 및 자유이용권 할인
영화: 영화 할인
정비: 닥터카서비스
유의사항: 꼭 확인하세요!"
1429,삼성애니패스e포인트카드,삼성카드,,"5,000","모든가맹점: 0.2%~0.8% 빅포인트 적립
무이자할부: 온라인쇼핑몰 무이자할부
주유: S-OIL 리터당 40 보너스포인트 적립
경기관람: 프로스포츠 경기 할인
푸드: 아웃백, 스타벅스 할인
테마파크: 주요 놀이공원 입장권 및 자유이용권 할인
영화: 영화 할인
정비: 닥터카서비스
유의사항: 꼭 확인하세요!"
1430,부빅스 부가세 환급카드,BNK부산은행,,,"주유: GS칼텍스 리터당 40원 청구할인 
쇼핑: 면세점 할인 
무이자 할부 서비스 
BC TOP: 비씨 TOP 가맹점에서 0.1~10% 포인트 적립 
택시: 부산 등대콜 5% 할인 
비즈니스: 부가세 환급서비스 
유의사항: 꼭 확인하세요! "
1431,CJ 삼성애니패스카드,삼성카드,,"7,000","제휴/PLCC: CJ오쇼핑, CJ푸드빌, 올리브영 등 할인
영화: 영화 할인
주유: S-OIL 리터당 40 보너스포인트 적립
경기관람: 프로스포츠 경기 할인
패밀리레스토랑: 아웃백 10% 할인
테마파크: 주요 놀이공원 입장권 및 자유이용권 할인
정비: 닥터카서비스
유의사항: 꼭 확인하세요!"
1432,CJ 삼성지엔미카드,삼성카드,,"12,000","제휴/PLCC: CJ오쇼핑, CJ푸드빌, 올리브영 등 할인
영화: 영화 할인
무이자할부: 주요 쇼핑가맹점 무이자할부
경기관람: 프로스포츠 프로모션 서비스
주유: S-OIL 리터당 40 보너스포인트 적립
테마파크: 주요 놀이공원 입장권 및 자유이용권 할인
푸드: 아웃백, 스타벅스 할인
정비: 닥터카서비스
테마파크: 주요 놀이공원 입장권 및 자유이용권 할인
유의사항: 꼭 확인하세요!"
1433,후불 하이패스카드,BNK부산은행,"2,000",,"하이패스: 하이패스 이용방법 
하이패스: 통행료 자동할인 및 경차할인 
유의사항: 꼭 확인하세요! "
1434,스타트럭Ⅱ GS칼텍스카드,KB국민카드,,,"주유소: GS칼텍스 화물특화 주유소 주유 할인
자동차: 영업용화물차 월 683~4,308L 유가보조금 지원
비즈니스: 부가세 환급신고 편의서비스
유의사항: 꼭 확인하세요!"
1435,현대카드M RED MEMBERS(구 Qmembers),현대카드,"15,000","20,000","적립: 모든 가맹점에서 0.5%~3% 기본 M포인트 적립
제휴 온라인쇼핑 시 1~10% 추가 M포인트 적립
멤버십포인트: 일상생활, 쇼핑, 자동차구매, H-Coin,현대카드 Gift카드 등
다양한 사용처에서 M포인트 사용
제휴/PLCC: KIA Members 멤버십서비스
유의사항: 꼭 확인하세요!"
1436,스타트럭플러스 S-OIL카드,KB국민카드,,,"자동차: 영업용화물차 월 683~4,308L 유가보조금 지원
주유: 전국 S-OIL 화물차 우대 주유소에서 리터당 45원 ~ 100원 할인(경유대상)
생활: 커피전문점 25% 할인
3대 대형마트 5%, 자동차 정비 2% 할인
비즈니스: 부가세 환급신고 편의서비스
기타: 국토교통부 화물운송사업 발전기금 지급
유의사항: 꼭 확인하세요!"
1437,현대카드M Lady BLUEmembers,현대카드,"15,000","20,000","적립: 모든 가맹점에서 1% 기본 M포인트 적립
온라인쇼핑 시 1~10% 추가 M포인트 적립
멤버십포인트: 일상생활, 쇼핑, 자동차구매, H-Coin,현대카드 Gift카드 등
다양한 사용처에서 M포인트 사용
할인: 롯데백화점, 이마트, G마켓 등 주요 쇼핑처 할인
할인: 주요 M포인트 사용처 5% ~10% 할인
테마파크: 에버랜드 자유이용권 50%, 캐리비안베이 30% 현장 할인
롯데월드, 경주월드 자유이용권 50%, 캘리포니아비치 30% 현장 할인
교육/육아: 짐보리, 야마하음악교실 등 육아교육 2,500원 ~ 2만원 할인
육아용품 최고 2만원 할인
뷰티/피트니스: 화장품 전문점 뷰티플렉스 최고 2만원 할인
피부미용 전문점 최고 2만원 할인
제휴/PLCC: BLUE Members 멤버십서비스
유의사항: 꼭! 확인하세요!"
1438,해피포인트 체크카드,BNK부산은행,"1,000",,"해피포인트: 해피포인트 가맹점 할인 및 적립 
패밀리레스토랑: 패밀리레스토랑 10% 캐시백 
편의점: 편의점 10% 캐시백 
OTT/영화/문화: 영화 2천원 / 서적 3% 캐시백 
토익시험응시료 캐시백 
유의사항: 꼭 확인하세요! "
1439,현대카드M Lady REDmembers(구 Qmembers),현대카드,"15,000","20,000","적립: 모든 가맹점에서 1% 기본 M포인트 적립
온라인쇼핑 시 1~10% 추가 M포인트 적립
멤버십포인트: 일상생활, 쇼핑, 자동차구매, H-Coin,현대카드 Gift카드 등
다양한 사용처에서 M포인트 사용
할인: 롯데백화점, 이마트, G마켓 등 주요 쇼핑처 할인
할인: 주요 M포인트 사용처 5% ~10% 할인
테마파크: 에버랜드 자유이용권 50%, 캐리비안베이 30% 현장 할인
롯데월드, 경주월드 자유이용권 50%, 캘리포니아비치 30% 현장 할인
교육/육아: 짐보리, 야마하음악교실 등 육아교육 2,500원 ~ 2만원 할인
육아용품 최고 2만원 할인
뷰티/피트니스: 화장품 전문점 뷰티플렉스 최고 2만원 할인
피부미용 전문점 최고 2만원 할인
제휴/PLCC: KIA Members 멤버십서비스
유의사항: 꼭! 확인하세요!"
1440,하이 체크카드,BNK부산은행,"1,000",,"BC TOP: TOP 포인트 적립 
주유: SK주유소 1.5% 할인 
영화: 영화관 1,500원 할인 
택시: 택시 5% 할인 
유의사항: 꼭 확인하세요! "
1441,맘 & 데디(Mom & Daddy) 카드,롯데카드,"7,000","7,000","쇼핑: 롯데마트&짐보리 청구할인
멤버십포인트: 아이사랑기프트
자동차/하이패스: 차량 정비 서비스
쇼핑: 롯데백화점 서비스
유의사항: 꼭 확인하세요!"
1442,CJ 삼성애니스타일카드,삼성카드,"8,000","10,000","영화: CGV 동반 1인 50% 할인
주유: S-OIL 리터당 40 보너스포인트 적립
멤버십포인트: 애니스타일 리워드서비스
무이자할부: 애니스타일 선택서비스
경기관람: 프로스포츠 경기 할인
테마파크: 주요 놀이공원 입장권 및 자유이용권 할인
유의사항: 꼭 확인하세요!"
1443,에버랜드 판다카드,KB국민카드,,"17,000","테마파크: 에버랜드 자유이용권(대인 동반 소인 1매) 50% 현장할인
캐리비안베이 입장권 30% 현장할인
할인: 에버랜드 직영 기념품 매장 20% 현장할인
연간회원권 10% 현장할인
패밀리레스토랑: VIPS, 아웃백, TGIF 20% 청구할인
레저/스포츠: 스타포유㈜와 제휴된 전통고택, 글램핑, 카라반 우대 할인
유의사항: 꼭 확인하세요!"
1444,ROVL 다이아몬드(스카이패스)기업카드,KB국민카드,,"300,000","바우처: 연회비 상당의 쿠폰 서비스 
항공마일리지: 대한항공 마일리지 적립서비스
여행사: 해외 여행상품 현장 할인 서비스
호텔: 롯데호텔 우대 서비스
도서: 도서 요약 서비스
보험사: 보험 무료가입 서비스
프리미엄: Master Diamond 전용서비스
유의사항: 꼭 확인하세요! "
1445,예다함 카드,KB국민카드,,"15,000","할인: 예다함 상조부금 청구할인 최대 1만 7천원
유의사항: 꼭 확인하세요!"
1446,웅진씽크빅 카드,KB국민카드,"15,000","15,000","학습지: 웅진씽크빅 자동납부요금 청구할인 월 최대 1만 7천원
유의사항: 꼭 확인하세요!"
1447,NEW_UNI체크,우리카드,,,"소셜커머스: G마켓, 옥션 10% 할인
카페: 스타벅스 20% 할인
베이커리: 파리바게트, 배스킨라빈스, 던킨도너츠 10% 할인
패스트푸드: 맥도날드, 롯데리아, 버거킹, 피자헛, 미스터피자, 도미노피자 10%할인
편의점: CU편의점, 올리브영, GS25, 군마트(PX) 10%할인
영화: 영화관 10% 할인
학원: 어학원 10% 할인
통신: 휴대전화 요금 3천원 할인
유의사항: 꼭 확인하세요!"
1448,CJ 삼성애니스타일플래티늄카드,삼성카드,"3,000","5,000","영화: CGV 동반 1인 50% 할인
주유: S-OIL 리터당 40 보너스포인트 적립
멤버십포인트: 애니스타일 리워드서비스
선택형: 애니스타일 선택서비스
경기관람: 프로스포츠 경기 할인
테마파크: 주요 놀이공원 입장권 및 자유이용권 할인
유의사항: 꼭 확인하세요!"
1449,웰릭스렌탈 카드,KB국민카드,"20,000","20,000","렌탈 : 웰릭스렌탈료 자동이체 할인 서비스
프리미엄 서비스: Master 티타늄 서비스
유의사항: 꼭 확인하세요!"
1450,맘스스토리 DC플러스카드,롯데카드,"10,000","15,000","뷰티/피트니스: 미용실 최대 20% 할인
경기관람: 롯데 자이언츠 20% 할인
쇼핑: 롯데백화점 5% 할인
면세점 5~10% 할인 [롯데면세점]
OTT/영화/문화: 뮤지컬, 연극 등 공연 10~30% 할인
주유: SK주유소 리터당 SK주유포인트 50원적립
멤버십포인트: L.POINT 적립
롯데 SK 주유포인트 적립
유의사항: 꼭 확인하세요!"
1451,우리V외국인체크카드,우리카드,,,"금융: 외환 환전 송금 최대 50% 환율 우대
우리원송금클럽
영화: CGV 최대 4천원 청구할인
테마파크: 놀이공원 및 테마파크 30~50% 할인
대형마트: 대형마트 5% 청구할인
은행사: 수수료 면제
유의사항: 꼭 확인하세요!"
1452,삼성애니스타일카드,삼성카드,"3,000","5,000","영화: CGV 동반 1인 50% 할인
주유: S-OIL 리터당 40 보너스포인트 적립
멤버십포인트: 애니스타일 리워드서비스
무이자할부: 애니스타일 선택서비스
경기관람: 프로스포츠 경기 할인
테마파크: 주요 놀이공원 입장권 및 자유이용권 할인
유의사항: 꼭 확인하세요!"
1453,삼성애니스타일플래티늄카드,삼성카드,"3,000","5,000","영화: CGV 동반 1인 50% 할인
주유: S-OIL 리터당 40 보너스포인트 적립
멤버십포인트: 애니스타일 리워드서비스
선택형: 애니스타일 선택서비스
경기관람: 프로스포츠 경기 할인
테마파크: 주요 놀이공원 입장권 및 자유이용권 할인
프리미엄: VISA PLATINUM 서비스
유의사항: 꼭 확인하세요!"
1454,맘스클럽 롯데카드,롯데카드,"5,000","10,000","뷰티/피트니스: 미용실 최대 20% 할인
경기관람: 롯데 자이언츠 20% 할인
쇼핑: 롯데백화점 5% 할인
면세점 5~10% 할인 [롯데면세점]
OTT/영화/문화: 롯데시네마, 뮤지컬, 연극 할인
쇼핑: 맘스커머스 10% 청구할인
병원/약국: 산부인과(병원)및 산후조리원 5% 청구할인
유의사항: 꼭 확인하세요!"
1455,KFC 삼성지엔미카드,삼성카드,,"12,000","OK캐쉬백: 0.2%~1% OK캐시백포인트 적립
영화: 영화 할인
무이자할부: 주요 쇼핑가맹점 무이자할부
경기관람: 프로스포츠 프로모션 서비스
테마파크: 주요 놀이공원 입장권 및 자유이용권 할인
푸드: 아웃백, 스타벅스 할인
정비: 닥터카서비스
헤어: 미용실 할인
여행/숙박: 삼성카드여행센터 할인
유의사항: 꼭 확인하세요!"
1456,GS홈쇼핑 삼성지엔미포인트카드,삼성카드,,"12,000","홈쇼핑: GS SHOP 할인 및 무이자할부, 쿠폰 제공
모든가맹점: 0.2%~0.8% 빅포인트 적립
주유: S-OIL 리터당 40 보너스포인트 적립
푸드: 아웃백, 스타벅스 할인
테마파크: 주요 놀이공원 입장권 및 자유이용권 할인
경기관람: 프로스포츠 프로모션 서비스
무이자할부: 주요 쇼핑가맹점 무이자할부
정비: 닥터카서비스
영화: 영화 할인
헤어: 미용실 할인
유의사항: 꼭 확인하세요!"
1457,CU big SIMPLE(일반형),신협,,,"모든가맹점: 적용제한 없이 0.3~0.5% 기본 캐시백
모든가맹점: 주말/공휴일에 결제 시 0.1% 추가 캐시백
유의사항: 꼭 확인하세요!"
1458,the Black Edition2,현대카드,"2,495,000",,"바우처: Luxury, Hotel, Shopping 등
the Black 바우처 제공
프리미엄 서비스: the Black 회원 전용 여행, 문화 등 전문 상담 컨시어지 서비스 제공
연간 이용금액에 따른 리워드 제공
대한항공: 대한항공형/아시아나형/M포인트형 중 대한항공형 선택 시 해당 혜택 제공
 - 일시불+할부 이용금액 1,000원당 1 마일리지 적립
아시아나항공: 대한항공형/아시아나형/M포인트형 중 아시아나형 선택 시 해당 혜택 제공
 - 일시불+할부 이용금액 1,000원당 1 마일리지 적립
적립: 대한항공형/아시아나형/M포인트형 중 M포인트형 선택 시 해당 혜택 제공
- 업종별 0.5~2% M포인트 적립 
유의사항: 꼭 확인하세요! "
1459,우리캐피탈 롯데포인트플러스카드,롯데카드,"5,000","10,000","자동차/하이패스: 우리캐피탈 신차할부 금융서비스
기타: L.POINT 적립
헤어: 미용실 최대 20% 할인
경기관람: 롯데 자이언츠 20% 할인
쇼핑: 쇼핑 최대 15%할인 및 무이자할부 혜택
OTT/영화/문화: 영화, 뮤지컬, 연극 등 공연 10~30% 할인
푸드: 최대 10%할인
주유소: SK 주유포인트 적립
유의사항: 꼭 확인하세요!"
1460,웰릭스렌탈 Ⅱ카드,KB국민카드,"15,000","15,000","렌탈 : 웰릭스렌탈료 자동이체 할인 서비스
유의사항: 꼭 확인하세요!"
1461,My Life 카드,하나카드,"13,000","10,000","보험사: 하나생명 보장성 월납보험료 카드 자동이체 시 
월 6천원 / 1만원 청구할인
대형마트: 이마트, 이마트 트레이더스, 홈플러스, 롯데마트 3% 청구할인
카페: 스타벅스, 커피빈 5% 청구할인
유의사항: 꼭 확인하세요!"
1462,GS샵&디앤샵 삼성지엔미포인트카드,삼성카드,,"12,000","홈쇼핑: GS SHOP·d&SHOP 할인
모든가맹점: 0.2%~0.8% 빅포인트 적립
주유: S-OIL 리터당 40 보너스포인트 적립
푸드: 아웃백, 스타벅스 할인
테마파크: 주요 놀이공원 입장권 및 자유이용권 할인
경기관람: 프로스포츠 프로모션 서비스
무이자할부: 주요 쇼핑가맹점 무이자할부
정비: 닥터카서비스
헤어: 미용실 할인
영화: 영화 할인
유의사항: 꼭 확인하세요!"
1463,신협 어부바 체크카드,신협,,,"편의점: 편의점 10% 더블캐시백
카페: 커피전문점 10% 더블캐시백
패스트푸드: 패스트푸드 10% 더블캐시백
도서: 도서 5% 캐시백
드럭스토어: CJ올리브영, GS왓슨시, 다이소 5% 캐시백
렌터카: 그린카 5% 캐시백
영화: 영화 티켓 3천원 캐시백
기타: 어학시험 응시료 3천원 캐시백
통신: 이동통신요금 3천원 캐시백
유의사항: 꼭 확인하세요!"
1464,바디프랜드 롯데카드,롯데카드,"10,000",,"공과금/렌탈: 바디프랜드 렌탈료 결제시 월 7천원 ~ 2만원 청구할인
헤어: 미용실 최대 20% 할인
레저/스포츠: 롯데 자이언츠 20% 할인
OTT/영화/문화: 영화,공얀 최대 30% 할인
유의사항: 꼭 확인하세요!"
1465,푸른저축은행 롯데체크카드,롯데카드,,,"은행사: 통장 발급수수료 및 인터넷 뱅킹 이체 수수료 면제
헤어: 미용실 최대 20% 할인
경기관람: 롯데 자이언츠 20% 할인
쇼핑: 롯데백화점, 롯데ON, 롯데마트, 롯데슈퍼, 토이저러스 혜택
영화: 롯데시네마 관람료 1,500원 청구할인
푸드: 보네스뻬, 보네스뻬브레드, T.G.I.F, 롯데리아, 엔제리너스커피, 나뚜루 할인
주유소: SK주유소 리터당 SK주유포인트 50원적립
멤버십포인트: L.POINT 적립
유의사항: 꼭 확인하세요!"
1466,My flight SKYPASS Prime 카드,하나카드,"100,000","105,000","대한항공: 국내 일시불/할부 이용금액 1,000원당 스카이패스 1마일리지 적립
해외 일시불 이용금액 1,000원당 스카이패스 1.2마일리지 적립
라운지키: LoungeKey (VISA) 제휴 공항라운지 월 2회, 연 6회 무료입장 제공

유의사항: 꼭 확인하세요!"
1467,맘인 롯데카드,롯데카드,"10,000","15,000","뷰티/피트니스: 미용실 최대 20% 할인
경기관람: 롯데 자이언츠 20% 할인
쇼핑: 롯데백화점 5% 할인
OTT/영화/문화: 롯데시네마, 뮤지컬, 연극 할인
기타: 우리 아이 안전을 지키는 위치 알림 서비스(LGU+)
교육/육아: 교육 컨텐츠 할인
쇼핑: 3대 백화점 및 할인점 등 주요 생활업종 할인
푸드: 외식
주유: SK주유소 결제 시 리터당 50포인트 적립
멤버십포인트: L.POINT 적립
유의사항: 꼭 확인하세요!"
1468,제주항공 Refresh Point KB국민카드,KB국민카드,,,"적립: 신판 1,200원당 10~20P 적립
공항라운지: 공항라운지 연 2회 무료 이용
유의사항: 꼭 확인하세요!"
1469,CUbig PAY 체크카드,신협,,,"간편결제: 간편결제 2만원 이상 결제 시 3천원 캐시백
통신: 통신비 5만원 이상 자동이체 시 3천원 캐시백
디지털구독: 음악 스트리밍 서비스 5천원 이상 자동이체시 1천원 캐시백
호텔: 야놀자, 여기어때 1만원 이상 결제시 5% 캐시백
배달앱: 배달앱 1만원 이상 결제시 5% 캐시백
영화: 영화관 1만원 이상 결제시 5% 캐시백
도서: 서점 1만원 이상 결제시 5% 캐시백
편의점: 편의점 1만원 이상 결제시 5% 캐시백
카페: 카페 1만원 이상 결제시 5% 캐시백
유의사항: 꼭 확인하세요!"
1470,우체국 롯데 비즈니스 카드,롯데카드,"8,000","12,000","기타: 우체국 이용 시 10% 할인 및 2~3개월 무이자 할부
비즈니스: 야근식대 할인 서비스 및 세무 지원 서비스
헤어: 미용실 최대 20% 할인
경기관람: 롯데 자이언츠 20% 할인
쇼핑: 쇼핑 최대 10%할인 및 무이자할부 혜택
유의사항: 꼭 확인하세요!"
1471,GS홈쇼핑 삼성티클래스카드,삼성카드,,"20,000","홈쇼핑: GS SHOP 할인 및 무이자할부, 쿠폰 제공
모든가맹점: 0.4%~0.8% 빅포인트 적립
주유: S-OIL 리터당 40~50 보너스포인트 적립
여행/숙박: 삼성카드 여행센터 할인
패밀리레스토랑: 불고기브라더스 15% 할인
경기관람: 프로스포츠 프로모션 서비스
테마파크: 주요 놀이공원 입장권 및 자유이용권 할인
선택형: 우수회원 옵션 서비스
유의사항: 꼭 확인하세요!"
1472,GS홈쇼핑 삼성애니패스포인트카드,삼성카드,,"12,000","홈쇼핑: GS SHOP 할인 및 무이자할부, 쿠폰 제공
모든가맹점: 0.2%~0.8% 빅포인트 적립
주유: S-OIL 리터당 40 보너스포인트 적립
경기관람: 프로스포츠 경기 할인
푸드: 아웃백, 스타벅스 할인
테마파크: 주요 놀이공원 입장권 및 자유이용권 할인
OTT/영화/문화: 영화 할인
정비: 닥터카서비스
유의사항: 꼭 확인하세요!"
1473,GS샵&디앤샵 삼성애니패스포인트카드,삼성카드,,"12,000","홈쇼핑: GS SHOP·d&SHOP 할인
모든가맹점: 0.2%~0.8% 빅포인트 적립
주유: S-OIL 리터당 40 보너스포인트 적립
경기관람: 프로스포츠 경기 할인
푸드: 아웃백, 스타벅스 할인
테마파크: 주요 놀이공원 입장권 및 자유이용권 할인
영화: 영화 할인
정비: 닥터카서비스
유의사항: 꼭 확인하세요!"
1474,G마켓 삼성티클래스앤오일카드,삼성카드,,"10,000","무실적: 업종별 0.2~1.2% 빅포인트 적립
주유: S-OIL 리터당 80포인트 적립
패밀리레스토랑: CJ푸드빌, 불고기브라더스 할인
여행/숙박: 삼성카드 여행센터 할인
테마파크: 주요 놀이공원 입장권 및 자유이용권 할인
경기관람: 프로스포츠 프로모션 서비스
교통: 대중교통상해보험 무료가입
무이자할부: 주요 백화점 및 할인점 무이자할부
유의사항: 꼭 확인하세요!"
1475,세이 삼성카드 S클래스,삼성카드,"15,000","20,000","백화점: 백화점 세이 할인 및 무이자할부
멤버십포인트: 우수회원 우대서비스
멤버십포인트: S포인트 적립 및 사용
멤버십포인트: S선포인트 사용
푸드: CJ푸드빌 20% 현장할인
영화: 영화 할인
테마파크: 주요 놀이공원 입장권 및 자유이용권 할인
경기관람: 프로스포츠 프로모션 서비스
정비: 닥터카서비스
공연/전시: 삼성미술관 리움 입장권 할인
여행/숙박: 아멕스 서비스
유의사항: 꼭 확인하세요!"
1476,싸이월드 롯데체크카드,롯데카드,,,"기타: 도토리 제공 (카드 이용금액의 0.1%)
기타: 싸이월드 마우스 효과 및 스킨 제공
기타: 전화영어교육 할인 및 연회비 면제, SMS 무료 서비스
헤어: 미용실 최대 20% 할인
테마파크: 롯데월드 종합이용권 50% 할인
경기관람: 롯데 자이언츠 20% 할인
쇼핑: 롯데백화점 5% 할인 e-쿠폰 및 무료 주차권 제공
여행/숙박: 여행서비스
푸드: 외식 10% 할인
주유소: SK주유소 리터당 SK주유포인트 50원적립
기타: 포인트 적립
유의사항: 꼭 확인하세요!"
1477,싸이월드 롯데카드,롯데카드,"5,000","10,000","기타: 싸이월드 도토리 최대 100개 제공
기타: 싸이월드 마우스 효과 및 스킨 제공
기타: 전화영어교육 할인 및 연회비 면제, SMS 무료 서비스
헤어: 미용실 최대 20% 할인
경기관람: 롯데 자이언츠 20% 할인
쇼핑: 롯데백화점 5% 할인 e-쿠폰 및 무료 주차권 제공
공연/전시: 뮤지컬, 연극 등 공연 10~30% 할인
주유소: SK주유소 리터당 SK주유포인트 50원적립
기타: 포인트 적립
유의사항: 꼭 확인하세요!"
1478,쌍용자동차 오토 플러스카드,롯데카드,"5,000","6,000","정비: 쌍용차 지정 AS센터 5%할인 (한도 : 1만원/월)
보험: 롯데손해보험 자동차 보험료 할인
무이자할부: 오토세이브 이용 시, 1200만원 한도 6개월 무이자 할부
헤어: 미용실 최대 20% 할인
경기관람: 롯데 자이언츠 20% 할인
쇼핑: 롯데백화점 5% 할인 e-쿠폰 및 무료 주차권 제공
주유소: SK주유소 리터당 SK주유포인트 50원 적립
기타: 포인트 적립
OTT/영화/문화: 영화/공연 할인
푸드: 외식 10% 할인
유의사항: 꼭 확인하세요!"
1479,썸뱅크 롯데 체크카드,롯데카드,,,"기타: 썸뱅크 롯데 체크카드만의 L.POINT 적립서비스
기타: 쓰는 만큼 늘어나는 L.POINT 적립 한도
기타: 포인트 적립기준
기타: SUM Bank 현금 입출금 카드 기능
기타: L.POINT"
1480,썸뱅크 롯데백화점 카드,롯데카드,"10,000","10,000","백화점: 롯데백화점 15% 청구할인 서비스
백화점: 롯데백화점 12개월 할부서비스
기타: 차년도 연회비 면제 서비스, 썸뱅크 현금 입출금 카드 기능
헤어: 미용실 최대 20% 할인
경기관람: 롯데 자이언츠 20% 할인
쇼핑: 롯데백화점 5% 할인 e-쿠폰 및 무료 주차권 제공
공연/전시: 뮤지컬, 연극 등 공연 10~30% 할인
유의사항: 꼭 확인하세요!"
1481,썸뱅크 롯데카드,롯데카드,"2,000","3,000","기타: 썸뱅크 롯데카드만의 L.POINT 적립서비스
기타: 쓰는만큼 늘어나는 L.POINT 적립 한도
기타: 포인트 적립기준
기타: 썸뱅크 현금 입출금 카드 기능
기타: L.POINT
유의사항: 꼭 확인하세요!"
1482,씨앤앰 롯데DC플러스카드,롯데카드,"10,000","10,000","기타: 씨앤앰 이용요금 5천원 할인 및 롯데멤버스제휴사 1만5천원 할인
무이자할부: 학원, 병/의원 업종 이용 시 2~3개월 무이자 할부서비스
헤어: 미용실 최대 20% 할인
경기관람: 롯데 자이언츠 20% 할인
쇼핑: 롯데백화점 5% 할인 e-쿠폰 및 무료 주차권 제공
공연/전시: 뮤지컬, 연극 등 공연 10~30% 할인
주유소: SK주유소 리터당 SK주유포인트 50원 적립
기타: L.POINT 적립 0.1%~3% 적립
유의사항: 꼭 확인하세요!"
1483,아름다운가게 롯데카드,롯데카드,"5,000","10,000","기타: 아름다운 가게 사랑의 후원금 기부
기타: 롯데백화점 5% 할인 e쿠폰 제공 및 무이자 할부
연회비지원: 연회비 면제 서비스
헤어: 미용실 최대 20% 할인
경기관람: 롯데 자이언츠 20% 할인
쇼핑: 롯데백화점 5% 할인 e-쿠폰 및 무료 주차권 제공
OTT/영화/문화: 영화/공연 할인
주유소: SK주유소 리터당 SK주유포인트 50원 적립
기타: 포인트 적립
유의사항: 꼭 확인하세요!"
1484,박승철헤어스투디오 롯데카드,롯데카드,,"5,000","헤어: 박승철헤어스투디오 최대 30% 할인
멤버십포인트: 더블 포인트 적립 서비스
뷰티/피트니스: 마리프랑스 바디라인·스벤슨 10% 할인
쇼핑: 백화점 및 면세점 최대 10% 할인
OTT/영화/문화: 롯데시네마 1,500원 할인
테마파크: 롯데월드 종합이용권 50% 할인
푸드: 외식 최대 15% 할인
주유: SK주유소 리터당 SK주유포인트 50원적립
유의사항: 꼭 확인하세요!"
1485,벅스 롯데체크카드,롯데카드,,,"음원사이트: Bugs  3% 할인
연회비지원: 연회비 면제 및 SMS 무료 서비스
헤어: 미용실 최대 20% 할인
테마파크: 테마파크 최대 50% 할인
레저/스포츠: 롯데 자이언츠 20% 할인
쇼핑: 롯데멤버스 제휴사 최대 10% 할인
여행/숙박: 여행서비스 관련 최대 7% 할인
푸드: 외식 10% 할인
주유: SK주유소 리터당 SK주유포인트 50원적립
멤버십포인트: L.POINT 적립
유의사항: 꼭 확인하세요!"
1486,벅스 롯데카드,롯데카드,,"7,000","음원사이트: Bugs  3% 할인
헤어: 미용실 최대 20% 할인
레저/스포츠: 롯데 자이언츠 20% 할인
OTT/영화/문화: 뮤지컬, 연극 등 영화/공연 최대 30% 할인
주유: SK주유소 리터당 SK주유포인트 50원적립
멤버십포인트: L.POINT 적립
유의사항: 꼭 확인하세요!"
1487,IBK 무직타이거 카드(신용),IBK기업은행,"10,000","12,000","대중교통: 버스, 지하철 이용건당 200원 할인
주유: 전 주유소 리터당 60원 할인(LPG 포함)
마트/편의점: GS25, CU, 세븐일레븐, 올리브영 10% 할인
이마트, 홈플러스, 롯데마트 5% 할인
온라인쇼핑: 쿠팡, 티몬, 위메프 20% 할인
영화: CGV, 메가박스, 롯데시네마 1만원 할인
카페: 주요 커피전문점 20% 할인
금융: 금융우대서비스(각종 이체수수료 면제 등)
테마파크: 놀이공원 할인
유의사항: 꼭 확인하세요!"
1488,법률소비자연맹 포인트플러스 롯데체크카드,롯데카드,,,"기타: 변호사, 노무사, 세무사 수임료 10% 할인
멤버십포인트: 더블 포인트 적립 서비스
헤어: 미용실 최대 20% 할인
테마파크: 테마파크 최대 50% 할인
레저/스포츠: 롯데 자이언츠 20% 할인
쇼핑: 롯데멤버스 제휴사 최대 10% 할인
OTT/영화/문화: 롯데시네마 관람료 1,500원 청구할인
푸드: 외식 10% 할인
주유: SK주유소 리터당 SK주유포인트 50원적립
멤버십포인트: L.POINT 적립
유의사항: 꼭 확인하세요!"
1489,법률소비자연맹 포인트플러스 롯데카드,롯데카드,"5,000","8,000","기타: 변호사, 노무사, 세무사 수임료 10% 할인
멤버십포인트: 더블 포인트 적립 서비스
헤어: 미용실 최대 20% 할인
레저/스포츠: 롯데 자이언츠 20% 할인
쇼핑: 롯데멤버스 제휴사 최대 10% 할인
OTT/영화/문화: 롯데시네마 관람료 1,500원 청구할인
주유: SK주유소 리터당 SK주유포인트 50원적립
멤버십포인트: L.POINT 적립
유의사항: 꼭 확인하세요!"
1490,IBK 무직타이거 카드(체크),IBK기업은행,,,"대중교통: 버스, 지하철 이용건당 100원 할인
편의점: GS25, CU, 세븐일레븐, 올리브영 5% 할인
온라인쇼핑: 쿠팡, 티몬, 위메프 10% 할인
영화: CGV, 메가박스, 롯데시네마 4천원 할인
카페: 주요 커피전문점 10% 할인
금융: 금융우대서비스(결제계좌를 IBK 기업은행 입출식 통장으로 이용 시)
테마파크: 놀이공원 최대 50% 할인 (월 1회, 연 2회 제공)
유의사항: 꼭 확인하세요!"
1491,베페 롯데카드,롯데카드,"5,000","8,000","기타: 베페몰 최대 5만원 청구할인
공연/전시: 베페 베이비페어 전시회 전일 무료입장
헤어: 미용실 최대 20% 할인
레저/스포츠: 롯데 자이언츠 20% 할인
쇼핑: 롯데멤버스 제휴사 최대 10% 할인
OTT/영화/문화: 뮤지컬, 연극 등 영화/공연 최대 30% 할인
푸드: 외식 10% 할인
주유: SK주유소 리터당 SK주유포인트 50원적립
멤버십포인트: L.POINT 적립
유의사항: 꼭 확인하세요!"
1492,보령메디앙스 맘 & 데디(Mom & Daddy) 카드,롯데카드,,"7,000","멤버십포인트: 보령메디앙스 기프트 10만 선 지급 포인트 제공
교육/육아: 놀이시설 50%할인, 육아용품할인 서비스
정비: SpeedMate 자동차무상정비 및 선, 후불 교통서비스
헤어: 미용실 최대 20% 할인
테마파크: 테마파크 최대 50% 할인
쇼핑: 롯데멤버스 제휴사 최대 10% 할인
여행/숙박: 롯데카드 여행서비스 최대 7% 할인
OTT/영화/문화: 뮤지컬, 연극 등 공연 최대 30% 할인
푸드: 외식 10% 할인
주유: SK주유소 리터당 SK주유포인트 50원적립
멤버십포인트: 국내 및 해외 가맹점에서 사용한 금액에 대해 L.POINT  0.2% 적립
주유: SK주유소 리터당 SK주유포인트 50원적립
유의사항: 꼭 확인하세요!"
1493,위메프페이 체크카드,KB국민카드,,,"쇼핑: 위메프페이결제 1%적립
쇼핑: 위메프오 1% 적립
편의점: GS25편의점 2% 적립
카페/디저트: 커피제과업종 5% 적립
디지털구독: 구독서비스 10%적립
유의사항: 꼭 확인하세요!"
1494,신라면세점 멤버십 삼성카드 S클래스,삼성카드,"15,000","20,000","멤버십포인트: 우수회원 우대서비스
멤버십포인트: S포인트 적립 및 사용
멤버십포인트: S선포인트 사용
푸드: CJ푸드빌 20% 할인
영화: 영화 할인
테마파크: 주요 놀이공원 입장권 및 자유이용권 할인
경기관람: 프로스포츠 프로모션 서비스
공연/전시: 삼성미술관 리움 일반 입장권 할인
정비: 닥터카서비스
여행/숙박: 아멕스 서비스
유의사항: 꼭 확인하세요!"
1495,삼성화재 멤버십 삼성카드 S클래스,삼성카드,"15,000","20,000","보험: 삼성화재 자동차보험료 5%·10% 결제일할인
멤버십포인트: 우수회원 우대서비스
멤버십포인트: S포인트 적립 및 사용
멤버십포인트: S선포인트 사용
푸드: CJ푸드빌 20% 현장할인
영화: 영화 할인
테마파크: 주요 놀이공원 입장권 및 자유이용권 할인
경기관람: 프로스포츠 프로모션 서비스
정비: 닥터카서비스
공연/전시: 삼성미술관 리움 입장권 할인
여행/숙박: 아멕스 서비스
유의사항: 꼭 확인하세요!"
1496,삼성화재theS 삼성카앤모아카드,삼성카드,"8,000","10,000","보험: 삼성화재 자동차보험료 10% 할인 및 무이자할부
주유: 모든 주유소 리터당30원·60원 할인
멤버십포인트: 0.2%~0.4% U포인트 적립
정비: 닥터카서비스
경기관람: 프로스포츠 프로모션 서비스
영화: CGV 동반 1인 50% 할인
카페: 스타벅스 1,000원 할인
여행/숙박: 삼성카드여행센터 할인
유의사항: 꼭 확인하세요!"
1497,삼성카드,삼성카드,"3,000","5,000","주유: S-OIL 리터당 40 보너스포인트 적립
경기관람: 프로스포츠 프로모션 서비스
유의사항: 꼭 확인하세요!"
1498,SK에너지 삼성카드 4,삼성카드,"12,000","17,000","주유: SK에너지 리터당 65원 결제일할인
경기관람: 프로스포츠 프로모션 서비스
모든가맹점: 모든 가맹점 0.7% 결제일할인
OTT/영화/문화: 모든 영화관 2,500원 결제일할인
유의사항: 꼭 확인하세요!"
1499,삼성카드 4+,삼성카드,"55,000","60,000","기타: 웰컴기프트 
경기관람: 프로스포츠 프로모션 서비스
모든가맹점: 모든 가맹점 0.7~1% 결제일할인
OTT/영화/문화: 모든 영화관 2,500원 결제일할인
테마파크: 주요 놀이공원 입장권 및 자유이용권 할인
정비: 닥터카서비스
주유: GS칼텍스 리터당 90~100포인트 적립
패밀리레스토랑: 아웃백 30% 할인
여행/숙박: 아멕스 서비스
유의사항: 꼭 확인하세요!"
1500,삼성카드 4 V2,삼성카드,"18,000","20,000","영화: 모든 영화관 3,000원 결제일할인
경기관람: 프로스포츠 프로모션 서비스
모든가맹점: 모든 가맹점 0.6% 결제일할인
생활: 할인점·음식점·주유소·병원·약국 1.2% 결제일할인
여행/숙박: 아멕스 서비스
유의사항: 꼭 확인하세요!"
1501,주니어라이프 체크카드,KB국민카드,,,"패밀리레스토랑: 아웃백·VIPS·TGIF·세븐스프링스
주중 10%, 주말 15% 환급할인
영화: CGV·메가박스 20% 환급할인
테마파크: 에버랜드·서울랜드·롯데월드 30% 환급할인
카페: 커피빈 주중 5%, 주말 10% 환급할인
제주항공: 제주항공 10% 환급할인
헤어: 박승철헤어스투디오·올리브영 10% 환급할인
도서: 교보문고 3% 환급할인
편의점: GS25 5% 환급할인
금융: 금융수수료 면제 서비스
교통: 티머니 서비스
유의사항: 꼭 확인하세요!"
1502,청춘대로 싱글 레터링 체크카드(긁으면),KB국민카드,,,"편의점: 편의점 업종 5~10% 환급할인
쇼핑: 다이소/소셜커머스 5~10% 환급할인
해외: 해외이용/해외직구 할인캐시백 5%
교통: 택시 5% 환급할인
대중교통 5% 환급할인
기타: 올리브영·박승철헤어스투디오/동물병원 10% 환급할인
여행사: 라이프샵 여행 해외패키지 3% 현장할인"
1503,북피니언 롯데카드,롯데카드,"7,000","12,000","도서: 인터파크 도서 결제 시 10~30% 할인 및 쿠폰 제공
헤어: 미용실 최대 20% 할인
테마파크: 테마파크 최대 50% 할인
레저/스포츠: 롯데 자이언츠 20% 할인
쇼핑: 롯데멤버스 제휴사 최대 10% 할인
OTT/영화/문화: 뮤지컬, 연극 등 영화/공연 최대 30% 할인
푸드: 외식 10% 할인
주유: SK주유소 리터당 SK주유포인트 50원적립
멤버십포인트: L.POINT 적립
유의사항: 꼭 확인하세요!"
1504,청춘대로 싱글 레터링 체크카드(잘사는),KB국민카드,,,"편의점: 편의점 업종 5~10% 환급할인
쇼핑: 다이소/소셜커머스 5~10% 환급할인
해외: 해외이용/해외직구 할인캐시백 5%
교통: 택시 5% 환급할인
대중교통 5% 환급할인
기타: 올리브영·박승철헤어스투디오/동물병원 10% 환급할인
여행사: 라이프샵 여행 해외패키지 3% 현장할인"
1505,청호나이스 KB국민카드,KB국민카드,,"12,000","렌탈 : 청호나이스 렌탈료 자동이체 시 1만1천원~2만원 청구할인
영화: 인터파크 영화 예매 시 3,500원 할인 적용
테마파크: 테마파크 최대 50% 할인
유의사항: 꼭 확인하세요!"
1506,삼성카드 4+ V2,삼성카드,"38,000","40,000","기타: 연간 1천만원당 20,000원 결제일할인
주유: 주유 5만원당 1,000원 결제일할인
모든가맹점: 모든 가맹점 0.6% 결제일할인
할인: 할인점·음식점·주유소·병원·약국 1.2% 결제일할인
영화: 모든 영화관 3,000원 결제일할인
경기관람: 프로스포츠 프로모션 서비스
여행/숙박: 아멕스 서비스
유의사항: 꼭 확인하세요!"
1507,우체국 롯데체크카드,롯데카드,,,"기타: 우체국 이용 시 10% 할인
기타: 현금카드 기능 및 Cash-Back 서비스
연회비지원: 연회비 면제 및 SMS 무료 서비스
기타: L.POINT 적립
유의사항: 꼭 확인하세요!"
1508,동부저축은행 삼성체크카드,삼성카드,,,"캐시백: 0.7% 금융포인트 캐시백
경기관람: 프로스포츠 프로모션 서비스
주유: S-OIL 리터당 40 보너스포인트 적립
은행사: 제휴사 기본서비스
유의사항: 꼭 확인하세요!"
1509,불멸코리아 롯데체크카드,롯데카드,,,"병원/약국: 각종 질병 검사 비용 20% 할인
공연/전시: 공연초대 30% 예매할인
여행/숙박: 전국펜션 5% 할인
연회비지원: 연회비 면제 및 SMS 무료 서비스
헤어: 미용실 최대 20% 할인
테마파크: 테마파크 최대 50% 할인
레저/스포츠: 롯데 자이언츠 20% 할인
쇼핑: 롯데멤버스 제휴사 최대 10% 할인
여행/숙박: 롯데카드 여행서비스 최대 7% 할인
푸드: 외식 10% 할인
주유: SK주유소 리터당 SK주유포인트 50원적립
멤버십포인트: L.POINT 적립
유의사항: 꼭 확인하세요!"
1510,코웨이Ⅱ 카드,KB국민카드,,"30,000","렌탈 : 코웨이 렌탈료 자동이체 시 1만 5천원~2만원 청구할인
적립: 코웨이 연간리워드 5~10% 포인트리 적립
테마파크: 놀이공원 최대 50% 할인
유의사항: 꼭 확인하세요!"
1511,동부증권해피플러스CMA 삼성체크카드,삼성카드,,,"증권사: 제휴사 기본서비스
경기관람: 프로스포츠 프로모션 서비스
주유: S-OIL 리터당 40 보너스포인트 적립
테마파크: 주요 놀이공원 입장권 및 자유이용권 할인
정비: 닥터카서비스
OTT/영화/문화: 영화 할인
유의사항: 꼭 확인하세요!"
1512,쿠쿠렌탈Ⅱ카드,KB국민카드,"15,000","15,000","렌탈 : 쿠쿠렌탈 자동납부요금 청구할인 최대 1만 7천원
유의사항: 꼭 확인하세요!"
1513,불멸코리아 롯데카드,롯데카드,"5,000","15,000","병원/약국: 각종 질병 검사 비용 20% 할인
공연/전시: 공연및 영화 최대 30% 할인
여행/숙박: 전국펜션 5% 할인
헤어: 미용실 최대 20% 할인
레저/스포츠: 롯데 자이언츠 20% 할인
쇼핑: 롯데멤버스 제휴사 최대 10% 할인
주유: SK주유소 리터당 SK주유포인트 50원적립
멤버십포인트: L.POINT 적립
유의사항: 꼭 확인하세요!
기타: 무료 가족사진 촬영권 제공
유의사항: 꼭 확인하세요!"
1514,쿠쿠렌탈 티타늄카드,KB국민카드,,"20,000","렌탈 : 쿠쿠렌탈 자동이체 할인 서비스 최대 1만 5천원
프리미엄 서비스: 국내전용/K-WORLD/Master 티타늄 서비스
유의사항: 꼭 확인하세요!"
1515,SC은행 삼성애니패스포인트 체크카드,삼성카드,,,"모든가맹점: 0.2%~0.8% 빅포인트 적립
경기관람: 프로스포츠 프로모션 서비스
주유: S-OIL 리터당 40 보너스포인트 적립
OTT/영화/문화: 영화 할인
푸드: 아웃백, 스타벅스 할인
테마파크: 주요 놀이공원 입장권 및 자유이용권 할인
정비: 닥터카서비스
유의사항: 꼭 확인하세요!"
1516,우체국 롯데카드,롯데카드,"15,000","15,000","기타: 우체국 이용 시 10% 할인 및 2~3개월 무이자 할부
기타: 우체국 현금카드 기능 추가
연회비지원: 연회비 면제 및 SMS 무료 서비스
헤어: 미용실 최대 20% 할인
경기관람: 롯데 자이언츠 20% 할인
쇼핑: 쇼핑 최대 10%할인 및 무이자할부 혜택
OTT/영화/문화: 뮤지컬, 연극 등 공연 10~30% 할인
주유소: SK주유소 리터당 SK주유포인트 50원적립
기타: L.POINT 및 SK 주유포인트 적립
유의사항: 꼭 확인하세요!"
1517,디지털멤버십 삼성유포인트카드,삼성카드,"8,000","10,000","모든가맹점: 모든 제휴점 0.5, 삼성전자 3% U포인트 적립
경기관람: 프로스포츠 프로모션 서비스
제휴/PLCC: 삼성전자 우수회원 서비스
주유: S-OIL 리터당 40 보너스포인트 적립
OTT/영화/문화: 영화 할인
정비: 닥터카서비스
테마파크: 주요 놀이공원 입장권 및 자유이용권 할인
카페: 스타벅스 1,000원 할인
유의사항: 꼭 확인하세요!"
1518,위니아만도 롯데카드,롯데카드,"10,000","15,000","쇼핑: 위니아만도 할인 서비스
헤어: 미용실 최대 20% 할인
경기관람: 롯데 자이언츠 20% 할인
쇼핑: 쇼핑 최대 10%할인 및 무이자할부 혜택
OTT/영화/문화: 뮤지컬, 연극 등 공연 10~30% 할인
주유소: SK주유소 리터당 SK주유포인트 50원적립
유의사항: 꼭 확인하세요!"
1519,LG전자 렌탈 플러스 하나카드,하나카드,,"15,000","렌탈 : LG전자 렌탈요금 자동이체 시 13,000원/23,000원 할인
유의사항: 꼭 확인하세요!"
1520,행복한대구경북티타늄카드,KB국민카드,"30,000","30,000","통신: 이동통신 5% 할인
공과금: 도시가스 5% 할인
교통: 대중교통 5% 할인
카페: 커피 5% 할인
편의점: 편의점 5% 할인
대형마트: 마트 5% 할인
주유: 주유 5% 할인
생활: 배달/스트리밍 최대 3천원 할인
약국 2% 할인
캐시백: 지역사랑음식/쇼핑 3천원 캐시백
지역사랑여가 5천원 캐시백
프리미엄 서비스: 국내전용/K-WORLD/VISA 티타늄 서비스
유의사항: 꼭 확인하세요!"
1521,CU big CLASSIC,신협,,,"주유소: 주유소 리터당 40원 할인
병원: 병원ㆍ약국 1천원 할인
헤어: 이ㆍ미용실 1천원 할인
피트니스: 건강ㆍ취미 업종 5% 캐시백
대형마트: 대형마트 5% 캐시백
영화: 영화관 5% 캐시백
카페: 카페 5% 캐시백
도서: 서점 5% 캐시백
유의사항: 꼭 확인하세요!"
1522,쇼핑 그린,신협,,,"전통시장: 전통시장 10% 캐시백
대형마트: 대형할인점 5% 캐시백
패밀리레스토랑: 외식 10% 캐시백
영화: 영화 3천원 할인
기타: 그린카드서비스
유의사항: 꼭 확인하세요!"
1523,L.PAY 하나 체크카드,하나카드,,,"적립: L.PAY 결제/후불교통 2%, 롯데가맹점 0.5% L.POINT 적립
이외 국내 전 가맹점 0.1% L.POINT 적립"
1524,Cubig 청춘,신협,,,"편의점: 편의점 10% 더블캐시백
카페: 커피전문점 10% 더블캐시백
패스트푸드: 패스트푸드 10% 더블캐시백
도서: 도서 5% 캐시백
드럭스토어: CJ올리브영, GS왓슨시, 다이소 5% 캐시백
렌터카: 그린카 5% 캐시백
영화: 영화 티켓 3천원 캐시백
기타: 어학시험 응시료 3천원 캐시백
통신: 이동통신요금 3천원 캐시백
유의사항: 꼭 확인하세요!"
1525,Cubig SIMPLE(하이브리드형),신협,,,"모든가맹점: 적용제한 없이 0.3~0.5% 기본 캐시백
모든가맹점: 주말/공휴일에 결제 시 0.1% 추가 캐시백
하이브리드: 후불교통(하이브리드) 서비스
유의사항: 꼭 확인하세요!"
1526,K리그 축덕 Young Hana 체크카드 with OKcashbag,하나카드,,,"적립: 스타벅스 20%/ 편의점, 영화 10%/ 대중교통, 통신 1천 하나머니 적립
외식, 쇼핑, 어학시험, 어학원 5% 하나머니 적립 
OK캐쉬백: OK캐쉬백 플러스 원클릭 충전 및 자동충전시 1% OK캐쉬백 추가 적립
수수료우대: 해외 ATM 현금인출 수수료 우대
테마파크: 롯데월드, 에버랜드 자유이용권 50% 할인"
1527,KT Super 할부,하나카드,"12,000","15,000","KT: KT라이트할부 이용시 1만원/1만5천원 청구할인
라이트할부 미이용 시 월 5천원 청구할인
카페: 5대 커피업종 5% 청구할인
영화: 영화업종 3,000원 청구할인
기타: 올레콘텐츠박스 이용쿠폰 제공
유의사항: 꼭 확인하세요!"
1528,ROVL 다이아몬드(토탈마일)기업카드,KB국민카드,,"300,000","항공마일리지: 토탈마일리지 적립서비스
항공권: 쿠폰서비스_대한항공 항공권 서비스
여행사: 쿠폰서비스_KB국민카드 여행상품 할인 서비스 
OTT/영화/문화: 쿠폰서비스_영화/공연/워터파크 서비스
여행사: 해외 여행상품 현장 할인 서비스
호텔: 롯데호텔 우대 서비스
도서: 도서 요약 서비스
보험사: 보험 무료가입 서비스
프리미엄: Master Diamond 전용서비스
유의사항: 꼭 확인하세요! "
1529,KT Super DC,하나카드,"12,000","15,000","KT: KT 통신요금 7천원/1만5천원 청구할인
카페: 5대 커피업종 5% 청구할인
영화: 영화업종 3,000원 청구할인
기타: 올레콘텐츠박스 이용쿠폰 제공"
1530,BS렌탈 플러스 하나카드,하나카드,,"15,000","렌탈 : BS렌탈요금 월 1만3천원 / 2만 3천원 할인
유의사항: 꼭 확인하세요!"
1531,Any PLUS SMTOWN &STORE 카드,하나카드,"15,000","15,000","모든가맹점: 국내 가맹점 0.7% 청구할인
국내 온라인 가맹점 1.7% 청구할인
해외: 해외가맹점 1.7% 청구할인
유의사항: 꼭 확인하세요!"
1532,LGU+ 카드의정석 Ⅱ,우리카드,"20,000","20,000","LGU+: LGU+ 통신서비스 요금 7천원/1만3천원 청구할인
LGU+ 단말기 장기할부 서비스
영화: 모든 영화관 3,000원 청구할인
테마파크: 놀이공원 자유이용권 50% 현장할인
유의사항: 꼭 확인하세요!"
1533,동양증권WCMA신세계 삼성애니패스포인트카드,삼성카드,,"5,000","증권사: 유안타 CMA 기본서비스
멤버십포인트: 0.2%~0.8% 빅포인트 적립
백화점: 신세계백화점 5%전자할인 쿠폰 및 무이자할부
대형마트: 이마트 6,000원 할인
멤버십포인트: 신세계백화점·이마트 이용 시 신세계포인트 적립
경기관람: 프로스포츠 경기 할인
테마파크: 주요 놀이공원 입장권 및 자유이용권 할인
푸드: 아웃백, 스타벅스 할인
주유: S-OIL 리터당 40 보너스포인트 적립
정비: 닥터카서비스
영화: 영화 할인
여행/숙박: 삼성카드여행센터 할인
유의사항: 꼭 확인하세요!"
1534,LIG 삼성티클래스앤오일카드,삼성카드,,"10,000","보험: LIG 20,000원·30,000원 결제일할인
무실적: 업종별 0.2~1.2% 빅포인트 적립
주유: S-OIL 리터당 80포인트 적립
패밀리레스토랑: CJ푸드빌, 불고기브라더스 할인
여행/숙박: 삼성카드 여행센터 할인
테마파크: 주요 놀이공원 입장권 및 자유이용권 할인
경기관람: 프로스포츠 프로모션 서비스
교통: 대중교통상해보험 무료가입
무이자할부: 주요 백화점 및 할인점 무이자할부
유의사항: 꼭 확인하세요!"
1535,ENVY 삼성애니패스포인트카드,삼성카드,,"12,000","모든가맹점: 0.2%~0.8% 빅포인트 적립
주유: S-OIL 리터당 40 보너스포인트 적립
푸드: 아웃백, 스타벅스 할인
경기관람: 프로스포츠 경기 할인
테마파크: 주요 놀이공원 입장권 및 자유이용권 할인
OTT/영화/문화: 영화 할인
정비: 닥터카서비스
여행/숙박: 삼성카드여행센터 할인
유의사항: 꼭 확인하세요!"
1536,ENVY 삼성지엔미포인트카드,삼성카드,,"12,000","모든가맹점: 0.2%~0.8% 빅포인트 적립
주유: S-OIL 리터당 40 보너스포인트 적립
푸드: 아웃백, 스타벅스 할인
테마파크: 주요 놀이공원 입장권 및 자유이용권 할인
경기관람: 프로스포츠 프로모션 서비스
무이자할부: 주요 쇼핑가맹점 무이자할부
정비: 닥터카서비스
영화: 영화 할인
헤어: 미용실 할인
여행/숙박: 삼성카드여행센터 할인
유의사항: 꼭 확인하세요!"
1537,D&Style 삼성지엔미포인트카드,삼성카드,,"12,000","모든가맹점: 0.2%~0.8% 빅포인트 적립
주유: S-OIL 리터당 40 보너스포인트 적립
푸드: 아웃백, 스타벅스 할인
테마파크: 주요 놀이공원 입장권 및 자유이용권 할인
경기관람: 프로스포츠 프로모션 서비스
무이자할부: d&SHOP 할인 및 주요 쇼핑가맹점 무이자할부
정비: 닥터카서비스
헤어: 미용실 할인
영화: 영화 할인
유의사항: 꼭 확인하세요!"
1538,D&Life 삼성애니패스포인트카드,삼성카드,,"12,000","모든가맹점: 0.2%~0.8% 빅포인트 적립
주유: S-OIL 리터당 40 보너스포인트 적립
쇼핑: d&SHOP 할인 및 무이자할부
경기관람: 프로스포츠 경기 할인
푸드: 아웃백, 스타벅스 할인
테마파크: 주요 놀이공원 입장권 및 자유이용권 할인
영화: 영화 할인
정비: 닥터카서비스
유의사항: 꼭 확인하세요!"
1539,SC제일은행 삼성카드 BIZ 4 V2,삼성카드,"28,000","30,000","모든가맹점: 전가맹점 0.6% 결제일할인 (BIZ카드)
할인: 할인점·음식점·주유소·병원·약국 1.2% 결제일할인
생활: 5대업종 할인
영화: 모든 영화관 3,000원 결제일할인
경기관람: 프로스포츠 프로모션 서비스
비즈니스: 개인사업지원 서비스
여행/숙박: 아멕스 서비스
유의사항: 꼭 확인하세요!"
1540,비비드레스 롯데카드,롯데카드,"5,000",,"쇼핑: 멋남과 비비드레스 이용 시 5~15% 청구할인
대중교통: 교통요금(버스, 지하철) 최대 7천원 청구할인
연회비지원: 전년도 카드 총 금액 200만원 이상 이용 시 당해년도 연회비 면제 서비스
헤어: 미용실 최대 20% 할인
레저/스포츠: 롯데 자이언츠 20% 할인
쇼핑: 롯데멤버스 제휴사 최대 10% 할인
OTT/영화/문화: 뮤지컬, 연극 등 영화/공연 최대 30% 할인
푸드: 외식 10% 할인
주유: SK주유소 리터당 SK주유포인트 50원적립
유의사항: 꼭 확인하세요!"
1541,사랑의열매 롯데카드,롯데카드,"5,000","8,000","기타: 사용금액 0.5% 후원금 기부 서비스
연회비지원: 차년도 연회비 면제
헤어: 미용실 최대 20% 할인
레저/스포츠: 롯데 자이언츠 20% 할인
쇼핑: 롯데멤버스 제휴사 최대 10% 할인
OTT/영화/문화: 뮤지컬, 연극 등 영화/공연 최대 30% 할인
주유: SK주유소 리터당 SK주유포인트 50원적립
멤버십포인트: L.POINT 적립
유의사항: 꼭 확인하세요!"
1542,삼성CMA플러스 롯데체크카드,롯데카드,,,"금융: 삼성증권CMA 연 4% 수익률 및 월 7만원 자동적립
연회비지원: 차년도 연회비 면제
헤어: 미용실 최대 20% 할인
레저/스포츠: 롯데 자이언츠 20% 할인
쇼핑: 롯데멤버스 제휴사 최대 10% 할인
테마파크: 테마파크 최대 50% 할인
여행/숙박: 롯데카드 여행서비스 최대 7% 할인
푸드: 외식 10% 할인
주유: SK주유소 리터당 SK주유포인트 50원적립
멤버십포인트: L.POINT 적립
유의사항: 꼭 확인하세요!"
1543,KTX이마트 삼성카드,삼성카드,,"10,000","대형마트: 이마트 6천원 결제일할인 및 무이자할부
기차: 코레일 승차권 할인
주유: S-OIL 리터당 40~50 보너스포인트 적립
경기관람: 프로스포츠 프로모션 서비스
유의사항: 꼭 확인하세요!"
1544,해피포인트 KB국민카드,KB국민카드,,"5,000","해피포인트: 해피포인트 가맹점 10~30% 청구할인
해피포인트 가맹점 5%현장적립
온라인쇼핑: 옥션 · G마켓 5% 청구할인
영화: 인터파크 3,500원 청구할인
여행/숙박: 제너두 둔내 펜션 10%~40% 현장할인
무이자할부: 백화점 및 할인점 2~3개월 무이자할부
국내 면세점 2~3개월 무이자할부
유의사항: 꼭 확인하세요!"
1545,SLR클럽 삼성티클래스카드,삼성카드,,"20,000","모든가맹점: 0.4%~0.8% 빅포인트 적립
선택형: 우수회원 옵션 서비스
주유: S-OIL 리터당 40~50 보너스포인트 적립
여행/숙박: 삼성카드여행센터 할인
테마파크: 주요 놀이공원 입장권 및 자유이용권 할인
푸드: 불고기브라더스 15% 할인
경기관람: 프로스포츠 프로모션 서비스
유의사항: 꼭 확인하세요!"
1546,T라이트 카드의정석,우리카드,"20,000","20,000","SKT: SKT통신요금 7천원 / 1만 3천원 청구할인
SKT 단발기 장기할부 서비스
영화: 모든 영화관 3,000원 청구할인
테마파크: 놀이공원 자유이용권 50% 현장할인
유의사항: 꼭 확인하세요!"
1547,SLR클럽 삼성애니패스포인트카드,삼성카드,,"12,000","모든가맹점: 0.2%~0.8% 빅포인트 적립
주유: S-OIL 리터당 40 보너스포인트 적립
푸드: 아웃백, 스타벅스 할인
경기관람: 프로스포츠 경기 할인
테마파크: 주요 놀이공원 입장권 및 자유이용권 할인
OTT/영화/문화: 영화 할인
정비: 닥터카서비스
여행/숙박: 삼성카드여행센터 할인
유의사항: 꼭 확인하세요!"
1548,STM철도 삼성지엔미카드,삼성카드,,"12,000","기차: 코레일 승차권 3% 결제일할인
주유: S-OIL 리터당 40 보너스포인트 적립
경기관람: 프로스포츠 프로모션 서비스
테마파크: 주요 놀이공원 입장권 및 자유이용권 할인
푸드: 아웃백, 스타벅스 할인
헤어: 미용실 할인
OTT/영화/문화: 영화 할인
정비: 닥터카서비스
무이자할부: 주요 쇼핑가맹점 무이자할부
유의사항: 꼭 확인하세요!"
1549,하나투어 KB국민카드,KB국민카드,,"10,000","여행사: 하나투어 포인트 최대 10% 적립
영화: 인터파크 영화예매 1매당 3,500원 청구 할인
여행사: 최대 50만원까지!! 여행을 SAVE하는 '하나투어 포인트연계할부서비스(세이브)'
무이자할부: 2~3개월 무이자할부 서비스
금융: 외국통화 매매 및 여행자 수표 매도 시 매매마진율의 30% 우대
유의사항: 꼭 확인하세요!"
1550,구도일+100 롯데카드,롯데카드,"10,000","15,000","주유: S-OIL포인트 적립
쇼핑: 쇼핑
테마파크: 놀이공원 50% 현장할인
영화: 영화 관람료 1,500원 청구할인
푸드: 외식
헤어: 미용실 최대 20% 할인
멤버십포인트: L.POINT
유의사항: 꼭 확인하세요!"
1551,STM철도 삼성애니패스카드,삼성카드,,"13,000","기차: 코레일 승차권 3% 결제일할인
주유: S-OIL 리터당 40 보너스포인트 적립
경기관람: 프로스포츠 프로모션 서비스
테마파크: 주요 놀이공원 입장권 및 자유이용권 할인
OTT/영화/문화: 영화 할인
정비: 닥터카서비스
유의사항: 꼭 확인하세요!"
1552,S-OIL 삼성카드 4 (포인트),삼성카드,"12,000","15,000","모든가맹점: 0.7% 빅포인트 적립
OTT/영화/문화: 모든 영화관 2,500원 결제일할인
주유: S-OIL 리터당 70원 결제일할인
무이자할부: 모든 가맹점 2~3개월 무이자할부
여행/숙박: 아멕스 서비스
유의사항: 꼭 확인하세요!"
1553,SN KB국민은행 삼성애니패스포인트 체크카드,삼성카드,,,"모든가맹점: 0.2%~0.8% 빅포인트 적립
주유: S-OIL 리터당 40 보너스포인트 적립
경기관람: 프로스포츠 경기 할인
푸드: 아웃백, 스타벅스 할인
테마파크: 주요 놀이공원 입장권 및 자유이용권 할인
영화: 영화 할인
정비: 닥터카서비스
유의사항: 꼭 확인하세요!"
1554,대교 삼성카드 & POINT,삼성카드,"15,000","15,000","무실적: 커피·통신·음식점 등 1%~3% 빅포인트 적립
교육/육아: 대교 10% 결제일할인
카페/디저트: 파리바게뜨·배스킨라빈스·던킨도너츠 10% 결제일할인
OTT/영화/문화: CGV·롯데시네마 3,000원 결제일할인
경기관람: 프로스포츠 프로모션 서비스
유의사항: 꼭 확인하세요!"
1555,SKT 우리카드,우리카드,,"10,000","SKT: T라이트할부 및 SKT 통신요금 월 1만원 ~ 2만원 청구할인
영화: 전국 영화관 3천원 청구할인
패밀리레스토랑: VIPS, TGIF 10% 청구할인
카페: 할리스, 엔제리너스 20% 청구할인
테마파크: 롯데월드, 에버랜드, 서울랜드, 이월드(대구), 경주월드, 통도환타지아 자유이용권 50% 현장할인
유의사항: 꼭 확인하세요!"
1556,플렉스페이카드,KB국민카드,,"15,000","렌탈 : 플렉스페이 렌탈료 청구할인 최대 1만 7천원
유의사항: 꼭 확인하세요!"
1557,삼성 페이 삼성체크카드 & POINT,삼성카드,,,"적립: 0.2%~0.8% 빅포인트 적립
OTT/영화/문화: CGV 3,000원 할인
테마파크: 주요 놀이공원 입장권 및 자유이용권 할인
유의사항: 꼭 확인하세요!"
1558,탄탄대로 웰컴카드,KB국민카드,,"17,000","쇼핑: 3대 대형마트 / 3대 백화점 10% 청구할인
교통: 대중교통(버스, 지하철), 택시 5% 청구할인
통신: 이동통신요금 5% 청구할인
기타: 외국인 선호 관광지 20% 청구할인
외국인 선호/거주 지역 음식 청구할인 5% 청구할인
유의사항: 꼭 확인하세요!"
1559,삼성아멕스카드,삼성카드,,"30,000","모든가맹점: 0.5%~1% 빅포인트 적립
주유: S-OIL 리터당 40 보너스포인트 적립
푸드: 디너클럽 30,000원 결제일할인
여행/숙박: 아멕스 서비스
경기관람: 프로스포츠 프로모션 서비스
정비: 닥터카서비스
테마파크: 주요 놀이공원 입장권 및 자유이용권 할인
유의사항: 꼭 확인하세요!"
1560,삼성스마트오토 캐시백체크카드,삼성카드,,,"주유: 모든 주유소 리터당 50원 캐시백
카페/디저트: 커피 1,000원 캐시백
경기관람: 프로스포츠 프로모션 서비스
영화: 영화 할인
유의사항: 꼭 확인하세요!"
1561,SK 세븐모바일 라서 즐거운카드,우리카드,,"10,000","통신: SK 세븐모바일 통신요금 자동이체 1만~2만원 청구할인
테마파크: 자유이용권 50% 현장할인
영화: 모든 영화관 3,000원 청구할인
패밀리레스토랑: 아웃백, TGIF 10% 청구할인
카페: 스타벅스, 투썸플레이스 20% 청구할인
유의사항: 꼭 확인하세요!"
1562,삼성오일앤세이브플러스카드,삼성카드,"8,000","10,000","멤버십포인트: 업종별 0.2%~1.2% 빅포인트 적립
주유: GS칼텍스 리터당 80~150 GS&POINT·빅포인트 적립
정비: 오토오아시스 제휴 서비스
푸드: 빕스, 불고기브라더스 할인
경기관람: 프로스포츠 프로모션 서비스
테마파크: 주요 놀이공원 입장권 및 자유이용권 할인
무이자할부: 주요 백화점 및 할인점 무이자할부
여행/숙박: 삼성카드 여행센터 할인
교통: 대중교통상해보험 무료가입
유의사항: 꼭 확인하세요!"
1563,olleh CEO 우리카드,우리카드,,"10,000","KT: KT 통신요금 자동이체 1만~3만원 할인
영화: 전국 영화관 3천원 청구할인
테마파크: 주요 놀이공원 자유이용권 50% 현장할인
패밀리레스토랑: 패밀리레스토랑 10% 할인
카페: 커피 20% 청구할인
유의사항: 꼭 확인하세요!"
1564,삼성오일앤세이브플러스카드 (유류환급),삼성카드,,"10,000","멤버십포인트: 업종별 0.2%~1.2% 빅포인트 적립
주유: GS칼텍스 리터당 80~150 GS&POINT·빅포인트 적립
정비: 오토오아시스 제휴 서비스
푸드: 빕스, 불고기브라더스 할인
경기관람: 프로스포츠 프로모션 서비스
테마파크: 주요 놀이공원 입장권 및 자유이용권 할인
무이자할부: 주요 백화점 및 할인점 무이자할부
교통: 대중교통상해보험 무료가입
유의사항: 꼭 확인하세요!"
1565,썸(SUM)화물복지카드 (개인체크),우리카드,,,"주유: 화물복지카드 종합안내
주유: 주유 15원 ~ 최대 100원 할인(ℓ당)
기타: 부가세 환급 지원 서비스
카페: 스타벅스, 커피빈 20% 캐시백 할인
패밀리레스토랑: VIPS, 아웃백, T.G,I Friday's, 10% 캐시백 할인
영화: CGV/메가박스/롯데씨네마 영화 캐시백 할인
도서: Yes24, 교보문고, 영풍문고 3,000원 캐시백 할인
OK캐쉬백: OK캐쉬백 멤버십 서비스
유의사항: 꼭 확인하세요!"
1566,삼성카드 애니패스 +,삼성카드,,"49,000","모든가맹점: 모든 가맹점 0.5% 할인
생활: 음식점·주점·편의점·주유·택시 1.5% 할인
영화: 모든 영화관 5,000원 결제일할인
카페: 커피전문점 10% 결제일할인
푸드: VIPS·계절밥상 20,000원 결제일할인
테마파크: 주요 놀이공원 입장권 및 자유이용권 할인
경기관람: 프로스포츠 프로모션 서비스
정비: 닥터카서비스
프리미엄: MASTER 서비스 및 UnionPay 서비스
유의사항: 꼭 확인하세요!"
1567,WithWOORI보조금결제전용카드,우리카드,,,"비즈니스: 자금관리시스템 제공
특정 업종 카드 사용 제한
유의사항: 꼭 확인하세요!"
1568,국방신협 우리카드,우리카드,,"5,000","유의사항: 국방신협 우리카드는 현역 부사관이상 간부, 국방관련 군무원ㆍ공무원 및 가족 을 위한 카드입니다.
기타: 군 복지시설 할인 서비스
군 영내외마트/체력단련장/휴양(숙박)시설 10~20% 청구할인
생활: 백화점, 전통시장, 병의원, 학원 업종 5% 청구할인
주유: S-OIL 주유시 ℓ당 60원 청구할인
영화: 영화관 할인
 CGV, 롯데시네마, 메가박스
패밀리레스토랑: 아웃백 스테이크 하우스/토다이 25% 청구할인
불고기브라더스 20% 청구할인
통신: 일반전화, 인터넷전화, 이동통신, 인터넷요금 결제 자동 이체시 10% 청구할인
도서: 교보문고, 영풍문고, YES24 온라인 결제 할인
프리미엄: 프리미엄 투어 서비스
유의사항: 꼭 확인하세요!"
1569,KB국민 훈카드,KB국민카드,"5,000","10,000","학원: 학원 10% 청구할인
피트니스: 레저/피트니스 5% 청구할인
약국: 약국 5~10% 청구할인
간편결제: KB Pay 이용가능 편의점에서 KB Pay 결제 시 5% 청구할인
기타: 시즌 특화가맹점 50% 청구할인
유의사항: 꼭 확인하세요!"
1570,KB국민 민카드,KB국민카드,"5,000","10,000","마트/편의점: 대형마트 10% 청구할인
편의점 5% 청구할인
통신: 이동통신요금 5~10% 청구할인
간편결제: KB Pay 이용가능 편의점에서 KB Pay 결제 시 5% 청구할인
기타: 시즌 특화가맹점 50% 청구할인
유의사항: 꼭 확인하세요!"
1571,삼성카드 3,삼성카드,"18,000","18,000","멤버십포인트: 업종별 0.5%~5% 빅포인트 적립
주유: S-OIL 리터당 40 보너스포인트 적립
영화: CGV 주중 50%·주말 25% 할인
패밀리레스토랑: 아웃백 20% 할인
테마파크: 놀이공원 및 워터파크 동반 1인무료·할인
정비: 닥터카서비스
무이자할부: 백화점 및 할인점 무이자할부
경기관람: 프로스포츠 경기 할인
여행/숙박: American Express Selects 서비스
유의사항: 꼭 확인하세요!"
1572,탐나는전 체크카드,KB국민카드,,,"적립: 국내외 가맹점 0.2% 기본 포인트리 적립
푸드: 음식점, 커피전문점 업종 0.2% 추가 포인트리 적립
대중교통: 대중교통(버스·지하철), 택시 0.2% 추가 포인트리 적립
통신: 이동통신요금 0.2% 추가 포인트리 적립
유의사항: 꼭 확인하세요!"
1573,티머니 체크카드,KB국민카드,,,"패밀리레스토랑: 아웃백·VIPS·TGIF·세븐스프링스
주중 10%, 주말 15% 환급할인
영화: CGV·메가박스 20% 환급할인
테마파크: 에버랜드·서울랜드·롯데월드 30% 환급할인
카페: 커피빈 주중 5%, 주말 10% 환급할인
제주항공: 제주항공 10% 환급할인
헤어: 박승철헤어스투디오·올리브영 10% 환급할인
도서: 교보문고 3% 환급할인
편의점: GS25 5% 환급할인
금융: 금융수수료 면제 서비스
교통: 티머니 서비스
유의사항: 꼭 확인하세요!"
1574,e나라도움카드,NH농협카드,,,"기타: 보조사업 수행 단체 및 사업자를 위한 국고보조금 결제전용카드
유의사항: 꼭 확인하세요!"
1575,e나라도움체크카드,NH농협카드,,,"기타: 보조사업 수행 단체 및 사업자를 위한 국고보조금 결제전용카드
유의사항: 꼭 확인하세요!"
1576,Free&(프리앤)카드,NH농협카드,"5,000","7,000","모든가맹점: 국내외 모든 가맹점 이용금액 0.3% 청구할인
기타: 외화 환전 수수료 현장할인(30~50%) 외 할인 혜택
유의사항: 꼭 확인하세요!"
1577,New후불하이패스카드,NH농협카드,"2,000",,"하이패스: 고속도로 통행료 결제
하이패스: 출퇴근 시간대 통행료 자동할인 최대 50%"
1578,삼성카드 3 V2,삼성카드,"18,000","18,000","모든가맹점: 업종별 0.5%~2% 빅포인트 적립
OTT/영화/문화: CGV 및 롯데시네마 3,000원·6,000원 결제일할인
주유: 주유 5만원당 1,000원 결제일할인
통신: 이동통신요금 1,000원 결제일할인
경기관람: 프로스포츠 프로모션 서비스
정비: 닥터카서비스
유의사항: 꼭 확인하세요!"
1579,삼성카드 BIZ 3,삼성카드,"28,000","30,000","비즈니스: 개인사업지원서비스
모든가맹점: 업종별 0.5%~5% 빅포인트 적립
주유: S-OIL 리터당 40 보너스포인트 적립
영화: CGV 주중 50%·주말 25% 할인
푸드: 아웃백 20% 할인
테마파크: 놀이공원 및 워터파크 동반 1인무료·할인
정비: 닥터카서비스
무이자할부: 백화점 및 할인점 무이자할부
경기관람: 프로스포츠 경기 할인
유의사항: 꼭 확인하세요!"
1580,삼성카드 3+,삼성카드,"95,000","100,000","바우처: 플러스 기프트 50,000 빅포인트 적립
푸드: 아웃백 30% 할인
주유: GS칼텍스, S-OIL 주유시 포인트 적립
멤버십포인트: 업종별 0.5%~5% 빅포인트 적립
OTT/영화/문화: CGV 주중 50%·주말 25% 할인
테마파크: 놀이공원 및 워터파크 동반 1인무료·할인
정비: 닥터카서비스
무이자할부: 백화점 및 할인점 무이자할부
경기관람: 프로스포츠 경기 할인
여행/숙박: MASTER 서비스
유의사항: 꼭 확인하세요!"
1581,삼성카드 3+ V2,삼성카드,"38,000","38,000","멤버십포인트: 플러스 추가적립
모든가맹점: 업종별 0.5%~2% 빅포인트 적립
OTT/영화/문화: CGV 및 롯데시네마 3,000원·6,000원 결제일할인
주유: 주유 5만원당 1,000원 결제일할인
통신: 이동통신요금 1,000원 결제일할인
경기관람: 프로스포츠 프로모션 서비스
정비: 닥터카서비스
여행/숙박: MASTER 서비스
유의사항: 꼭 확인하세요!"
1582,삼성카드 3+ (스카이패스),삼성카드,,"100,000","바우처: 기프트 혜택
멤버십포인트: 업종별 0.5%~5% 빅포인트 적립
주유: GS칼텍스, S-OIL 주유시 포인트 적립
푸드: 아웃백 30% 할인
OTT/영화/문화: CGV 주중 50%·주말 25% 할인
테마파크: 놀이공원 및 워터파크 동반 1인무료·할인
정비: 닥터카서비스
무이자할부: 백화점 및 할인점 무이자할부
경기관람: 프로스포츠 경기 할인
여행/숙박: MASTER 서비스
유의사항: 꼭 확인하세요!"
1583,ROVL 시그니쳐(스카이패스)기업카드,KB국민카드,,"300,000","대한항공: 대한항공 마일리지 적립서비스
바우처: 쿠폰서비스_대한항공 항공권 서비스
여행사: 쿠폰서비스_KB국민카드 여행상품 할인 서비스 
OTT/영화/문화: 쿠폰서비스_영화/공연/워터파크 서비스
여행사: 해외 여행상품 현장 할인 서비스
호텔: 롯데호텔 우대 서비스
도서: 도서 요약 서비스
보험사: 보험 무료가입 서비스
프리미엄: VISA Signature 전용서비스
유의사항: 꼭 확인하세요!"
1584,신협-신한카드 Hi-Point,신협,,"10,000","쇼핑: 백화점/할인점/홈쇼핑·온라인몰 1.0~5.0% 적립
모든가맹점: 전국 가맹점 0.2~2.0% 적립
해외 가맹점 1~5% 적립
주유소: S-OIL, 현대오일뱅크 주유 시 리터 당 60원 적립
금융: 신한금융투자 CMA 결제계좌 0.2% 추가 적립
마이신한포인트 가맹점 추가 적립
통신: SK텔레콤/KT/LG U+ 이동통신요금 1.0~5.0% 적립
기타: 무이자/영화/테마파크
적립: 포인트 적립상세 및 포인트 사용 안내
유의사항: 꼭 확인하세요!"
1585,삼성디지털프라자 삼성티클래스카드,삼성카드,,"20,000","모든가맹점: 0.4%~0.8% 빅포인트 적립
선택형: 우수회원 옵션 서비스
주유: S-OIL 리터당 40~50 보너스포인트 적립
여행/숙박: 삼성카드여행센터 할인
테마파크: 주요 놀이공원 입장권 및 자유이용권 할인
푸드: 불고기브라더스 15% 할인
경기관람: 프로스포츠 프로모션 서비스
영화: 영화 할인
무이자할부: 주요 백화점 및 할인점, 패션브랜드 무이자할부
유의사항: 꼭 확인하세요!"
1586,신협-신한카드 Shopping,신협,,"23,000","쇼핑: 오프라인 쇼핑 10% 할인 
온라인쇼핑: 온라인 쇼핑 10% 할인 
카페: 스타벅스, 커피빈, 카페베네,엔제리너스, 투썸플레이스 10% 할인 
생활: 다이소, 올리브영, 온라인 서점 10% 할인 
주유소: 주유소 리터당 60원 할인 
해외: 해외이용금액 5% 캐시백
푸드: 마켓컬리, 하이프레시, 집반찬연구소 10% 할인서비스
유의사항: 꼭 확인해주세요!"
1587,11번가 삼성티클래스앤오일카드,삼성카드,,"10,000","온라인쇼핑: 11번가 5%~10% 결제일할인
무실적: 업종별 0.2~1.2% 빅포인트 적립
주유: S-OIL 리터당 80포인트 적립
푸드: CJ푸드빌, 불고기브라더스 할인
여행/숙박: 삼성카드 여행센터 할인
테마파크: 주요 놀이공원 입장권 및 자유이용권 할인
경기관람: 프로스포츠 프로모션 서비스
교통: 대중교통상해보험 무료가입
무이자할부: 주요 백화점 및 할인점 무이자할부
유의사항: 꼭 확인하세요!"
1588,KB국민 정카드,KB국민카드,"5,000","10,000","쇼핑: 인터넷 쇼핑몰/홈쇼핑 10% 청구할인
뷰티/피트니스: 뷰티 5% 청구할인
쇼핑: 백화점/면세점 5~10% 청구할인
간편결제: KB Pay 이용가능 편의점에서 KB Pay 결제 시 5% 청구할인
기타: 시즌 특화가맹점 50% 청구할인
유의사항: 꼭 확인하세요!"
1589,KB국민 음카드,KB국민카드,"5,000","10,000","카페: 커피 30% 청구할인
OTT/영화/문화: 영화/공연/소셜커머스 5% 청구할인
골프: 골프/KB투어 5~10% 청구할인
간편결제: KB Pay 이용가능 편의점에서 KB Pay 결제 시 5% 청구할인
기타: 시즌 특화가맹점 50% 청구할인
유의사항: 꼭 확인하세요!"
1590,kt-현대카드M Edition3(라이트할부형),현대카드,"30,000","30,000","KT: KT 라이트할부 이용 시 1~24개월 차 월 15,000원/25,000원 청구 할인
KT 라이트할부 이용 시 25개월 차부터 월 6,000원 청구 할인
적립: 업종별 0.5~3% 적립
월 100만원 이상 이용 시 1.5배 적립"
1591,아모레퍼시픽 올림카드,KB국민카드,,"15,000","화장품: 아모레화장품 결제 시 20~30% 청구할인
카페: 스타벅스, 커피빈 10% 청구할
통신: 이동통신요금 자동이체 시 10% 청구할인
헤어: 헤어샵 이용 시 10% 청구할인
멤버십포인트: 아모레퍼시픽 웰컴 뷰티포인트 1만5천점 적립
유의사항: 꼭 확인하세요!"
1592,신협-신한카드 B.Big(삑),신협,,"10,000","대중교통: 버스, 지하철 후불 교통 이용 금액 일 200원 ~ 일 600원 할인
택시: 택시/KTX 이용 금액 10% 할인
백화점: 4대 백화점 5% 할인
카페: 커피전문점 10% 할인
편의점: 편의점 5% 할인
통신: 이동통신요금 5% 할인
영화: CGV, 메가박스
캐시백: 전기요금, 통신요금, 해외이용금액 5% 캐시백 제공
유의사항: 꼭 확인하세요!"
1593,신협-신한카드 RPM+Platinum#,신협,,"32,000","주유: 모든 주유소 리터당 40~150포인트/충전소 리터당 10~50포인트 적립
쇼핑: 1~5% 특별적립 
마트/편의점: 1~5% 특별적립 
택시: 1~5% 특별적립 
정비: 1~5% 특별적립 
모든가맹점: 국내/외 모든 가맹점 0.2~2.0% 적립
프리미엄: Platinum # 서비스
유의사항: 꼭 확인해주세요!"
1594,세라젬 KB국민카드,KB국민카드,"15,000","15,000","렌탈 : 세라젬 렌탈요금 자동납부 시 12,000원/17,000원 청구할인
유의사항: 꼭 확인하세요!"
1595,신협-신한카드 Love Platinum#,신협,,"50,000","쇼핑: 전국 유명 백화점, 할인점, 온라인 쇼핑몰 5% 할인
전국 유명 백화점 및 할인점 상시 2~3개월 무이자 할부
주유소: GS칼텍스 60원/L 할인
푸드: 불고기브라더스, 제일제면소 30% 할인
아웃백, 카페마마스, 스타벅스 20% 할인
영화: CGV, YES24 영화 7천원 할인
생활: LG계열 제휴사 최대 5~10% 할인 및 포인트 적립
적립: Love포인트 적립
테마파크: 유명 테마파크 자유이용권 할인
경기관람: 스포츠 할인
프리미엄: Platinum# 서비스 및 국제브랜드사 서비스
유의사항: 꼭 확인하세요!"
1596,kt-현대카드M Edition3(청구할인형2.0),현대카드,"30,000",,"KT: KT 통신요금 자동이체 시 1~36개월 차 월 22,000원/40,000원 청구 할인
KT 통신요금 자동이체 시 37개월 차부터 월 6,000원 청구 할인
적립: 업종별 0.5~3% 적립
월 100만원 이상 이용 시 1.5배 적립"
1597,신협-신한카드 Air One,신협,,"51,000","대한항공: 국내외 이용금액 1,000원당 1마일 적립
해외이용: 해외 이용금액 1,000원당 총 2마일 적립
면세점: 신라면세점 더 심플(앱) 1,000원당 총 2마일 적립 
프리미엄 서비스: AMEX PLATINUM 서비스 제공
유의사항: 꼭 확인하세요!"
1598,KB국민 SK매직 올림카드,KB국민카드,,"12,000","렌탈 : SK매직 렌탈 요금 자동납부 시 전월 실적에 따라 청구 할인
영화: 인터파크 영화 예매 3,500원(1매 기준) 청구 할인
테마파크: 롯데월드/에버랜드 50% 현장 할인, 캐리비안베이 30% 현장할인
유의사항: 꼭 확인하세요!"
1599,신협-신한카드 The CLASSIC+,신협,,"125,000","바우처: Gift Option 
대한항공: 전 가맹점 일시불/할부 이용금액 1,500원당 1마일 적립
아시아나항공: 전 가맹점 일시불/할부 이용금액 1,000원당 1마일
주유소: GS칼텍스 주유 시 리터당 40원 결제일 할인
PP: Priority Pass 카드 제공
면세점: 제주 JDC 면세점 8% 결제일 할인
카페: 스타벅스 3,000원 할인
프리미엄: 인천공항 무료 발렛 파킹
유의사항: 꼭 확인해주세요!"
1600,kt-현대카드M Edition3(청구할인형),현대카드,"30,000",,"KT: KT 통신요금 자동이체 시 1~24개월 차 월 13,000원/18,000원 청구 할인
KT 통신요금 자동이체 시 25개월 차부터 월 6,000원 청구 할인
적립: 업종별 0.5~3% 적립
월 100만원 이상 이용 시 1.5배 적립"
1601,kt M mobile-현대카드M Edition3,현대카드,"30,000",,"KT: KT 통신요금 자동이체 시 1~24개월 차 월 최대 20,000원 청구 할인
KT 통신요금 자동이체 시 25개월 차부터 월 6,000원 청구 할인
적립: 업종별 0.5~3% 적립
월 100만원 이상 이용 시 1.5배 적립"
1602,신한카드 The LADY BEST,신한카드,,"200,000","영화: 신한카드 Lady 우수고객대상 매월 영화 예매권 제공
연간 2회 공연 이벤트
바우처: 백화점/특급호텔 브런치/뷰티숍/전자상품권 4가지 Gift Option 중 택 1
적립: 이용금액에 대하여 기본 1%, 이용처에 따라 최대 3% 마이신한포인트 적립
대한항공: 1,500원당 기본 1마일리지, 이용처에 따라 최대 3마일리지 적립
프리미엄: 특급호텔 라운지 무료 음료 서비스
프리미엄 레스토랑 10% 할인
쇼핑: 백화점,할인점,면세점 이용 시 5% 할인
기타: 유명 스파 SHOP 우대 서비스
면세점: JDC 면세점 8% 결제일 할인
여행/숙박: 아시아나/이스타 항공할인
제주도 운영 관광지 입장료 할인
기타: 인천공항 무료 발렛파킹 서비스
도심지역 1일 무료 주차 서비스
생활: S - oil 주유 시 마이신한포인트 적립 서비스
인터파크/YES24 등 영화 1,500원 할인
통신: 이동통신요금 자동이체 시 2% 할인
레저/스포츠: 프로야구/프로농구 좌석 할인
주요 놀이공원 입장권/자유이용권 할인
프리미엄: VISA 시그니처/mastercard 다이아몬드 서비스
유의사항: 꼭 확인하세요!"
1603,삼성마이키즈카드,삼성카드,,"15,000","교육/육아: 교육비 캐시백
테마파크: 티오비보, 주요 놀이공원 할인
도서: 인터파크 도서 7% 결제일할인
패밀리레스토랑: 불고기브라더스 할인
주유: S-OIL 리터당 40 보너스포인트 적립
정비: 닥터카서비스
유의사항: 꼭 확인하세요!"
1604,SK내트럭 유가보조금카드,KB국민카드,,,"주유: 영업용화물차 월 683~4,308L 유가보조금 지원
주유소: SK에너지 화물특화(내트럭플러스)주유소에서 리터당 30원~100원 할인(할인대상: 경유)
비즈니스: 부가세 환급신고 편의서비스
기타: 국토교통부 화물운송사업 발전기금 지급
유의사항: 꼭 확인하세요!"
1605,U+ 알뜰모바일-현대카드M Edition3,현대카드,"30,000",,"LGU+: U+ 알뜰모바일 자동이체 시 1~24개월 차 월 최대 20,000원 청구 할인
U+ 알뜰모바일 자동이체 시 25개월 차부터 월 6,000원 청구 할인
적립: 업종별 0.5~3% 적립
월 100만원 이상 이용 시 1.5배 적립"
1606,삼성마이키즈플러스카드,삼성카드,,"20,000","캐시백: 교육비 캐시백
테마파크: 티오비보, 주요 놀이공원 할인
도서: 인터파크 도서 7% 결제일할인
푸드: 불고기브라더스 할인
주유: S-OIL 리터당 40 보너스포인트 적립
경기관람: 프로스포츠 경기 할인
정비: 닥터카서비스
영화: 영화 할인
유의사항: 꼭 확인하세요!"
1607,SK 7mobile-현대카드M Edition3,현대카드,"30,000",,"SKT: SK 7mobile 자동이체 시 1~24개월 차 월 최대 20,000원 청구 할인
SK 7mobile 자동이체 시 25개월 차부터 월 6,000원 청구 할인
적립: 업종별 0.5~3% 적립
월 100만원 이상 이용 시 1.5배 적립"
1608,SK 7mobile카드,KB국민카드,,"15,000","통신: SK 7mobile 통신료 청구할인
유의사항: 꼭 확인하세요!"
1609,피에르 가니에르 인피니트 카드,롯데카드,,"1,000,000","호텔: SPECIAL GIFT 제공
대한항공: 대한항공 스카이패스 마일리지 1,500원당 1마일 적립
바우처: 국내외 동반자 무료항공권 또는 좌석승급 서비스
프리미엄 서비스: 비자 인피니트 서비스
유의사항: 꼭 확인하세요!"
1610,KB국민 티머니 노리 학생증체크카드(퍼플),KB국민카드,,,"통신: 이동통신요금 2,500원 환급할인
영화: CGV 35% 환급할인
패밀리레스토랑: 아웃백, VIPS 20% 환급할인
카페: 스타벅스 20% 환급할인
테마파크: 에버랜드·롯데월드 50% 환급할인
금융: 금융수수료 면제 서비스
편의점: GS25 5% 환급할인
도서: 교보문고 5% 환급할인
기타: KB국민 티머니 체크카드 
(체크카드 혜택 + 티머니서비스 + 멤버십서비스)
유의사항: 꼭 확인하세요!"
1611,PlayStation® - 현대카드M,현대카드,"20,000","20,000","게임: PlayStation®Plus 정기구독서비스 결제 시 캐시백
게임 콘텐츠 결제 시 최대 1만5천원 청구 할인
적립: 모든 가맹점에서 0.2% M포인트 적립
온라인쇼핑 시 추가 M포인트 적립"
1612,삼성빅앤빅카드,삼성카드,,"20,000","멤버십포인트: 업종별 0.5%~5% 빅포인트 적립
주유: S-OIL 리터당 40 보너스포인트 적립
영화: CGV 주중 50%·주말 25% 할인
테마파크: 놀이공원 및 워터파크 동반 1인무료·할인
정비: 닥터카서비스
경기관람: 프로스포츠 경기 할인
여행/숙박: 삼성카드여행센터 할인
프리미엄: 아멕스 서비스
유의사항: 꼭 확인하세요!"
1613,신한카드 The CLASSIC,신한카드,,"100,000","항공마일리지: 대한항공/아시아나 마일리지 적립 or 마이신한포인트 적립
항공권: 아시아나 5%할인 5% 캐시백
이스타 항공 10% 할인
면세점: 제주 JDC 면세점 8% 할인
PP: Priority Pass 카드 제공
바우처: Gift Option 1가지 선택 제공
주유소: GS칼텍스 리터당 40원 할인
패밀리레스토랑: T.G.I.Friday’s 20% 할인 서비스
프리미엄: VISA 시그니처/mastercard 다이아몬드 서비스
유의사항: 꼭 확인하세요!"
1614,쿠쿠 프리멤버쉽 하나카드,하나카드,"12,000",,"렌탈 : 쿠쿠 렌탈요금 자동이체 시 월 1만3천원 청구할인
대형마트: 이마트, 이마트 트레이더스, 홈플러스, 롯데마트 이용금액 3% 청구할인
카페: 커피빈 이용금액 10% 청구할인
유의사항: 꼭 확인하세요! "
1615,KB국민 티머니노리학생증 체크카드(세로형_퍼플),KB국민카드,,,"통신: 이동통신요금 2,500원 환급할인
영화: CGV 35% 환급할인
패밀리레스토랑: 아웃백, VIPS 20% 환급할인
카페: 스타벅스 20% 환급할인
테마파크: 에버랜드·롯데월드 50% 환급할인
금융: 금융수수료 면제 서비스
편의점: GS25 5% 환급할인
도서: 교보문고 5% 환급할인
기타: KB국민 티머니 체크카드 
(체크카드 혜택 + 티머니서비스 + 멤버십서비스)
유의사항: 꼭 확인하세요!"
1616,KB국민 티머니노리학생증 체크카드(블루_세로형),KB국민카드,,,"통신: 이동통신요금 2,500원 환급할인
영화: CGV 35% 환급할인
패밀리레스토랑: 아웃백, VIPS 20% 환급할인
카페: 스타벅스 20% 환급할인
테마파크: 에버랜드·롯데월드 50% 환급할인
금융: 금융수수료 면제 서비스
편의점: GS25 5% 환급할인
도서: 교보문고 5% 환급할인
기타: KB국민 티머니 체크카드 
(체크카드 혜택 + 티머니서비스 + 멤버십서비스)
유의사항: 꼭 확인하세요!"
1617,KB국민 티머니노리학생증 체크카드(그린_세로형),KB국민카드,,,"통신: 이동통신요금 2,500원 환급할인
영화: CGV 35% 환급할인
패밀리레스토랑: 아웃백, VIPS 20% 환급할인
카페: 스타벅스 20% 환급할인
테마파크: 에버랜드·롯데월드 50% 환급할인
금융: 금융수수료 면제 서비스
편의점: GS25 5% 환급할인
도서: 교보문고 5% 환급할인
기타: KB국민 티머니 체크카드 
(체크카드 혜택 + 티머니서비스 + 멤버십서비스)
유의사항: 꼭 확인하세요!"
1618,KB국민 티머니노리학생증 체크카드(그린),KB국민카드,,,"통신: 이동통신요금 2,500원 환급할인
영화: CGV 35% 환급할인
패밀리레스토랑: 아웃백, VIPS 20% 환급할인
카페: 스타벅스 20% 환급할인
테마파크: 에버랜드·롯데월드 50% 환급할인
금융: 금융수수료 면제 서비스
편의점: GS25 5% 환급할인
도서: 교보문고 5% 환급할인
기타: KB국민 티머니 체크카드 
(체크카드 혜택 + 티머니서비스 + 멤버십서비스)
유의사항: 꼭 확인하세요!"
1619,KB국민 티머니노리학생증 체크카드(블루),KB국민카드,,,"통신: 이동통신요금 2,500원 환급할인
영화: CGV 35% 환급할인
패밀리레스토랑: 아웃백, VIPS 20% 환급할인
카페: 스타벅스 20% 환급할인
테마파크: 에버랜드·롯데월드 50% 환급할인
금융: 금융수수료 면제 서비스
편의점: GS25 5% 환급할인
도서: 교보문고 5% 환급할인
기타: KB국민 티머니 체크카드 
(체크카드 혜택 + 티머니서비스 + 멤버십서비스)
유의사항: 꼭 확인하세요!"
1620,삼성빅보너스카드,삼성카드,"13,000","15,000","모든가맹점: 빅포인트 0.5% 기본적립
주유: S-OIL 리터당 40 보너스포인트 적립
경기관람: 프로스포츠 경기 할인
유의사항: 꼭 확인하세요!"
1621,내(內) 카드,하나카드,,,"캐시백: 이용금액의 0.3% 캐시백
유의사항: 하나 선불카드 꼭 확인하세요!"
1622,필레오 롯데카드,롯데카드,"10,000",,"렌탈 : 필레오 렌탈요금 청구할인
푸드: 롯데 외식업종 청구할인
헤어: 미용실 최대 20% 할인
경기관람: 롯데 자이언츠 20% 할인
쇼핑: 롯데백화점, 롯데ON, 롯데면세점, 롯데마트, 롯데슈퍼, 토이저러스 혜택
OTT/영화/문화: 롯데시네마, 뮤지컬, 연극 할인
유의사항: 꼭 확인하세요!"
1623,삼성빅보너스체크카드,삼성카드,,,"모든가맹점: 빅포인트 0.5% 기본적립
주유: S-OIL 리터당 40 보너스포인트 적립
경기관람: 프로스포츠 경기 할인
유의사항: 꼭 확인하세요!"
1624,삼성마이골프카드,삼성카드,"25,000","30,000","모든가맹점: 모든 가맹점 0.2% 빅포인트 기본 적립
주유: S-OIL 리터당 80포인트 적립
테마파크: 주요 놀이공원 입장권 및 자유이용권 할인
교통: 대중교통상해보험 무료가입
경기관람: 프로스포츠 프로모션 서비스
무이자할부: 주요 백화점 및 할인점 무이자할부
유의사항: 꼭 확인하세요!"
1625,삼성 리워즈 하나 신용카드,하나카드,,,"적립: 삼성페이 이용 시 1% / 2% 적립 
일반카드 이용 시 0.5% / 1% 적립
유의사항: 꼭 확인하세요!"
1626,신한카드 The BEST,신한카드,,"200,000","적립: 이용금액의 0.5% 마이신한포인트 적립
항공마일리지: 대한항공 마일리지 1,500원당 1마일 적립
호텔: 호텔/리조트 무료숙빅 및 객실 업그레이드
항공권: 대한항공 무료 좌석 업그레이드
여행/숙박: 프리미엄 여행 서비스
골프: 국내 골프장 부킹 서비스
골프 홀인원 축하서비스
무이자할부: 롯데/현대/신세계 백화점 3개월 무이자할부
이마트, 롯데마트, 홈플러스 3개월 무이자할부
테마파크: 주요 놀이공원 입장권/자유이용권 할인 서비스
유의사항: 꼭 확인하세요!"
1627,하기스몰 롯데카드,롯데카드,"5,000","10,000","온라인쇼핑: 하기스몰 구매 시 최대 10% 할인
대형마트: 3대마트(롯데마트, 이마트, 홈플러스) 5% 할인
헤어: 미용실 최대 20% 할인
경기관람: 롯데 자이언츠 20% 할인
쇼핑: 롯데백화점, 롯데ON, 롯데면세점, 롯데마트, 롯데슈퍼, 토이저러스 혜택
OTT/영화/문화: 롯데시네마, 뮤지컬, 연극 할인
푸드: 보네스뻬, 보네스뻬브레드, T.G.I.F, 롯데리아, 엔제리너스커피, 나뚜루 할인
멤버십포인트: L.POINT 적립
유의사항: 꼭 확인하세요!"
1628,삼성비즈니스매니저카드,삼성카드,,"20,000","캐시백: 비즈캐시백포인트 적립
주유: S-OIL 리터당 80포인트 적립
비즈니스: 비즈니스 서비스
경기관람: 프로스포츠 프로모션 서비스
교통: 대중교통상해보험 무료가입
프리미엄: VISA 서비스
유의사항: 꼭 확인하세요!"
1629,신한카드 The ACE,신한카드,,"500,000","적립: 마이신한포인트 0.5% & 항공마일리지 동시 적립서비스
대한항공 1,500원당 1마일리지/아시아나 1,000원당 1마일리지
여행/숙박: The ACE Travel 옵션 서비스 연 1회, 1가지 제공
골프: 주중 부킹대행 및 회원대우
골프 홀인원 축하서비스
생활: 스마트폰 프리미엄 서비스
프리미엄 리무진 특별할인, 신한은행 금융우대 서비스
여행/숙박: 특급호텔 사우나 무료 입장
JDC 면제점 8% 할인, 아시아나 항공할인
프리미엄: VISA 시그니처
mastercard 다이아몬드 서비스
유의사항: 꼭 확인하세요!"
1630,한화생명 Family카드 (골프형),우리카드,,"5,000","주유: SK주유소(LPG포함) 주유 할인
교통: 대중교통 건당 50~100원 청구할인
택시 5% 청구할인 / KTX 10% 할인 
여행/숙박: 국내선 5%, 국제선 7% 발권 수수료 할인 (횟수제한 없음)
롯데렌터카 35% 현장할인
통신: KT, SKT, LGU+ 매월 청구금액의 3% 청구할인
할인: 다양한 통합할인 혜택
- 커피, 베이커리 10% 청구할인 / 마트, 편의점 5% 청구할인
테마파크: 놀이공원 자유이용권 50% 현장할인
영화: 영화관 할인
여행/숙박: 여행서비스 할인
골프 라운지 혜택
기타: 한화그룹 계열사 서비스
유의사항: 꼭 확인하세요!"
1631,삼성비즈니스플래티늄카드,삼성카드,,"20,000","멤버십포인트: 0.2%~1.2% 빅포인트 적립
주유: S-OIL 리터당 80포인트 적립
비즈니스: 비즈니스 서비스
경기관람: 프로스포츠 프로모션 서비스
교통: 대중교통상해보험 무료가입
무이자할부: 백화점 및 할인점 무이자할부
프리미엄: VISA 서비스
유의사항: 꼭 확인하세요!"
1632,위메이크프라이스 롯데포인트플러스카드,롯데카드,"5,000","10,000","쇼핑: 위메이크프라이스 청구할인
기타: 더블 포인트 적립 서비스
헤어: 미용실 최대 20% 할인
경기관람: 롯데 자이언츠 20% 할인
쇼핑: 쇼핑 최대 10%할인 및 무이자할부 혜택
OTT/영화/문화: 뮤지컬, 연극 등 공연 10~30% 할인
주유소: SK주유소 리터당 SK주유포인트 50원적립
기타: L.POINT 및 SK 주유포인트 적립
유의사항: 꼭 확인하세요!"
1633,하나은행 롯데포인트 플러스 GRANDE 체크카드,롯데카드,,,"멤버십포인트: 일반 가맹점 0.5% L.POINT 적립
멤버십포인트: 더블 포인트 적립 서비스
은행사: 하나은행 IC현금카드 기능
연회비지원: 연회비 면제 및 SMS 무료 서비스
헤어: 미용실 최대 20% 할인
쇼핑: 롯데백화점, 롯데ON, 롯데마트, 롯데슈퍼, 토이저러스 혜택
영화: 롯데시네마 관람료 1,500원 청구할인
멤버십포인트: L.POINT 적립
유의사항: 꼭 확인하세요!"
1634,하우머치 롯데카드,롯데카드,,"5,000","기타: 하우머치 인슈포인트 0.5% 적립
보험: 자동차보험료 최대 3만원 할인
헤어: 미용실 최대 20% 할인
경기관람: 롯데 자이언츠 20% 할인
쇼핑: 롯데백화점, 롯데ON, 롯데면세점, 롯데마트, 롯데슈퍼, 토이저러스 혜택
OTT/영화/문화: 롯데시네마, 뮤지컬, 연극 할인
주유소: SK주유소 리터당 SK주유포인트 50원적립
멤버십포인트: L.POINT 적립
유의사항: 꼭 확인하세요!"
1635,하이카다이렉트 롯데포인트플러스카드,롯데카드,"5,000","10,000","보험: 하이카다이렉트 자동차보험료 할인
정비: 스피드메이트 자동차 정비 서비스
멤버십포인트: 더블 포인트 적립 서비스!
헤어: 미용실 최대 20% 할인
테마파크: 놀이공원 최대 50% 할인
경기관람: 롯데 자이언츠 20% 할인
쇼핑: 롯데백화점, 롯데ON, 롯데면세점, 롯데마트, 롯데슈퍼, 토이저러스 혜택
항공권: 해외항공권, 해외여행상품, 해외호텔 할인
OTT/영화/문화: 롯데시네마, 뮤지컬, 연극 할인
패밀리레스토랑: 보네스뻬, T.G.I.F, 롯데리아, 엔제리너스커피, 나뚜루 할인
주유소: SK주유소 리터당 SK주유포인트 50원적립
멤버십포인트: L.POINT 적립
유의사항: 꼭 확인하세요!"
1636,한국납세자연맹 롯데포인트플러스카드,롯데카드,"5,000","10,000","프리미엄 서비스: 한국납세자연맹 프리미엄 서비스 제공
멤버십포인트: 더블 포인트 적립 서비스!
연회비지원: 차년도 연회비 면제
헤어: 미용실 최대 20% 할인
경기관람: 롯데 자이언츠 20% 할인
쇼핑: 롯데백화점, 롯데ON, 롯데면세점, 롯데마트, 롯데슈퍼, 토이저러스 혜택
공연/전시: 뮤지컬, 연극 할인
패밀리레스토랑: 보네스뻬, T.G.I.F, 롯데리아, 엔제리너스커피, 나뚜루 할인
주유소: SK주유소 리터당 SK주유포인트 50원적립
멤버십포인트: L.POINT 적립
유의사항: 꼭 확인하세요!"
1637,삼성카드5,삼성카드,"12,000","15,000","모든가맹점: 빅포인트 0.5% 기본적립
쇼핑: 쇼핑 빅포인트 2% 기본적립 (삼성카드5/5+)
교육/육아: 교육 5% 빅포인트 적립
주유: S-OIL 리터당 40 보너스포인트 적립
카페/디저트: 파리바게뜨·배스킨라빈스·던킨도너츠 10% 결제일할인
테마파크: 주요 놀이공원 입장권 및 자유이용권 할인
무이자할부: 쇼핑·교육 2·3개월 무이자할부
경기관람: 프로스포츠 경기 할인
유의사항: 꼭 확인하세요!"
1638,백년지대계 삼성카드 5,삼성카드,"12,000","15,000","모든가맹점: 빅포인트 0.5% 기본적립
쇼핑: 쇼핑 빅포인트 2% 기본적립 (삼성카드5/5+)
교육/육아: 교육 5% 빅포인트 적립
주유: S-OIL 리터당 40 보너스포인트 적립
멤버십포인트: 세이브포인트 및 선포인트 적립
OTT/영화/문화: 영화 할인
정비: 닥터카서비스
카페/디저트: 파리바게뜨·배스킨라빈스·던킨도너츠 10% 결제일할인
테마파크: 주요 놀이공원 입장권 및 자유이용권 할인
무이자할부: 쇼핑·교육 2·3개월 무이자할부
경기관람: 프로스포츠 경기 할인
유의사항: 꼭 확인하세요!"
1639,딸기가좋아 삼성카드 5,삼성카드,"12,000","15,000","모든가맹점: 빅포인트 0.5% 기본적립
쇼핑: 쇼핑 빅포인트 2% 기본적립 (삼성카드5/5+)
교육/육아: 교육 5% 빅포인트 적립
멤버십포인트: 세이브포인트 및 선포인트 적립
주유: S-OIL 리터당 40 보너스포인트 적립
테마파크: 딸기가 좋아 및 주요 놀이공원 할인 
카페/디저트: 파리바게뜨·배스킨라빈스·던킨도너츠 10% 결제일할인
정비: 닥터카서비스
OTT/영화/문화: 영화 할인
경기관람: 프로스포츠 경기 할인
여행/숙박: 삼성카드여행센터 할인
무이자할부: 쇼핑·교육 2·3개월 무이자할부
유의사항: 꼭 확인하세요!"
1640,삼성카드 5 V2,삼성카드,"18,000","20,000","모든가맹점: 업종별 0.5%~1% 빅포인트 적립
교육/육아: 학원·서점·학습지 등 5% 결제일할인
주유: S-OIL 리터당 40 보너스포인트 적립
카페/디저트: 커피전문점·파리바게뜨·배스킨라빈스·던킨도너츠 10% 결제일할인
테마파크: 어린이 직업체험 테마파크 및 주요 놀이공원 할인
OTT/영화/문화: CGV 3,000원 할인
경기관람: 프로스포츠 경기 할인
유의사항: 꼭 확인하세요!"
1641,삼성카드 5+,삼성카드,"115,000","120,000","바우처: 플러스 기프트 10만원 결제일할인
쇼핑: 쇼핑 빅포인트 2% 기본적립 (삼성카드5/5+)
교육/육아: 교육 5% 빅포인트 적립
멤버십포인트: 빅포인트 0.5% 기본적립
주유: GS칼텍스, S-OIL 주유시 포인트 적립
푸드: 아웃백 30% 할인
카페/디저트: 파리바게뜨·배스킨라빈스·던킨도너츠 10% 결제일할인
테마파크: 주요 놀이공원 입장권 및 자유이용권 할인
무이자할부: 쇼핑·교육 2·3개월 무이자할부
경기관람: 프로스포츠 경기 할인
여행/숙박: VISA 서비스
유의사항: 꼭 확인하세요!"
1642,북크 삼성카드 5,삼성카드,"12,000","15,000","도서: VOOK 현장할인
모든가맹점: 빅포인트 0.5% 기본적립
쇼핑: 쇼핑 빅포인트 2% 기본적립 (삼성카드5/5+)
교육/육아: 교육 5% 빅포인트 적립
주유: S-OIL 리터당 40 보너스포인트 적립
멤버십포인트: 세이브포인트 및 선포인트 적립
OTT/영화/문화: 영화 할인
푸드: 아웃백·파리바게뜨·배스킨라빈스·던킨도너츠 10% 결제일할인
정비: 닥터카서비스
테마파크: 주요 놀이공원 입장권 및 자유이용권 할인
무이자할부: 쇼핑·교육 및 모든가맹점 무이자할부
경기관람: 프로스포츠 경기 할인
여행/숙박: 삼성카드여행센터 할인
유의사항: 꼭 확인하세요!"
1643,Gvalley 삼성카드 5,삼성카드,"12,000","15,000","교육/육아: 교육 5% 빅포인트 적립
모든가맹점: 빅포인트 0.5% 기본적립
쇼핑: 쇼핑 빅포인트 2% 기본적립 (삼성카드5/5+)
주유: S-OIL 리터당 40 보너스포인트 적립
카페/디저트: 파리바게뜨·배스킨라빈스·던킨도너츠 10% 결제일할인
테마파크: 주요 놀이공원 입장권 및 자유이용권 할인
무이자할부: 쇼핑·교육 및 모든가맹점 무이자할부
경기관람: 프로스포츠 경기 할인
유의사항: 꼭 확인하세요!"
1644,Gvalley 삼성카드 3,삼성카드,"18,000","20,000","멤버십포인트: 업종별 0.5%~5% 빅포인트 적립
주유: S-OIL 리터당 40 보너스포인트 적립
영화: CGV 주중 50%·주말 25% 할인
패밀리레스토랑: 아웃백 20% 할인
테마파크: 놀이공원 및 워터파크 동반 1인무료·할인
경기관람: 프로스포츠 경기 할인
여행/숙박: American Express Selects 서비스
유의사항: 꼭 확인하세요!"
1645,백년지대계 삼성카드 7,삼성카드,"18,000","20,000","모든가맹점: 0.5%~3% 빅포인트 적립
멤버십포인트: 삼성전자 세이브포인트, 선포인트 적립 및 관계사 혜택
주유: S-OIL 리터당 40 보너스포인트 적립
경기관람: 프로스포츠 경기 할인
테마파크: 주요 놀이공원 입장권 및 자유이용권 할인
OTT/영화/문화: CGV 3,000원 할인
정비: 닥터카서비스
여행/숙박: 아멕스 서비스
유의사항: 꼭 확인하세요!"
1646,삼성카드 7 V2,삼성카드,"18,000","20,000","모든가맹점: 0.5%~2% 빅포인트 적립
홈쇼핑: 홈쇼핑 3,000원 결제일할인
병원/약국: 병원·약국 1,000원 결제일할인
OTT/영화/문화: CGV·롯데시네마 3,000원·6,000원 결제일할인
경기관람: 프로스포츠 프로모션 서비스
여행/숙박: 아멕스 서비스
유의사항: 꼭 확인하세요!"
1647,삼성카드 7+ V2,삼성카드,"38,000","40,000","모든가맹점: 0.5%~2% 빅포인트 적립
기타: 플러스 추가적립
홈쇼핑: 홈쇼핑 3,000원 결제일할인
병원/약국: 병원·약국 1,000원 결제일할인
OTT/영화/문화: CGV·롯데시네마 3,000원·6,000원 결제일할인
주유: 주유 5만원당 1,000원 결제일할인
경기관람: 프로스포츠 프로모션 서비스
호텔: 호텔 발렛파킹 서비스
유의사항: 꼭 확인하세요!"
1648,NH올원 Direct&DB손해보험카드,NH농협카드,"8,000","10,000","보험사: 보험료 결제금액에 따라 2~3만원 청구할인
주유: Sk에너지, 농협주유소 5% 청구할인(충전소 제외)
푸드: 국내음식점, 커피전문점, 제과점, 아이스크림점, 패밀리레스토랑 및 패스트푸드점 3% 청구할인
유의사항: 꼭 확인하세요!"
1649,삼성쇼핑캐시백체크카드,삼성카드,,,"쇼핑: 쇼핑 3%~8% 캐시백
카페/디저트: 커피 1,000원 캐시백
OTT/영화/문화: 영화 할인
주유: S-OIL 주유소 주유 시 리터당 40 보너스포인트 적립
경기관람: 프로스포츠 경기 할인
유의사항: 꼭 확인하세요!"
1650,화물복지 삼성카드,삼성카드,,,"주유소: S-OIL '화물차 우대 주유소' 및 GS칼텍스 '화물특화 주유소'에서 경유 주유 시 리터당 40원~100원 할인 및 적립
교통: 고속도로 통행료 10% 결제일할인(청구할인)
기타: 유가보조금 지급
기타: 부가세 환급 신고 편의서비스"
1651,화물복지 삼성체크카드,삼성카드,,,"주유소: S-OIL '화물차 우대 주유소' 및 GS칼텍스 '화물특화 주유소'에서 경유 주유 시 리터당 29원~70원 할인·캐시백·적립
기타: 유가보조금 지급
기타: 부가세 환급 신고 편의서비스"
1652,삼성루와드뱅카드,삼성카드,,"300,000","여행/숙박: 삼성카드여행센터 할인
경기관람: 프로스포츠 경기 할인
프리미엄: VISA SIGNATURE 등급 서비스
유의사항: 꼭 확인하세요!"
1653,트레이더스신세계 삼성카드 5,삼성카드,"12,000","15,000","베이커리: 파리바게뜨·배스킨라빈스·던킨도너츠 10% 결제일할인
테마파크: 놀이공원 자유이용권 50%·워터파크 입장권 30% 현장할인
백화점: 신세계백화점 5% 전자할인쿠폰 제공
대형마트: 이마트에서 건별 10만원 이상 결제 시 6,000원 결제일할인
멤버십포인트: 신세계백화점·이마트 이용 시 신세계포인트 적립
기타: 신세계백화점 무료주차권 월 2매 제공
무이자할부: 신세계백화점 5만원 이상 결제 시 2~3개월 무이자할부
이마트 5만원 이상 결제 시 2~3개월 무이자할부
생활: 쇼핑 및 교육 50,000원 이상 결제 시 2~3개월 무이자할부
경기관람: 2021년 프로스포츠 제휴 구단 정규시즌 홈 경기 할인 프로모션
적립: 빅포인트 최대 5% 적립"
1654,트레이더스 삼성카드 BIZ,삼성카드,"30,000","30,000","대형마트: 트레이더스에서 결제 시 1%~7% 결제일할인
모든가맹점: 국내외 가맹점 기본 0.5% 결제일할인
생활: 5대 업종 5% 결제일할인
비즈니스: 부가세환급 편의지원서비스"
1655,큰수레 화물복지 삼성카드,삼성카드,,,"주유: S-OIL '화물차 우대 주유소' 및 GS칼텍스 '화물특화 주유소'에서 경유 주유 시 리터당 40원~100원 할인 및 적립
교통: 고속도로 통행료 10% 결제일할인(청구할인)
기타: 유가보조금 지급
기타: 부가세 환급 신고 편의서비스"
1656,전자랜드 삼성카드 3 V2,삼성카드,"18,000","18,000","적립: 업종별 0.5%~2% 빅포인트 적립
쇼핑: 전자랜드 5% 결제일할인
통신: 이동통신요금 50,000만원 이상 자동납부 시 건별 1,000원 결제일할인
주유: 모든 주유소 및 LPG충전소 이용금액 50,000원당 1,000원 결제일할인
영화: CGV 및 롯데시네마 3,000원·6,000원 결제일할인
자동차: 엔진오일 교환 시 20,000원 현장할인"
1657,전우사랑 패밀리 삼성카드,삼성카드,"20,000","20,000","모든가맹점: 국내 가맹점 기본 0.5% 빅포인트 적립
생활: 음식점·병원·약국·해외 1% 빅포인트 적립
쇼핑: 할인점·주유·온라인쇼핑몰 1.5% 빅포인트 적립
영화: 영화 티켓 12,000원 이상 결제 시 5,000원 결제일할인
통신: 이동통신요금 50,000원 이상 자동납부 시 2,000원 결제일할인"
1658,롯데관광 삼성빅앤빅카드,삼성카드,,"20,000","멤버십포인트: 업종별 0.5%~5% 빅포인트 적립
여행/숙박: 롯데관광 해외여행패키지 5% 할인
OTT/영화/문화: CGV 주중 50%·주말 25% 할인
테마파크: 놀이공원 및 워터파크 동반 1인무료·할인
정비: 닥터카서비스
주유: S-OIL 리터당 40 보너스포인트 적립
경기관람: 프로스포츠 경기 할인
프리미엄: 아멕스 서비스
유의사항: 꼭 확인하세요!"
1659,전우사랑 삼성카드,삼성카드,"10,000","10,000","모든가맹점: 국내 가맹점 기본 0.5% 결제일할인
생활: 음식점·병원·약국·해외 1% 결제일할인
쇼핑: 할인점·온라인쇼핑몰 1.5% 결제일할인
영화: 영화 티켓 12,000원 이상 결제 시 5,000원 결제일할인
베이커리: 제과점 5% 결제일할인
테마파크: 놀이공원 자유이용권 50%·워터파크 입장권 30% 현장할인
기타: 위국헌신 전우사랑 기금 적립"
1660,전국24시콜화물 화물복지 삼성카드,삼성카드,,,"주유소: S-OIL '화물차 우대 주유소' 및 GS칼텍스 '화물특화 주유소'에서 경유 주유 시 리터당 40원~100원 할인 및 적립
교통: 고속도로 통행료 10% 결제일할인(청구할인)
기타: 유가보조금 지급
기타: 부가세 환급 신고 편의서비스"
1661,웰스 삼성카드,삼성카드,"15,000","15,000","렌탈 : 웰스 렌탈료 자동납부 시 7,000원~13,000원 결제일할인
생활: 생활요금 자동납부 10,000원 이상 결제건별 1,000원 결제일할인"
1662,웰스 삼성카드(할부),삼성카드,"15,000","15,000","렌탈 : 웰스 렌탈료 자동납부 시 7,000원~13,000원 결제일할인
생활: 생활요금 자동납부 10,000원 이상 결제건별 1,000원 결제일할인
기타: 웰스 상품 구매 시 24·36개월 라이트할부 제공"
1663,에스원 안심 삼성카드 BIZ,삼성카드,"15,000","15,000","기타: 에스원 보안서비스요금 카드 자동납부 시 15,000원까지 결제일할인
비즈니스: 세무지원 서비스"
1664,디큐브 삼성더아파트카드,삼성카드,"10,000","12,000","멤버십포인트: 빅포인트 적립 및 보너스 포인트 적립
주유: S-OIL 주유소 주유 시 리터당 40 보너스포인트 적립
생활: 아파트관리비 Info서비스
테마파크: 주요 놀이공원 입장권 및 자유이용권 할인
경기관람: 프로스포츠 경기 할인
OTT/영화/문화: 영화 할인
여행/숙박: 삼성카드여행센터 할인
유의사항: 꼭 확인하세요!"
1665,에버리치 삼성체크카드,삼성카드,,,"주유소: S-OIL 주유소 주유 시 리터당 40 보너스포인트 적립
금융: 생활요금 자동납부 10,000원 이상 결제건별 1,000원 결제일할인
경기관람: 2021년 프로스포츠 제휴 구단 정규시즌 홈 경기 할인 프로모션"
1666,SK에너지 전국24시콜화물 화물복지 삼성카드,삼성카드,,,"주유소: SK에너지 ‘내트럭플러스 주유소’ 에서 경유 주유 시 리터당 40원~70원 할인
교통: 고속도로 통행료 10% 결제일할인(청구할인)
기타: 유가보조금 지급
기타: 부가세 환급 신고 편의서비스"
1667,SK에너지 큰수레 화물복지 삼성카드,삼성카드,,,"주유소: SK에너지 ‘내트럭플러스 주유소’ 에서 경유 주유 시 리터당 40원~70원 할인
교통: 고속도로 통행료 10% 결제일할인(청구할인)
기타: 유가보조금 지급
기타: 부가세 환급 신고 편의서비스"
1668,SK에너지 화물복지 삼성카드,삼성카드,,,"주유소: SK에너지 ‘내트럭플러스 주유소’ 에서 경유 주유 시 리터당 40원~70원 할인
교통: 고속도로 통행료 10% 결제일할인(청구할인)
기타: 유가보조금 지급
기타: 부가세 환급 신고 편의서비스"
1669,SK에너지 화물복지 삼성체크카드,삼성카드,,,"주유소: SK에너지 ‘내트럭플러스 주유소’ 에서 경유 주유 시 리터당 20원~50원 할인·캐시백
기타: 유가보조금 지급
기타: 부가세 환급 신고 편의서비스"
1670,SK매직 삼성카드,삼성카드,"15,000","15,000","렌탈 : SK매직 렌탈료 7,000원~13,000원 결제일할인
생활: 생활요금 자동납부 10,000원 이상 결제건별 1,000원 결제일할인"
1671,SK매직 삼성카드 (할부),삼성카드,"15,000","15,000","렌탈 : SK매직 렌탈료 7,000원~13,000원 결제일할인
생활: 생활요금 자동납부 10,000원 이상 결제건별 1,000원 결제일할인
기타: SK매직 상품 구매 시 24·36개월 무이자할부 제공"
1672,삼성더아파트카드,삼성카드,"10,000","12,000","멤버십포인트: 업종별 5% 빅포인트 특별 적립
생활: 아파트관리비 Info서비스
주유: S-OIL 주유소 주유 시 리터당 40 보너스포인트 적립
테마파크: 주요 놀이공원 입장권 및 자유이용권 할인
경기관람: 프로스포츠 경기 할인
OTT/영화/문화: 영화 할인
유의사항: 꼭 확인하세요!"
1673,S-OIL 삼성카드 & POINT,삼성카드,"10,000","12,000","주유: S-OIL 주유소에소 주유 시 리터당 80 빅포인트 적립
적립: 업종별 1%~3% 빅포인트 적립
베이커리: 파리바게뜨·배스킨라빈스·던킨도너츠 10% 결제일할인(청구할인)
영화: CGV 현장 결제 시 3,000원 현장할인 및 온라인 예매 시 3,000원 즉시할인"
1674,삼성다이닝캐시백체크카드,삼성카드,,,"푸드: 음식점 3%~8% 캐시백
카페/디저트: 커피 1,000원 캐시백
주유: S-OIL 주유소 주유 시 리터당 40 보너스포인트 적립
OTT/영화/문화: 영화 할인
경기관람: 프로스포츠 경기 할인
유의사항: 꼭 확인하세요!"
1675,T 라이트 삼성카드,삼성카드,"25,000","25,000","SKT: SKT 대상 기종 구매 시 24·36개월 라이트할부 제공
SKT: SKT라이트할부 이용 시, SKT 라이트할부 월 납부금액 10,000원~20,000원 결제일할인(청구할인)
SKT: SKT 라이트할부 미이용 시, SKT 통신요금 자동납부금액 3,000원~8,000원 결제일할인(청구할인)
카페: 커피전문점 5% 결제일할인
기타: 편의점·배달앱 5% 결제일할인"
1676,신세계인터내셔날 삼성카드,삼성카드,"25,000","25,000","쇼핑: 신세계인터내셔날 브랜드 10% 결제일할인
쇼핑: 신세계인터내셔날 브랜드·신세계백화점 1%·2% 결제일할인
카페: 스타벅스 20% 결제일할인
간편결제: 온라인 간편결제 1% 결제일할인
해외: 해외 1.5% 결제일할인
기타: 신세계백화점 제휴 서비스
프리미엄 서비스: Mastercard 프리미엄 서비스
공항라운지: 인천·김포·김해공항 라운지 본인 이용 무료"
1677,삼성금융카드,삼성카드,,"17,000","보험사: 10,000원당 4 금융마일리지 적립
주유: S-OIL 주유소 주유 시 리터당 40 보너스포인트 적립
테마파크: 주요 놀이공원 입장권 및 자유이용권 할인
경기관람: 프로스포츠 경기 할인
여행/숙박: 삼성카드여행센터 할인
유의사항: 꼭 확인하세요!"
1678,신세계이마트 삼성카드 7,삼성카드,"18,000","20,000","쇼핑: 신세계백화점·이마트 제휴 혜택
적립: 0.5%~3% 빅포인트 적립
무이자할부: 주말 2~3개월 무이자할부
무이자할부: 삼성관계사 3개월 무이자할부
혜택5: 설명 없음
영화: CGV 3,000원 할인"
1679,삼성로즈플래티늄카드,삼성카드,,"50,000","기타: 기프트
쇼핑: 정원e샵 15% 할인
무이자할부: 모든 제휴점 2~3개월 무이자할부
모든가맹점: 국내외 모든 제휴점 0.5% 빅포인트 적립
주유: S-OIL 리터당 40 보너스포인트 적립
테마파크: 주요 놀이공원 입장권 및 자유이용권 할인
OTT/영화/문화: 영화 할인
프리미엄: VISA/ mastercard PLATINUM 등급 서비스
경기관람: 프로스포츠 프로모션 서비스
유의사항: 꼭 확인하세요!"
1680,삼성골프플래티늄카드,삼성카드,,"120,000","골프: SBS골프닷컴 골드회원 서비스
항공권: 국내 왕복항공권 동반 1인 무료제공
주유: S-OIL 리터당 40 보너스포인트 적립
테마파크: 주요 놀이공원 입장권 및 자유이용권 할인
경기관람: 프로스포츠 프로모션 서비스
무이자할부: 주요 백화점 무이자할부
자동차/하이패스: 인천공항 주차요금 12,000원 결제일할인
프리미엄: VISA/ mastercard PLATINUM 등급 서비스
유의사항: 꼭 확인하세요!"
1681,한국새생명복지재단 롯데체크 카드,롯데카드,,,"병원: 한국새생명복지재단 협력가맹점 우대서비스
기타: 카드이용금액 0.2% 복지기금 적립
연회비지원: 연회비 면제 및 SMS 무료 서비스
헤어: 미용실 최대 20% 할인
테마파크: 놀이공원 최대 50% 할인
경기관람: 롯데 자이언츠 20% 할인
쇼핑: 롯데백화점, 롯데ON, 롯데마트, 롯데슈퍼, 토이저러스 혜택
항공권: 여행서비스
패밀리레스토랑: 보네스뻬, T.G.I.F 할인
주유소: SK주유소 리터당 SK주유포인트 50원적립
멤버십포인트: L.POINT 적립
유의사항: 꼭 확인하세요!"
1682,한국새생명복지재단 롯데카드,롯데카드,,"10,000","캐시백: 첫 이용축하 10,000원 청구할인
기타: 카드이용금액 0.2% 복지기금 적립
병원: 한국새생명복지재단 협력가맹점 우대서비스
헤어: 미용실 최대 20% 할인
경기관람: 롯데 자이언츠 20% 할인
쇼핑: 롯데백화점, 롯데ON, 롯데면세점, 롯데마트, 롯데슈퍼, 토이저러스 혜택
OTT/영화/문화: 롯데시네마, 뮤지컬, 연극 할인
주유소: SK주유소 리터당 SK주유포인트 50원적립
멤버십포인트: L.POINT 적립
유의사항: 꼭 확인하세요!"
1683,한국투자증권 CMA 롯데체크카드,롯데카드,,,"증권사: 한국투자증권 CMA 서비스
통신: 통신요금 자동이체 할인 서비스
테마파크: 놀이공원 종합이용권 할인
경기관람: 롯데 자이언츠 20% 할인
쇼핑: 롯데백화점, 롯데ON 할인
영화: 롯데시네마 관람료 1,500원 청구할인
패밀리레스토랑: T.G.I.F, 롯데리아, 엔제리너스커피, 나뚜루 할인
주유소: SK주유소 리터당 SK주유포인트 50원적립
멤버십포인트: L.POINT
유의사항: 꼭 확인하세요!"
1684,한샘 롯데카드,롯데카드,"10,000","15,000","인테리어: 한샘 상품 구매 가격에 따라 할인!! 그리고 L.POINT 2% 적립
연회비지원: 연회비 면제
쇼핑: 롯데백화점, 롯데면세점, 두타면세점, 롯데ON, 롯데마트, 롯데슈퍼, 토이저러스 혜택
레저/스포츠: 롯데월드, 롯데시네마, 롯데자이언츠 할인
패밀리레스토랑: T.G.I FRiDAY'S, 미스터피자 할인
멤버십포인트: L.POINT
유의사항: 꼭 확인하세요!"
1685,아모레퍼시픽 뷰티포인트 롯데체크카드,롯데카드,,,"화장품: 아모레퍼시픽 5% 할인
화장품: 아모레퍼시픽 뷰티포인트 추가 적립서비스
백화점: 롯데백화점 5% 현장 할인
테마파크: 롯데월드 본인종합이용권 50% 할인
기타: L.POINT 적립/사용카드로 이용
유의사항: 꼭 확인하세요!"
1686,아모레퍼시픽 뷰티포인트 롯데카드,롯데카드,"10,000","15,000","화장품: 아모레퍼시픽 최대 10% 할인
화장품: 아모레퍼시픽 뷰티포인트 추가 적립서비스
기타: L.POINT + 아모레 뷰티포인트 적립 서비스
쇼핑: 롯데백화점 5% 현장할인
테마파크: 롯데월드 본인종합이용권 50% 할인
기타: L.POINT 적립/사용카드로 이용
유의사항: 꼭 확인하세요!"
1687,아이랑 롯데체크카드,롯데카드,,,"기타: 유아 완구, 제대혈보관 할인 서비스
기타: 유아 쇼핑, 교육, 여가, 문화 상품 할인 서비스
헤어: 미용실 최대 20% 할인
테마파크: 롯데월드 종합이용권 50% 할인
경기관람: 롯데 자이언츠 20% 할인
쇼핑: 롯데백화점 5% 할인 e-쿠폰 및 무료 주차권 제공
여행/숙박: 여행서비스
푸드: 외식 10% 할인
주유소: SK주유소 리터당 SK주유포인트 50원적립
기타: 포인트 적립
유의사항: 꼭 확인하세요!"
1688,아이랑 롯데카드,롯데카드,"5,000","15,000","기타: 유아 쇼핑, 교육, 여가, 문화 상품 할인서비스
기타: 유아 완구, 포토스튜디오, 제대혈보관 할인서비스
헤어: 미용실 최대 20% 할인
경기관람: 롯데 자이언츠 20% 할인
쇼핑: 롯데백화점 5% 할인 e-쿠폰 및 무료 주차권 제공
OTT/영화/문화: 뮤지컬, 연극 등 공연 10~30% 할인
주유소: SK주유소 리터당 SK주유포인트 50원적립
기타: 포인트 적립
유의사항: 꼭 확인하세요!"
1689,아이북랜드 독서천재 롯데카드,롯데카드,"10,000","12,000","교육/육아: 아이북랜드 결제 시 최대 10% 할인
기타: L.POINT 1만점 적립 (2012.1.31까지)
헤어: 미용실 최대 20% 할인
경기관람: 롯데 자이언츠 20% 할인
쇼핑: 롯데백화점 5% 할인 e-쿠폰 및 무료 주차권 제공
주유소: SK주유소 리터당 SK주유포인트 50원적립
OTT/영화/문화: 롯데시네마 관람료 1,500원 청구할인
푸드: 외식 10% 할인
유의사항: 꼭 확인하세요!"
1690,아이챌린지 롯데카드,롯데카드,,"10,000","학습지: 아이챌린지 이용 시 최대 10%청구할인
학습지: 아이챌린지 이용 시 최대 6개월 무이자할부
헤어: 미용실 최대 20% 할인
테마파크: 놀이공원 50% 할인
경기관람: 롯데 자이언츠 20% 할인
쇼핑: 롯데백화점 5% 할인 e-쿠폰 및 무료 주차권 제공
여행/숙박: 여행 서비스
OTT/영화/문화: 롯데시네마 관람료 1,500원 청구할인
푸드: 외식 10%  할인
주유소: SK주유소 리터당 SK주유포인트 50원적립
기타: 포인트 적립
유의사항: 꼭 확인하세요!"
1691,알라딘 Magic 롯데카드,롯데카드,"10,000","15,000","도서: 알라딘 이용 시 13~ 25% 할인
도서: 알라딘 중고샵 20% 할인쿠폰
도서: 알라딘 결제금액 5% 추가적립
헤어: 미용실 최대 20% 할인
경기관람: 롯데 자이언츠 20% 할인
쇼핑: 롯데백화점 5% 할인 e-쿠폰 및 무료 주차권 제공

OTT/영화/문화: 롯데시네마 관람료 1,500원 청구할인
푸드: 외식 10% 할인
기타: L.POINT 적립
유의사항: 꼭 확인하세요!"
1692,패션그룹 형지 롯데카드,롯데카드,"5,000","10,000","쇼핑: 패션그룹 형지 최대 15%, 월 최대 5만원 할인 
유의사항: 꼭 확인하세요!"
1693,포인트플러스 Penta 카드,롯데카드,"8,000","10,000","해외: [5대 생활업종 특별적립 서비스] 해외가맹점 이용금액 최대 5% 적립
온라인쇼핑: [5대 생활업종 특별적립 서비스] 인터넷쇼핑몰 이용금액 최대 5% 적립
패밀리레스토랑: [5대 생활업종 특별적립 서비스] 패밀리레스토랑 이용금액 최대 5% 적립
카페/디저트: [5대 생활업종 특별적립 서비스] 식음료 이용금액 최대 5% 적립
대중교통: [5대 생활업종 특별적립 서비스] 대중교통 이용금액 최대 5% 적립
적립: L.POINT 제휴사 더블 포인트 적립 서비스
해외이용: 은련(UnionPay) 카드 서비스
무이자할부: 슬림·무이자할부 서비스
유의사항: 꼭 확인하세요!"
1694,행복한대한민국체크카드(비씨),NH농협카드,,,"기타: 법정 국경일 서비스 
BC TOP: BC TOP포인트 적립
주유: GS칼텍스 주유소 할인 
여행/숙박: 전국 유명호텔ㆍ콘도 30∼70% 할인
면세점 할인 쿠폰 제공(동화, 워커힐, 한국관광공사)
유의사항: 꼭 확인하세요! "
1695,한화생명 Family 카드 (문화형),우리카드,,"5,000","주유: SK주유소(LPG포함) 주유 할인
교통: 대중교통 건당 50~100원 청구할인
택시 5% 청구할인 / KTX 10% 할인 
여행/숙박: 국내선 5%, 국제선 7% 발권 수수료 할인 (횟수제한 없음)
롯데렌터카 35% 현장할인
통신: KT, SKT, LGU+ 매월 청구금액의 3% 청구할인
할인: 다양한 통합할인 혜택
- 커피, 베이커리 10% 청구할인 / 마트, 편의점 5% 청구할인
테마파크: 놀이공원 자유이용권 50% 현장할인
영화: 영화관 할인
여행/숙박: 여행서비스 할인
뮤지컬, 연극 등 공윤 할인 및 이벤트 제공
기타: 한화그룹 계열사 서비스
유의사항: 꼭 확인하세요!"
1696,우리성당카드 다모아포인트,우리카드,,"5,000","적립: 국내 모든 가맹점 0.5% 기부포인트 적립
특별적립 1.5% 적립 / 연간 3만 보너스 포인트 적립 
기타: Two-in-One 결제서비스
카드 ""Touching""서비스 
영화: 전국 영화관 3천원 청구할인
테마파크: 주요 놀이공원 자유이용권 50% 현장할인
패밀리레스토랑: 패밀리레스토랑 10% 청구할인
카페: 패밀리레스토랑 10% 청구할인
유의사항: 꼭 확인하세요!"
1697,평생교육희망카드(비씨),NH농협카드,,,"모든가맹점: 국내 전 가맹점에서 0.2% 할인 
교육/육아:  평생교육 바우처 제공 
유의사항: 꼭 확인하세요! "
1698,中國 通(중국통)체크카드,NH농협카드,,,"해외: 중국 내 서비스 
BC TOP: 국내 신판 이용액의 0.1% TOP포인트 적립 
OTT/영화/문화: 인터넷 영화 예매 2,000원 정액할인
YES24, 교보문고, 영풍문고 2,000원 정액 할인(인터넷 결제시만 할인)
면세점: 국내면세점 5~15% 할인쿠폰 제공 
카페: 스타벅스, 커피빈 10% 할인 
유의사항: 꼭 확인하세요! "
1699,한화생명 Family 체크카드,우리카드,,,"주유: SK주유소(LPG포함) 40원/L 청구할인
대중교통: 전국 버스, 지하철 건당 50원 청구할인
통신: 휴대폰 요금 3% 청구할인
렌터카: 롯데렌터카 35% 현장할인
카페/디저트: 커피/베이커리 5% 청구할인
기타: 한화그룹 계열사 서비스
유의사항: 꼭 확인하세요!"
1700,국기원 단증카드,우리카드,,"12,000","적립: 위비마켓 2,0% / 생활영역 1.5% 위비꿀머니 적립
패스트푸드: 치킨/피자 10% 청구할인
영화: 전국 영화관 3,000원 청구할인
카페: 스타벅스, 이디야, 폴바셋 10% 할인
여행/숙박: 프리미엄 투어 서비스
멤버십포인트: 위비멤버스서비스
유의사항: 꼭 확인하세요!"
1701,국제학생증체크카드,우리카드,,"14,000","영화: 영화 1인당 3천원 할인 (동반자 1인 포함 최대 6천원)
테마파크: 놀이공원 할인
패밀리레스토랑: 패밀리레스토랑 10% 할인
카페: 스타벅스, 커피빈 20% 할인
교육/육아: TOEIC 응시료 2천원 할인
해외: 해외 로밍 할인 서비스
환율 우대
은행사: 현금 인출 수수료 면제 (우리은행 자동화기기)
SMS 무료제공
생활: 한진택배 할인
유의사항: 꼭 확인하세요!"
1702,FC EXPRESS 체크,우리카드,,,"해외: 해외이용금액 외화결제계좌 달러 인출
해외가맹점(해외직구 포함) 이용 시 이용수수료 면제
모든가맹점: 국내 전가맹점 0.3% 모아포인트 적립
유의사항: 꼭 확인하세요!"
1703,우리ONE 체크카드 국제ATM,우리카드,,,"해외: 해외ATM 이용 특화서비스
해외ATM 예금인출시 환율우대 30% 적용
교육/육아: 외국어학원, 유학원 업종 할인
토익응시료 할인
카페: 스타벅스, 커피빈 10% 청구할인
OTT/영화/문화: 영화관람권 1만원 이상 결제시 4천원 청구할인
인터넷서점 3천원 청구할인
통신: 일반전화, 인터넷전화, 이동통신, 인터넷 요금 카드자동이체시 3% 청구할인
유의사항: 꼭 확인하세요!"
1704,해병대 전우 롯데카드,롯데카드,"10,000","15,000","모든가맹점: [Daily 적립 서비스] 매일 이용한 금액에 따라 최대 2% 적립
카드사: 롯데카드 기본 서비스
유의사항: 꼭 확인하세요!"
1705,해병대 전우 롯데 포인트플러스 체크카드,롯데카드,,,"적립: L.POINT 제휴사 더블 포인트 적립 서비스
연회비지원: 연회비 면제 및 SMS 무료 서비스
카드사: 롯데카드 기본 서비스
유의사항: 꼭 확인하세요!"
1706,해병대 전우 롯데체크플러스 카드,롯데카드,,,"적립: L.POINT 제휴사 더블 포인트 적립 서비스
연회비지원: 연회비 면제 및 SMS 무료 서비스
하이브리드: [체크플러스] 계좌 잔고 부족 시 30만원 신용한도 제공 (체크+소액신용결제)
카드사: 롯데카드 기본 서비스
유의사항: 꼭 확인하세요!"
1707,KATA가득한 할인카드,우리카드,,"10,000","할인: 주요 9대 업종 5% 청구 할인
영화: 전국 영화관 3천원 청구할인
테마파크: 주요 놀이공원 자유이용권 50% 현장할인
패밀리레스토랑: 패밀리레스토랑 20% 현장할인
카페: 커피 20% 청구할인
기타: 카드 “Touching” 서비스 안내
유의사항: 꼭 확인하세요!"
1708,[문화] The Family 동부카드,우리카드,,"5,000","주유: SK주유소(LPG포함) 주유 할인
교통: 대중교통 건당 50~100원 청구할인
택시 5% 청구할인 / KTX 10% 할인 
여행/숙박: 국내선 5%, 국제선 7% 발권 수수료 할인 (횟수제한 없음)
롯데렌터카 35% 현장할인
통신: KT, SKT, LGU+ 매월 청구금액의 3% 청구할인
카페/디저트: 커피전문점 이용금액의 10% 청구할인
베이커리 이용금액의 10% 청구할인
마트/편의점: 대형마트 이용금액의 5% 청구할인
편의점 이용금액의 5% 청구할인
OTT/영화/문화: 전국 롯데시네마, CGV 2천원 청구할인 / 문화라운지 
놀이공원 자유이용권 50% 현장할인
여행/숙박: 여행 서비스 할인
유의사항: 꼭 확인하세요!"
1709,[골프] The Family 동부카드,우리카드,,"5,000","주유: SK주유소(LPG포함) 주유 할인
교통: 대중교통 건당 50~100원 청구할인
택시 5% 청구할인 / KTX 10% 할인 
여행/숙박: 국내선 5%, 국제선 7% 발권 수수료 할인 (횟수제한 없음)
롯데렌터카 35% 현장할인
통신: KT, SKT, LGU+ 매월 청구금액의 3% 청구할인
카페/디저트: 커피전문점 이용금액의 10% 청구할인
베이커리 이용금액의 10% 청구할인
마트/편의점: 대형마트 이용금액의 5% 청구할인
편의점 이용금액의 5% 청구할인
OTT/영화/문화: 전국 롯데시네마, CGV 2천원 청구할인 / 문화라운지 
놀이공원 자유이용권 50% 현장할인
여행/숙박: 여행 서비스 할인
골프: 골프 라운지
유의사항: 꼭 확인하세요!"
1710,카드의정석 HEROES,우리카드,"10,000","12,000","적립: 특별가맹점 5%~1% 모아포인트 적립
이외 국내가맹점 0.6% 모아포인트 적립
간편결제: 주요 간편결제 모아포인트 3% 추가적립
기타: 광복회 후원
유의사항: 꼭 확인하세요!"
1711,삼성카드 1 (포인트),삼성카드,"198,000","200,000","선택형: 기프트 옵션 서비스
멤버십포인트: 30,000 빅포인트 추가적립
모든가맹점: 1.2% 빅포인트 적립
주유: S-OIL 주유소 주유 시 리터당 40 보너스포인트 적립
OTT/영화/문화: CGV 주중 50%·주말 25% 할인
테마파크: 놀이공원 및 워터파크 할인
경기관람: 프로스포츠 경기 할인
프리미엄: 아멕스 서비스
유의사항: 꼭 확인하세요!"
1712,매직서비스 롯데카드,롯데카드,"12,000","15,000","공과금/렌탈: 매직서비스 렌탈료 결제시 청구할인
기타: L.POINT 적립
유의사항: 꼭 확인하세요!"
1713,카드의정석 Biz Platinum Discount,우리카드,"20,000","20,000","할인: 모든 가맹점 0.2% ~ 5% 청구할인    
배달앱: 배달앱 10% 청구할인
무이자할부: 모든 국내 가맹점 2~3개월 무이자할부 서비스 제공
비즈니스: 개인사업자 전용 세무지원 서비스
공항라운지: 전세계 1,000여개 공항라운지 무료 입장 서비스"
1714,세븐일레븐 멤버십롯데체크카드,롯데카드,,,"편의점: 세븐일레븐에서 결제 시 1,000원당 7포인트 적립
연회비지원: 연회비 면제 및 SMS 무료 서비스
헤어: 미용실 최대 20% 할인
테마파크: 테마파크 최대 50% 할인
레저/스포츠: 롯데 자이언츠 20% 할인
쇼핑: 롯데멤버스 제휴사 최대 10% 할인
여행/숙박: 롯데카드 여행서비스 최대 7% 할인
푸드: 외식 10% 할인
주유: SK주유소 리터당 SK주유포인트 50원적립
멤버십포인트: 국내 및 해외 가맹점에서 사용한 금액에 대해 L.POINT  0.2% 적립
유의사항: 꼭 확인하세요!"
1715,셀프페이 DC스마트 카드,롯데카드,"5,000","10,000","기타: 주요 생활업종 5%~10% 할인
연회비지원: 차년도 연회비 면제서비스
헤어: 미용실 최대 20% 할인
테마파크: 테마파크 최대 50% 할인
레저/스포츠: 롯데 자이언츠 20% 할인
쇼핑: 롯데멤버스 제휴사 최대 10% 할인
여행/숙박: 롯데카드 여행서비스 최대 7% 할인
OTT/영화/문화: 뮤지컬, 연극 등 공연 10~30% 할인
푸드: 외식 10% 할인
주유: SK주유소 리터당 SK주유포인트 50원적립
멤버십포인트: 국내 및 해외 가맹점에서 사용한 금액에 대해 L.POINT  0.2% 적립
유의사항: 꼭 확인하세요!"
1716,카드의정석 Biz Platinum,우리카드,"15,000","15,000","적립: 모아포인트  0.2% ~ 5% 적립
배달앱: 배달앱 10% 청구할인
무이자할부: 모든 국내 가맹점 2~3개월 무이자할부 서비스 제공
비즈니스: 개인사업자 전용 세무지원 서비스"
1717,신한카드 Hi-Point Nano Platinum#,신한카드,,"35,000","적립: Auto 8C2 적립
8개 생활필수 영역 중 가장 많이 이용한 2개 영역 추가적립
적립: 모든 가맹점 마이신한포인트 0.2~1.0% 적립
주유소: S-OIL/현대오일뱅크 리터당 60원 적립
레저/스포츠: 테마파크/워터파크 50%,30% 할인
인터파크/YES24 영화 1,500원 할인
기타: Platinum# 서비스
프리미엄: VISA 시그니처 서비스
mastercard 다이아몬드 서비스
유의사항: 꼭 확인하세요!"
1718,해피포인트 롯데카드,롯데카드,,"5,000","해피포인트: 해피포인트 가맹점 이용시 최고 20% 할인
적립: 해피포인트와 L.POINT 동시 적립
유의사항: 꼭 확인하세요!"
1719,맥스무비 롯데카드,롯데카드,,"5,000","OTT/영화/문화: 첫 사용축하 1만원 할인 및 3개월 무이자 할부
OTT/영화/문화: 맥스무비 2,000원 할인 및 1,000원 포인트 지급
유의사항: 꼭 확인하세요!"
1720,삼성카드 1 (아시아나),삼성카드,,"210,000","선택형: 기프트 옵션 서비스
아시아나항공: 아시아나마일리지 기본 적립 및 3,000 마일리지 추가적립
주유: S-OIL 주유소 주유 시 리터당 40 보너스포인트 적립
OTT/영화/문화: CGV 주중 50%·주말 25% 할인
무이자할부: 모든가맹점 무이자할
테마파크: 놀이공원 및 워터파크 할인
경기관람: 프로스포츠 경기 할인
프리미엄: 아멕스 서비스
유의사항: 꼭 확인하세요!"
1721,해피포인트 롯데체크카드,롯데카드,,,"해피포인트: 해피포인트 가맹점 이용 시 10% 할인
적립: 해피포인트 현장적립과 L.POINT 동시 적립
유의사항: 꼭 확인하세요!"
1722,쇼핑 세이브 카드,롯데카드,"3,000","3,000","쇼핑: 쇼핑세이브카드 서비스
주유: 주유포인트 적립서비스
멤버십포인트: L.POINT 적립서비스 제공
유의사항: 꼭 확인하세요!"
1723,삼성카드 1 (스카이패스),삼성카드,,"210,000","선택형: 기프트 옵션 서비스
대한항공: 스카이패스 기본 적립 및 2,000 마일리지 추가적립
주유: S-OIL 주유소 주유 시 리터당 40 보너스포인트 적립
OTT/영화/문화: CGV 주중 50%·주말 25% 할인
무이자할부: 모든가맹점 무이자할부
테마파크: 놀이공원 및 워터파크 할인
경기관람: 프로스포츠 경기 할인
프리미엄: 아멕스 서비스
유의사항: 꼭 확인하세요!"
1724,멋남 롯데카드,롯데카드,"5,000",,"쇼핑: 멋남과 비비드레스 이용 시 5~15% 청구할인

교통: 교통요금(버스, 지하철) 최대 7천원 청구할인
연회비지원: 전년도 카드 총 금액 200만원 이상 이용 시 당해년도 연회비 면제 서비스
뷰티/피트니스: 미용실 최대 20% 할인
레저/스포츠: 롯데 자이언츠 20% 할인
쇼핑: 롯데백화점 5% 할인 e-쿠폰 제공
OTT/영화/문화: 롯데시네마 관람료 1,500원 청구할인
푸드: 외식
주유: SK주유소 리터당 SK주유포인트 50원적립
유의사항: 꼭 확인하세요!"
1725,수박씨닷컴 롯데포인트플러스카드,롯데카드,"5,000","7,000","기타: 수박씨 닷컴 할인 서비스
멤버십포인트: 더블 포인트 적립 서비스
무이자할부: 6개월 슬림할부 및 2~3개월 무이자 할부 서비스
헤어: 미용실 최대 20% 할인
레저/스포츠: 롯데 자이언츠 20% 할인
쇼핑: 롯데멤버스 제휴사 최대 10% 할인
OTT/영화/문화: 뮤지컬, 연극 등 영화/공연 최대 30% 할인
푸드: 외식 10% 할인
주유: SK주유소 리터당 SK주유포인트 50원적립
멤버십포인트: L.POINT 적립
유의사항: 꼭 확인하세요!"
1726,그린카드 (서울형),우리카드,"2,000","5,000","적립: [에코머니 포인트 기본적립]
국내가맹점이용금액 최고 0.8% 적립
적립: [에코머니 포인트 추가적립]
가장 많이 사용한 2개업종 선정 당월 기본적립의 5배 추가적립
대중교통: 대중교통 10~20% 적립
무이자할부: 백화점, 대형할인점, 학원, 병의원 (업종) 2~3개월 무이자할부 (온라인제외)
기타: 에너지 절감 및 친환경 제품 구매 혜택
기타 혜택 및 안내사항
유의사항: 꼭 확인하세요!"
1727,삼성쇼핑플래티늄카드,삼성카드,,"20,000","쇼핑: 상품권포인트 10days 적립 및 쇼핑 무이자할부
주유: S-OIL 리터당 40 보너스포인트 적립
경기관람: 프로스포츠 경기 할인
테마파크: 주요 놀이공원 입장권 및 자유이용권 할인
정비: 닥터카서비스
카페/디저트: 스타벅스 1,000원 할인
OTT/영화/문화: 영화 할인
유의사항: 꼭 확인하세요!"
1728,신한카드 Hi-Point Nano f,신한카드,,"13,000","적립: 7개 라이프 스타일 영역 중 1개 1~5% 마이신한포인트 적립
적립: 전국 30여 거리 중 선택한 1개 거리의 패션/요식 업종 1~5% 적립
적립: 쇼핑 이용금액 1.0~5.0% 포인트 적립
적립: 모든 가맹점 0.2~2.0% 적립
주유소: S-OIL/현대오일뱅크 리터당 60원 적립
레저/스포츠: 테마파크/워터파크 50%,30% 할인
인터파크/YES24 영화 1,500원 할인
프리미엄: VISA 시그니처 서비스
mastercard 다이아몬드 서비스
유의사항: 꼭 확인하세요!"
1729,그린카드 (전국형),우리카드,"2,000","5,000","적립: [에코머니 포인트 기본적립]
국내가맹점이용금액 최고 0.8% 적립
적립: [에코머니 포인트 추가적립]
가장 많이 사용한 2개업종 선정 당월 기본적립의 5배 추가적립
대중교통: 대중교통 10~20% 적립
무이자할부: 백화점, 대형할인점, 학원, 병의원 (업종) 2~3개월 무이자할부 (온라인제외)
기타: 에너지 절감 및 친환경 제품 구매 혜택
기타 혜택 및 안내사항
유의사항: 꼭 확인하세요!"
1730,신한카드 Always On,신한카드,"1,000","1,000","적립: 1만원 이상 이용시 1천 포인트 기본적립
신한페이판 이용 실적 있는 경우 1천 포인트 특별적립
영화: YES24, 인터파크 영화 1,500원 할인
유의사항: 꼭 확인하세요!"
1731,로얄블루1000카드 [SKYPASS],우리카드,,"1,000,000","바우처: 100만원 상당 선택 제공 기프트 ①~⑤ 택 1 (연 1회)
프리미엄 서비스: CONCIERGE Service
항공마일리지: Airport Service
공항라운지/PP: Airport Service
골프: Golf Service
여행/숙박: Premium Service - Travel
쇼핑: Premium Service - Shopping
주유: Premium Service - Life style
유의사항: 꼭 확인하세요!"
1732,로얄블루1000카드 [ASIANA],우리카드,,"1,000,000","바우처: 선택 제공 기프트 ①~⑤ 택 1 (연 1회)
프리미엄 서비스: CONCIERGE
항공마일리지: Airport Service
공항라운지/PP: Airport Service
레저/스포츠: Golf Service
여행/숙박: Premium Service - Travel
쇼핑: Premium Service - Shopping
주유: Premium Service - Life style
유의사항: 꼭 확인하세요!"
1733,신한카드 2030,신한카드,"5,000","5,000","주유소: 현대오일뱅크 40포인트/L 적립
패밀리레스토랑: 패밀리레스토랑 최대 20% 할인
롯데호텔 할인 서비스
헤어: 미용실 15~20% 할인
마샬뷰티 15% 할인
테마파크: 테마파크 자유이용권 50% 할인
캐리비안베이 입장권 30% 할인
영화: 온라인 영화 1,500원 할인
지방 극장 1,500~3,000원 할인
경기관람: 스포츠 할인 서비스
유의사항: 꼭 확인하세요!"
1734,현대오일뱅크 드라이빙패스 카드,롯데카드,"8,000","12,000","주유소: [드라이빙패스 할인서비스] 현대오일뱅크 주유소 리터당 80원 할인
하이패스: [드라이빙패스 할인서비스] 하이패스 이용 요금 최대 30% 할인
교통: [드라이빙패스 할인서비스] 교통 이용 요금 10% 할인
대형마트: [드라이빙패스 할인서비스] 쇼핑 이용 요금 10% 할인
골프: [드라이빙패스 할인서비스] 그린피 결제 시 10% 할인
보험: 자동차 보험료 할인
카드사: 롯데카드 기본 서비스
유의사항: 꼭 확인하세요!"
1735,울산현대축구단 신한카드 2030,신한카드,,"5,000","주유소: 현대오일뱅크 40포인트/L 적립
패밀리레스토랑: 패밀리레스토랑 최대 20% 할인
롯데호텔 할인 서비스
헤어: 미용실 15~20% 할인
마샬뷰티 15% 할인
테마파크: 테마파크 자유이용권 50% 할인
캐리비안베이 입장권 30% 할인
영화: 온라인 영화 1,500원 할인
지방 극장 1,500~3,000원 할인
경기관람: 스포츠 할인 서비스
유의사항: 꼭 확인하세요!"
1736,스마일 Seller카드,현대카드,"5,000","8,000","적립: 스마일페이 가맹점에서 스마일페이 결제 시 2% 스마일캐시 적립
그 외 가맹점 1% 청구할인
비즈니스: 스마일 Seller카드 사업지원서비스"
1737,신한 Hi-Point 카드 Nano,신한카드,,"10,000","적립: 5개 선택업종 중, 선택한 1개 업종 1.0~5.0% 마이신한포인트 적립
적립: 50개 업체 중 선택한 3개 업체 1.0~5.0% 마이신한포인트 적립
쇼핑: 백화점 1~5% 적립
홈쇼핑/온라인몰, 해외사용 1~5% 적립
모든가맹점: 모든가맹점 0.2~2% 마이신한포인트 적립
주유소: S-OIL/현대오일뱅크 리터당 60원 적립
레저/스포츠: 테마파크/워터파크 50%,30% 할인
인터파크/YES24 영화 1,500원 할인
프리미엄: VISA 시그니처 서비스
mastercard 다이아몬드 서비스
유의사항: 꼭 확인하세요!"
1738,마이아모레 신한카드 체크,신한카드,,,"기타: 아모레 방문판매 10% 캐시백
아웃백, 스타벅스 5% 캐시백
은행사: 신한은행 온라인금융 및 CD/ATM 수수료 면제
여행우대 서비스
온라인쇼핑: 롯데닷컴 5% 마이신한포인트 적립
이마트몰 5% 마이신한포인트 적립
유의사항: 꼭 확인하세요!"
1739,넥슨 메이플스토리 신한카드 체크,신한카드,,,"게임: 넥슨 캐시 10% 캐시백
편의점: GS25 5% 캐시백
영화: CGV 10% 캐시백
유의사항: 꼭 확인하세요!"
1740,기본 맥스선불카드,신한카드,,,"적립: 모든가맹점 최대 0.2% 맥스포인트 적립
유의사항: 꼭 확인하세요!"
1741,ROYAL BLUE POINT,우리카드,"300,000","300,000","바우처: 프리미엄 기프트(연 1회, 택1)
여행/숙박: 프리미엄 여행기프트
공항라운지/PP: 공항라운지 - Priority Pass 카드 제공
적립: 모아포인트 1~2% 적립
프리미엄 서비스: 프리미엄 서비스 (주유/해외/여행보험)
유의사항: 꼭 확인하세요!"
1742,신세계이마트 삼성카드 5,삼성카드,"12,000","15,000","적립: 모든 제휴점 0.5% 빅포인트 적립
적립: 백화점·할인점·온라인 쇼핑몰 이용금액의 2% 빅포인트 적립
적립: 학원비, 유치원, 문화센터 등 5% 빅포인트 적립
적립: S-OIL 주유소 주유 시 리터당 40 보너스포인트 적립
베이커리: 파리바게뜨·배스킨라빈스·던킨도너츠 10% 결제일할인(청구할인)
테마파크: 놀이공원 자유이용권 50%·워터파크 입장권 30% 현장할인
백화점: 신세계백화점 5% 전자할인쿠폰 제공
대형마트: 이마트에서 건별 10만원 이상 결제 시 6,000원 결제일할인
멤버십포인트: 신세계백화점·이마트 이용 시 신세계포인트 적립
기타: 신세계백화점 무료주차권 월 2매 제공
무이자할부: 신세계백화점 5만원 이상 결제 시 2~3개월 무이자할부
이마트 5만원 이상 결제 시 2~3개월 무이자할부
무이자할부: 쇼핑 및 교육 50,000원 이상 결제 시 2~3개월 무이자할부
경기관람: 2021년 프로스포츠 제휴 구단 정규시즌 홈 경기 할인 프로모션"
1743,신세계이마트 삼성카드 4 (포인트),삼성카드,"10,000","12,000","적립: 모든 제휴점 0.7% 빅포인트 적립
적립: 모든 가맹점 10만원 이상 결제 시 1% 빅포인트 적립
적립: S-OIL 주유소 주유 시 리터당 40 보너스포인트 적립
영화: 모든 영화관 1만원 이상 결제 시 2,500원 결제일할인(청구할인)
백화점: 신세계백화점 5% 전자할인쿠폰 제공
대형마트: 이마트에서 건별 10만원 이상 결제 시 6,000원 결제일할인
멤버십포인트: 신세계백화점·이마트 이용 시 신세계포인트 적립
기타: 신세계백화점 무료주차권 월 2매 제공
경기관람: 2021년 프로스포츠 제휴 구단 정규시즌 홈 경기 할인 프로모션"
1744,신세계이마트 삼성카드 2,삼성카드,"18,000","20,000","영화: [웰컴 기프트] 롯데시네마 9,000원 결제일할인(청구할인)
적립: 업종별 1%~5% 빅포인트 적립
교통: 대중교통 이동통신요금 10% 결제일할인(청구할인)
영화: 롯데시네마 동반 1인 50% 결제일할인(청구할인)
백화점: 삼성전자 서비스센터 A/S 10% 결제일할인(청구할인)
테마파크: 놀이공원 자유이용권 50%·워터파크 입장권 30% 현장할인
멤버십포인트: 신세계백화점·이마트 이용 시 신세계포인트 적립
기타: 신세계백화점 무료주차권 월 2매 제공
경기관람: 2021년 프로스포츠 제휴 구단 정규시즌 홈 경기 할인 프로모션
백화점: 신세계백화점 5% 전자할인쿠폰 제공
대형마트: 이마트에서 건별 10만원 이상 결제 시 6,000원 결제일할인"
1745,신세계사이먼 프리미엄 아울렛 삼성카드,삼성카드,"20,000","20,000","쇼핑: 신세계사이먼 프리미엄 아울렛에서 10만원 이상 결제 시 10,000원 결제일할인(청구할인)
대형마트: 이마트·트레이더스·이마트24 3% 결제일할인(청구할인)
주유: 주유소에서 50,000원 이상 주유 시 2,000원 결제일할인(청구할인)
병원/약국: 의료비 5,000원 이상 결제 시 1,000원 결제일할인(청구할인)
카페: 커피전문점 5% 결제일할인(청구할인)
영화: 영화티켓 12,000원 이상 결제 시 5,000원 결제일할인(청구할인)"
1746,신세계까사미아 삼성카드,삼성카드,"20,000","20,000","쇼핑: 까사미아 5% 결제일할인
쇼핑: 까사미아 라이트할부 이용 시 월 납부금액 11,000원 결제일할인
생활: 생활요금 자동납부 시, 라이트할부 이용 여부에 따라 5%·10% 결제일할인
카페: 커피전문점 5% 결제일할인
간편결제: 전월 이용금액에 관계없이, 할인한도 없이 온라인 간편결제 1% 결제일할인
해외: 전월 이용금액에 관계없이, 해외 1.5% 결제일할인
쇼핑: 까사미아 24·36개월 라이트할부 제공
멤버십포인트: 신세계백화점 할인쿠폰, 신세계포인트 적립"
1747,신세계 엑스포 삼성카드,삼성카드,"20,000","20,000","백화점: 신세계백화점 5% 결제일할인
생활: 생활요금 자동납부 시 5% 결제일할인
영화: 영화 티켓 13,000원 이상 결제 시 5,000원 결제일할인
기타: 할인점·주유 건별 50,000원 이상 결제 시 2,000원 결제일할인
카페/디저트: 커피전문점·제과점 20% 결제일할인
멤버십포인트: 신세계백화점 할인쿠폰, 신세계포인트 적립"
1748,신세계 멘즈라이프 삼성카드,삼성카드,"49,000","49,000","백화점: 신세계백화점·신세계백화점 문화센터 7% 결제일할인(청구할인)
주유: SK에너지·GS칼텍스 리터당 60원~100원 결제일할인
할인: 택시·편의점·골프연습장 3% 결제일할인(청구할인)
카페: 스타벅스에서 5,000원 이상 결제 시 20% 결제일할인(청구할인)
백화점: 신세계백화점 5% 전자할인쿠폰/무료주차권 제공
신세계백화점 1,000원당 2 포인트 적립
프리미엄 서비스: Mastercard 서비스"
1749,신세계 대구라이프 삼성카드,삼성카드,"20,000","20,000","학원: 학원, 서점, 학습지 등 5% 결제일할인(청구할인)
주유: S-OIL 주유소 주유 시 리터당 40원 결제일할인(청구할인)
교통: 철도·대중교통 5% 결제일할인(청구할인)
할인: 연간 누적 이용금액 500만원당 20,000원 결제일할인(청구할인)
백화점: 신세계백화점 5% 전자할인쿠폰/무료주차권 제공
신세계백화점 1,000원당 2 포인트 적립
기타: 리틀소시움 20% 결제일할인(청구할인)
대형마트: 이마트 전점 3% 결제일할인(청구할인)"
1750,신세계KB국민은행 삼성체크카드,삼성카드,,,"주유: S-OIL 주유소 주유 시 리터당 40 보너스포인트 적립
캐시백: 업종별 0.2%~1% 캐시백
영화: 롯데시네마 동반 1인 50% 결제일할인(청구할인)
테마파크: 놀이공원 자유이용권 50%·워터파크 입장권 30% 현장할인
백화점: 신세계백화점 5% 전자할인쿠폰 제공
멤버십포인트: 신세계백화점·이마트 이용 시 신세계포인트 적립
기타: 신세계백화점 무료주차권 월 2매 제공
경기관람: 2021년 프로스포츠 제휴 구단 정규시즌 홈 경기 할인 프로모션"
1751,신세계 삼성지엔미포인트 체크카드,삼성카드,,,"적립: 업종 및 연간 이용금액에 따라 0.2%~0.8% 빅포인트 적립
주유: S-OIL 주유소 주유 시 리터당 40 보너스포인트 적립
영화: CGV 1,500원 현장할인 및 YES24 영화 3,000원 캐시백
카페: 스타벅스 1만원 이상 결제 시 1,000원 결제일할인(청구할인)
패밀리레스토랑: 아웃백스테이크하우스 10% 현장할인
영화: 전국 메가박스 현장에서 티켓 구매 시 1,500원 결제일할인(청구할인)
정비: 엔진오일 교환 시 15,000원 현장할인
테마파크: 놀이공원 자유이용권 50%·워터파크 입장권 30% 현장할인
멤버십포인트: 신세계백화점·이마트 이용 시 신세계포인트 적립
백화점: 신세계백화점 5% 전자할인쿠폰 제공
기타: 신세계백화점 무료주차권 월 2매 제공
대형마트: 이마트에서 건당 10만원 이상 결제 시 6,000원 결제일할인(청구할인)
경기관람: 2021년 프로스포츠 제휴 구단 정규시즌 홈 경기 할인 프로모션"
1752,신세계 삼성애니패스포인트 체크카드,삼성카드,,,"적립: 업종 및 연간 이용금액에 따라 0.2%~0.8% 빅포인트 적립
주유: S-OIL 주유소 주유 시 리터당 40 보너스포인트 적립
영화: CGV 1,500원 현장할인 및 YES24 영화 3,000원 캐시백
카페: 스타벅스 1만원 이상 결제 시 1,000원 결제일할인(청구할인)
패밀리레스토랑: 아웃백스테이크하우스 10% 현장할인
영화: 전국 메가박스 현장에서 티켓 구매 시 1,500원 결제일할인(청구할인)
정비: 엔진오일 교환 시 15,000원 현장할인
테마파크: 놀이공원 자유이용권 50%·워터파크 입장권 30% 현장할인
멤버십포인트: 신세계백화점·이마트 이용 시 신세계포인트 적립
백화점: 신세계백화점 5% 전자할인쿠폰 제공
기타: 신세계백화점 무료주차권 월 2매 제공
대형마트: 이마트에서 건당 10만원 이상 결제 시 6,000원 결제일할인(청구할인)
경기관람: 2021년 프로스포츠 제휴 구단 정규시즌 홈 경기 할인 프로모션"
1753,나인걸 롯데카드,롯데카드,"5,000","6,000","쇼핑: 나인걸 최대 10% 할인
무이자할부: 나인걸 5만원이상 구매시 무이자할부 서비스
연회비지원: 연회비 면제서비스
유의사항: 꼭 확인하세요!"
1754,뉴GS칼텍스 롯데카드,롯데카드,"10,000","10,000","주유소: GS칼텍스주유포인트 리터당 60점 적립
헤어: 건강/미용
테마파크: 놀이공원
쇼핑: 쇼핑
영화: 롯데시네마 관람료 1,500원 청구할인
푸드: 외식
유의사항: 꼭 확인하세요!"
1755,뉴롯데면세점카드,롯데카드,,"12,000","면세점: 롯데면세점 할인
주유: 주유소 할인
생활: 생활 할인
쇼핑: 쇼핑
테마파크: 롯데월드 50% 할인
영화: 롯데시네마 1,500원 할인
푸드: 외식
멤버십포인트: L.POINT
유의사항: 꼭 확인하세요!"
1756,뉴롯데시네마 롯데체크카드,롯데카드,,,"영화: 롯데시네마 관람권 최대 30% 할인
통신: 통신요금 자동 이체 시 5% 청구할인
쇼핑: 쇼핑
푸드: 외식
테마파크: 롯데월드 본인 종합이용권 50% 현장할인
멤버십포인트: L.POINT
유의사항: 꼭 확인하세요!"
1757,뉴롯데시네마 포인트플러스카드,롯데카드,"5,000","6,000","영화: 롯데시네마 영화관람권 최대 9천원 할인
멤버십포인트: 더블 포인트 적립 서비스
쇼핑: 쇼핑
테마파크: 롯데월드 본인 종합이용권 50% 할인
OTT/영화/문화: 여가/문화
유의사항: 꼭 확인하세요!"
1758,올바른SAFE카드,NH농협카드,"12,000","12,000","적립: 국내외 이용가맹점 0.7% 적립 
온/오프라인 쇼핑 0.5% 추가적립 
금융: 대출 보유 시 매월 최대 6,000 NH포인트 적립
유의사항: 꼭 확인하세요! "
1759,SC제일은행 아시아나 삼성지엔미카드,삼성카드,"20,000","20,000","아시아나항공: 국내외 가맹점 이용금액 1,000원당 아시아나 1 마일리지 기본 적립
아시아나항공: 온라인쇼핑몰·홈쇼핑 이용금액 1,000원당 아시아나 2 마일리지 적립
아시아나항공: 커피전문점 이용금액 1,000원당 아시아나 3 마일리지 적립
주유: S-OIL 주유소에서 주유 시 리터당 40 보너스포인트 적립
테마파크: 놀이공원 자유이용권 50%·워터파크 입장권 30% 현장할인
정비: 차량 점검 서비스 제공
은행사: SC제일은행 제휴 프로모션"
1760,현대해상하이카다이렉트 롯데카드,롯데카드,"10,000",,"보험: 현대하이카다이렉트 보험료 결제 시 월 최대 1만 2천원 결제일할인
카드사: 롯데카드 기본 서비스
유의사항: 꼭 확인하세요!"
1761,SC제일은행 삼성카드 6 V2,삼성카드,"18,000","18,000","적립: 업종별 0.6%·1.2% 빅포인트 적립
할인: 업종별 1만원 이상 결제 시 1,000원 결제일할인(청구할인)
주유: S-OIL 리터당 60원 결제일할인(청구할인)
정비: 엔진오일 교환 시 20,000원 현장할인
영화: CGV 현장 결제 시 3,000원 현장할인 및 온라인 예매 시 3,000원 즉시할인
은행사: SC제일은행 제휴 프로모션
주유: 모든 주유소·LPG충전소 3만원 이상 결제 시 3,000 포인트 자동 사용
경기관람: 2021년 프로스포츠 제휴 구단 정규시즌 홈 경기 할인 프로모션"
1762,SC제일은행 삼성카드 4 V2,삼성카드,"18,000","18,000","할인: 모든 가맹점 0.6% 결제일할인(청구할인)
할인: 할인점·음식점·주유소·병원·약국 1.2% 결제일할인(청구할인)
은행사: SC제일은행 제휴 프로모션
프리미엄: 아멕스 서비스
경기관람: 2021년 프로스포츠 제휴 구단 정규시즌 홈 경기 할인 프로모션"
1763,올바른SAFE Platinum카드,NH농협카드,"100,000","100,00","적립: 국내외 이용금액 0.7% 적립
온/오프라인쇼핑 0.5% 추가적립 
금융: 대출 보유 시 매월 최대 6,000 NH포인트 적립 
프리미엄 서비스: 브랜드 서비스 제공 "
1764,Gowid 롯데법인카드,롯데카드,,,"비즈니스: 스타트업 전용 법인카드
프리미엄 서비스: Master Titanium Service
기타: 여행자보험 무료 가입 최대 12억원 보장
유의사항: 꼭 확인하세요!"
1765,올바른 NEW HAVE체크카드,NH농협카드,,,"적립: 국내외 이용가맹점 0.2% NH포인트 적립 
적립: 6개 영역 중 당월(1일~말일) 이용금액 1위/2위 영역은 기본적립의 3배/2배 자동적용
공항라운지: 국제 공항라운지 무료이용 
금융: 농협 인터넷·모바일·스마트·텔레뱅킹 이체수수료 통합 월 5회 면제
유의사항: 꼭 확인하세요! "
1766,한솔교육 롯데카드,롯데카드,"15,000","20,000","대형마트: 롯데마트 할인 서비스
학습지: 한솔교육 할인서비스
헤어: 미용실 최대 20% 할인
쇼핑: 롯데백화점, 롯데닷컴, 롯데면세점 할인
영화: 롯데시네마 영화티켓 1,500원 청구할인
테마파크: 롯데월드 본인 종합이용권 50% 현장할인
멤버십포인트: L.POINT
유의사항: 꼭 확인하세요!"
1767,에코마일리지체크카드(비씨),NH농협카드,,,"기타: 생활에너지 10% 이상 절약시 5만점 에코머니 적립
통신: 이동통신요금 3% 에코머니 적립
이동통신요금 에코머니 포인트 결제
대중교통: 버스, 지하철 5% 에코머니 적립
피트니스: 헬스클럽,수영장,테니스장,볼링장 5% 에코머니 적립
유의사항: 꼭 확인하세요! "
1768,ROYAL BLUE MILEAGE[SKYPASS],우리카드,"330,000","330,000","바우처: 프리미엄 기프트(연 1회, 택1)
여행/숙박: 프리미엄 여행기프트
공항라운지/PP: 공항라운지 - Priority Pass 카드 제공
항공마일리지: 이용금액 1,000원당 1~2 대한항공 마일리지 적립
프리미엄 서비스: 프리미엄 서비스 (주유/해외/여행보험)
유의사항: 꼭 확인하세요!"
1769,ROYAL BLUE MILEAGE[AsianaClub],우리카드,"330,000","330,000","바우처: 프리미엄 기프트(연 1회, 택1)
여행/숙박: 프리미엄 여행기프트
공항라운지/PP: 공항라운지 - Priority Pass 카드 제공
항공마일리지: 이용금액 1,000원당 1.5~3 아시아나항공 마일리지 적립
프리미엄 서비스: 프리미엄 서비스 (주유/해외/여행보험)
유의사항: 꼭 확인하세요!"
1770,한화 Smart CMA 롯데DC플러스 카드,롯데카드,,"10,000","증권사: 한화 Smart CMA 자동투자 서비스
쇼핑: 롯데백화점 및 제휴사 최고 약 12% 할인
무이자할부: 무이자 할부 및 현금서비스 이자 면제
헤어: 미용실 최대 20% 할인
경기관람: 롯데 자이언츠 20% 할인
쇼핑: 롯데백화점, 롯데ON, 롯데면세점, 롯데마트, 롯데슈퍼, 토이저러스 혜택
공연/전시: 뮤지컬, 연극 할인
주유소: SK주유소 리터당 SK주유포인트 50원적립
멤버십포인트: L.POINT 적립
유의사항: 꼭 확인하세요!"
1771,삼성카드 6 V2,삼성카드,"18,000","20,000","모든가맹점: 업종별 0.6%·1.2% 빅포인트 적립
주유: 주유 시 포인트 적립 및 할인
OTT/영화/문화: CGV 3,000원 할인
생활: 6대 업종 1,000원 결제일할인
경기관람: 프로스포츠 프로모션 서비스
정비: 닥터카서비스
유의사항: 꼭 확인하세요!"
1772,TAX SAVE 법인카드,롯데카드,,,"적립: 롯데 법인 포인트 적립
비즈니스: 부가세 환급 지원 서비스
주유소: GS칼텍스, S-OIL, SK주유소 리터당 50원 할인 및 적립
기타: 여행자보험 무료 가입 최대 10억 보장
카드사: 롯데카드 기본 서비스
유의사항: 꼭 확인하세요!"
1773,한화 Smart CMA 롯데포인트플러스카드,롯데카드,,"5,000","증권사: 한화 Smart CMA 자동투자 서비스틀
멤버십포인트: 더블 포인트 적립 서비스
무이자할부: 무이자 할부 및 현금서비스 이자 면제
헤어: 미용실 최대 20% 할인
경기관람: 롯데 자이언츠 20% 할인
쇼핑: 롯데백화점, 롯데ON, 롯데면세점, 롯데마트, 롯데슈퍼, 토이저러스 혜택
공연/전시: 뮤지컬, 연극 할인
주유소: SK주유소 리터당 SK주유포인트 50원적립
멤버십포인트: L.POINT 적립
유의사항: 꼭 확인하세요!"
1774,삼성카드 6+,삼성카드,"55,000","60,000","모든가맹점: 업종별 0.5%~1% 빅포인트 적립
주유: 주유소 할인
기타: 4대 업종 1,000원 결제일할인
자동차/하이패스: 자동차보험 무이자할부 및 닥터카서비스
OTT/영화/문화: CGV 5,000원 할인
푸드: 아웃백 30% 할인
테마파크: 놀이공원 자유이용권 50%·워터파크 입장권 30% 현장할인
경기관람: 프로스포츠 프로모션 서비스
프리미엄: VISA 서비스
유의사항: 꼭 확인하세요!"
1775,삼성카드 2 V2,삼성카드,"18,000","18,000","멤버십포인트: 업종및 적립처별 1%~5% 빅포인트 적립
대중교통: 대중교통, 이동통신 10% 할인
카페/디저트: 커피전문점 5% 할인
OTT/영화/문화: CGV 및 롯데시네마 3,000원·6,000원 결제일할인
경기관람: 프로스포츠 경기 할인
유의사항: 꼭 확인하세요!"
1776,결제 전용 특화 법인카드,롯데카드,,,"항공권: 항공권 전용 법인카드
통신: 통신 전용 법인카드
택시: 업무택시 전용 법인카드
하이패스: 하이패스 전용 법인카드
기타: 우편 전용 법인카드
유의사항: 꼭 확인하세요!"
1777,Gvalley 삼성카드 2,삼성카드,"18,000","20,000","멤버십포인트: 업종별 1%~5% 빅포인트 적립
대중교통: 대중교통, 이동통신 10% 할인
OTT/영화/문화: 롯데시네마 할인 및 모바일 기프트 증정
주유: S-OIL 리터당 40 보너스포인트 적립
경기관람: 프로스포츠 경기 할인
테마파크: 놀이공원 및 워터파크 할인
유의사항: 꼭 확인하세요!"
1778,해피머니 롯데카드,롯데카드,,,"도서: 해피머니 문화상품권 구매 시 10% 청구할인
헤어: 미용실 최대 20% 할인
테마파크: 놀이공원 최대 50% 할인
경기관람: 롯데 자이언츠 20% 할인
쇼핑: 롯데백화점, 롯데ON, 롯데면세점, 롯데마트, 롯데슈퍼, 토이저러스 혜택
항공권: 여행서비스
OTT/영화/문화: 롯데시네마, 뮤지컬, 연극 할인
푸드: 보네스뻬, 보네스뻬브레드, T.G.I.F, 롯데리아, 엔제리너스커피, 나뚜루 할인
주유소: SK주유소 리터당 SK주유포인트 50원적립
멤버십포인트: L.POINT 적립
유의사항: 꼭 확인하세요!"
1779,농협OK체크카드(개인),NH농협카드,,,"OK캐쉬백: OK캐시백 포인트 적립 및 사용 
주유: SK주유소 이용시 리터당 40원 할인(LPG 제외)
영화: 인터넷 영화 예매 1,500원 청구할인 (예매수수료별도)
기타: SMS 무료 제공"
1780,국고보조금 법인카드,롯데카드,,,"비즈니스: 국고보조금 지급 지원 서비스
유의사항: 꼭 확인하세요!"
1781,한국잡월드 카드의정석 POINT 주거래,우리카드,"10,000","12,000","적립: 모아포인트 0.8~3% 적립
주요 간편결제 3% 추가적립
하이브리드: Two-in-One 결제서비스
테마파크: 한국잡월드 입장료 30% 청구할인"
1782,더 플래티넘 법인카드,롯데카드,"500,000","700,000","바우처: [Special Gift] 매해 그룹별로 호텔멤버십 혜택 또는 골프용품, 롯데상품권 카드 제공
항공권: [Flight] 동반자 무료항공권 또는 본인 좌석 업그레이드 중 1개 선택
적립: [Reward] 이용실적에 따라 최대 5% MR포인트 적립
골프: [Golf/Car] 골프 연습장 타석 서비스 및 프리미엄 대리운전 서비스
공항라운지/PP: [Airport] 전 세계 공항 라운지 무료 입장 가능한 Priority Pass Card 제공
프리미엄 서비스: AMEX The Platinum Service
유의사항: 꼭 확인하세요! "
1783,SC제일은행 라이프 삼성카드,삼성카드,"9,900","9,900","모든가맹점: 국내외 가맹점 0.5% 결제일할인(청구할인)
쇼핑: 할인점·오픈마켓·소셜커머스 5% 결제일할인(청구할인)
병원/약국: 병원·약국 5% 결제일할인(청구할인)
카페/디저트: 파리바게뜨·배스킨라빈스·던킨도너츠 5% 결제일할인(청구할인)
편의점: 편의점 5% 결제일할인(청구할인)"
1784,그린체크카드(전국형),NH농협카드,,"10,000","대중교통: 대중교통(버스 · 지하철) 5% 할인(월 할인 한도 5천원)
기타: 에너지 절감 시 연간 3만 5천 ~ 10만점
공연/전시: 문화, 레져 무료입장 또는 10~50% 현장할인
기타: 친환경 제품 구매 시 적립(2~19%)
에코머니 가맹점 결제금액의 2~19%
기타: 국내·외 여행 패키지 현장 할인(3~5%)
웨딩토탈 서비스 이용 시 5~10% 현장할인
유의사항: 꼭 확인하세요! "
1785,SC제일은행 디지털 삼성카드,삼성카드,"9,900","9,900","할인: 온라인쇼핑몰·커피전문점·편의점·이동통신 7% 결제일할인
온라인쇼핑: 스트리밍·온라인쇼핑몰 멤버십 정기결제 시 25% 결제일할인
할인: 전월 이용금액에 관계없이, 할인한도 없이 해외 1% 결제일할인"
1786,국민연금증카드,NH농협카드,"3,000","5,000","교통: 철도 요금 (노인복지법) 현장할인 (30~50% 할인)
경기, 강원 지하철 무임교통 서비스
쇼핑: 전국 주요 쇼핑업종 NH포인트 적립(5~10% 적립)
병원/약국: 전국 의료업종 청구할인(5~10% 할인)
대중교통: 대중교통(지하철, 시내버스) 청구할인(5~10% 할인)
대중교통 상해보험 무료 가입(1천만원)
주유: GS칼텍스 및 농협운영주유소 청구할인(리터당 60원 할인)
통신: 이동통신요금(SKT, KT, LG U+) 청구할인(자동이체 시 5% 할인)
테마파크: 전국 주요 놀이공원 무료입장 및 할인
유의사항: 꼭 확인하세요! "
1787,NU 후불하이패스,우리카드,"2,000",,"하이패스: 카드의정석 후불 하이패스
평일 출퇴근 시간대 통행료 20~50% 할인
유의사항: 꼭 확인하세요!"
1788,SC제일은행 드라이브 삼성카드,삼성카드,"9,900","9,900","주유: 모든 주유소 이용 시, 전월 생활요금 자동납부 결제건수에 따라 리터당 60원~120원 결제일할인
생활: 배달앱·편의점 10% 결제일할인
온라인쇼핑: 전월 이용금액에 관계없이, 할인한도 없이 온라인쇼핑몰 1% 결제일할인
해외: 전월 이용금액에 관계없이, 할인한도 없이 해외 1% 결제일할인"
1789,S-OIL화물복지50,우리카드,,,"주유소: S-OIL 리터당 50원 현장할인
기타: S-OIL 멤버십카드 관련사항"
1790,해피오토 롯데카드,롯데카드,"8,000","12,000","정비: 스피드메이트 다빈도 7대 정비상품 2만원 현장할인 서비스
주유소: SK주유소 리터당 60원 할인 (LPG제외)
보험: 롯데손해보험 자동차 보험료 1~3만원 할인서비스
정비: 스피드메이트 엔진오일 무료 교환 서비스
헤어: 미용실 최대 20% 할인
경기관람: 롯데 자이언츠 20% 할인
쇼핑: 롯데백화점, 롯데ON, 롯데면세점, 롯데마트, 롯데슈퍼, 토이저러스 혜택
영화: 롯데시네마, 뮤지컬, 연극 할인
푸드: 보네스뻬, 보네스뻬브레드, T.G.I.F, 롯데리아, 엔제리너스커피, 나뚜루 할인
멤버십포인트: L.POINT 적립
유의사항: 꼭 확인하세요!"
1791,SC제일은행 데일리 삼성카드,삼성카드,"9,900","9,900","모든가맹점: 국내외 가맹점 0.5% 결제일할인(청구할인)
대중교통: 대중교통 5% 결제일할인(청구할인)
통신: SKT·KT·LG U+ 이동통신요금 자동납부 연결 시 5% 결제일할인(청구할인)
카페: 10대 커피전문점 5% 결제일할인(청구할인)
편의점: 편의점 5% 결제일할인(청구할인)"
1792,삼성카드 2+,삼성카드,"70,000","75,000","모든가맹점: 모든 제휴점 0.5%, 업종별 1% ~ 5% 빅포인트 적립
OTT/영화/문화: 롯데시네마 할인 및 모바일기프트 증정
대중교통: 대중교통·이동통신 10% 결제일할인
생활: 라이프스타일할인
푸드: 아웃백 30% 할인
주유: GS칼텍스 리터당 90~100 빅포인트 적립
테마파크: 놀이공원 및 워터파크 할인
정비: 닥터카서비스
경기관람: 프로스포츠 경기 할인
프리미엄: MASTER 서비스
유의사항: 꼭 확인하세요!"
1793,SC제일은행 삼성체크카드 YOUNG,삼성카드,,,"통신: 이동통신 자동결제 시 10% 캐시백
대중교통: 대중교통 이용금액의 10% 캐시백
푸드: 편의점·커피전문점·제과점 업종에서 1만원 이상 결제 시 1,000원 캐시백
영화: CGV 현장결제 시 3,000원 현장할인
테마파크: 놀이공원 자유이용권 50%·워터파크 입장권 30% 현장할인
영화: CGV 홈페이지 및 앱을 통해 5,000원 이상 결제 시 3,000원 즉시할인
교통: 후불교통카드 기능 제공"
1794,카드의정석 POINT 주거래,우리카드,"10,000","12,000","적립: 모아포인트 0.8~3% 적립
주요 간편결제 3% 추가적립
하이브리드: Two-in-One 결제서비스
테마파크: 롯데아쿠아리움 및 주요 놀이공원 50% 현장할인"
1795,롯데 법인카드,롯데카드,,,"모든가맹점: 국내외가맹점 0.2% 롯데 법인 포인트 적립
기타: 여행자보험 무료 가입 최대 12억원 보장
유의사항: 꼭 확인하세요!"
1796,카드의정석 화물복지카드,우리카드,,,"주유: 화물복지카드 종합 안내
주유: 화물차우대주유소 주유 할인 - 최대 리터당 80원
멤버십포인트: SK에너지, 현대오일뱅크, 에쓰오일 멤버십카드 관련 사항
OK 멤버십 서비스
비즈니스: 부가세 환급 지원 서비스
할인: 대형마트, 병ㆍ의원(한의원), 서점, 온라인 교육 업종 5% 청구할인
영화: CGV/메가박스/롯데씨네마 영화 청구할인
카페: 스타벅스, 커피빈, 투썸플레이스 25% 청구할인
유의사항: 꼭 확인하세요!"
1797,SC제일은행 삼성체크카드 CASHBACK,삼성카드,,,"캐시백: 업종 및 연간 이용금액에 따라 0.2%~0.6% 캐시백
영화: CGV 현장결제 시 3,000원 현장할인
테마파크: 놀이공원 자유이용권 50%·워터파크 입장권 30% 현장할인
영화: CGV 홈페이지 및 앱을 통해 5,000원 이상 결제 시 3,000원 즉시할인
교통: 후불교통카드 기능 제공"
1798,현대렌탈케어 롯데카드,롯데카드,"10,000",,"공과금/렌탈: 현대렌탈케어 렌탈료 할인
멤버십포인트: L.point
쇼핑: 롯데백화점, 롯데면세점, 롯데ON, 롯데마트, 롯데슈퍼, 토이저러스 혜택
OTT/영화/문화: 롯데월드, 서울랜드, 롯데시네마, 롯데자이언츠 할인
푸드: TGIF, 미스터피자, 롯데리아, 엔제리너스, 나뚜루, 보네스뻬 할인
헤어: 박준뷰티랩 20%현장할인 박승철헤어스투디오 15%현장할인
유의사항: 꼭 확인하세요!"
1799,삼성전자 멤버십 BLUE B 삼성카드 BIZ,삼성카드,"28,000","30,000","멤버십포인트: U포인트 적립 및 멤버십 할인
주유: S-OIL 리터당 40 보너스포인트 적립
테마파크: 주요 놀이공원 입장권 및 자유이용권 할인
OTT/영화/문화: CGV 주중 50%·주말 25% 할인
정비: 닥터카서비스
경기관람: 프로스포츠 프로모션 서비스
여행/숙박: 삼성카드여행센터 할인
무이자할부: 백화점, 할인점 무이자할부
유의사항: 꼭 확인하세요!"
1800,이제너두 카드의정석 DISCOUNT,우리카드,"10,000","12,000","모든가맹점: 모든 국내 가맹점 0.7 ~ 1% 청구할인
주유: S-OIL, 현대오일뱅크 리터당 60~100원 청구할인
대중교통: 대중교통 10% 청구할인
카페: 스타벅스, 폴바셋 10% 청구할인
기타: Two-in-One 결제서비스
이제너두 복지몰서비스
유의사항: 꼭 확인하세요!"
1801,롯데 오토빌 법인카드,롯데카드,,,"모든가맹점: 국내외가맹점 0.4% 롯데 법인 포인트 적립
비즈니스: 경비지출 관리 서비스
공항라운지: 국내 공항라운지 무료이용 서비스
기타: 여행자보험 무료 가입 최대 10억원 보장
유의사항: 꼭 확인하세요!"
1802,삼성에스마일카드,삼성카드,,"30,000","기타: 1,000원당 에스마일 1 마일리지 적립
기타: 여행자보험 무료가입
주유: S-OIL 리터당 40 보너스포인트 적립
경기관람: 프로스포츠 프로모션 서비스
여행/숙박: 삼성카드 여행센터 할인
유의사항: 꼭 확인하세요!"
1803,국민연금증체크카드,NH농협카드,,,"기타: 철도 요금 (노인복지법) 현장할인 (30~50% 할인)
경기, 강원 지하철 무임교통 서비스
병원/약국: 전국 의료업종 NH포인트 적립(5% 적립)
쇼핑: 전국 주요 쇼핑업종 NH포인트 적립(5% 적립)
통신: 이동통신요금(SKT, KT, LG U+) NH포인트 적립 (자동이체 시 3% 적립)
유의사항: 꼭 확인하세요! "
1804,공무원연금체크카드(퇴직)(비씨),NH농협카드,,,"영화: 대상주요 영화관 건당 1,500원 현장할인
주유: SK주유소 이용시 리터당 40원 할인
OK캐쉬백: OK캐쉬백 포인트 적립
유의사항: 꼭 확인하세요! "
1805,우리V카드-知(지),우리카드,"2,000","5,000","교육/육아: 학원, 유학원, 유치원 (업종기준) 5% 할인
도서: Yes24, 인터넷 교보문고, 알라딘 2,000원 할인
OTT/영화/문화: Yes24 공연, NHN 티켓링크 공연 5천원 할인
CGV(현장, 홈페이지), Yes24 영화 예매시 5천원 할인
기타: 한진택배 유학생 서류 발송시 전세계 공통 19,000원 결제 (현장할인)
대중교통: 버스, 지하철 결제금액의 5% 할인
하이브리드: 투인원(결제)
신용카드와 체크카드를 하나로, 우리V카드 Two-in-One 서비스
테마파크: 놀이공원 할인 서비스
학원: 온라인학원 5~10% 할인 (현장할인)
금융: 은행거래 수수료 면제
유의사항: 꼭 확인하세요!"
1806,롯데 티타늄 법인카드,롯데카드,,,"모든가맹점: 국내외가맹점 0.5% 롯데 법인 포인트 적립
프리미엄 서비스: Master Titanium Service
기타: 여행자보험 무료 가입 최대 12억원 보장
유의사항: 꼭 확인하세요!"
1807,LineageM 신한카드 체크,신한카드,,,"게임: 구글 플레이스토어, 애플 앱스토어, 원스토어 5% 캐시백
카페: 스타벅스 20% 캐시백
유의사항: 꼭 확인하세요!"
1808,공무원연금체크카드(재직)(비씨),NH농협카드,,,"영화: 대상주요 영화관 건당 1,500원 현장할인
주유: SK주유소 이용시 리터당 40원 할인
OK캐쉬백: OK캐쉬백 포인트 적립
유의사항: 꼭 확인하세요! "
1809,카드의정석 UniMile CHECK,우리카드,,,"항공마일리지: UniMile 0.2~ 1.5% 적립
공항라운지: 국내외 공항라운지 무료 이용 서비스
공연/전시: 해외 유명 박물관ㆍ미술관 입장권 할인
프리미엄 서비스: UnionPay Platinum 서비스
유의사항: 꼭 확인하세요!"
1810,LG/GS/LS/LIG패밀리 신한카드 The Best,신한카드,,"200,000","호텔: 국내외 특급호텔 1박 무료 숙박 연 1회 제공
국내 특급호텔 객실 무료 업그레이드 연 4회 제공
항공권: 대한항공 무료 좌석 업그레이드
여행/숙박: 프리미엄 여행 서비스
골프: 국내 골프장 부킹 서비스
골프 홀인원 축하서비스
무이자할부: 롯데/현대/신세계 백화점 3개월 무이자할부
이마트, 롯데마트, 홈플러스 3개월 무이자할부
테마파크: 주요 놀이공원 입장권/자유이용권 할인 서비스
적립: 이용금액의 0.5~5.0% 마이신한포인트 적립
프리미엄: VISA 시그니처
mastercard 다이아몬드 서비스"
1811,삼성생명 삼성시그니처카드,삼성카드,,"200,000","기타: 신세계상품권 기프트 서비스
제휴/PLCC: 할인 서비스
주유: S-OIL 리터당 40 보너스포인트 적립
PP: Priority Pass 공항 라운지 이용 무료
경기관람: 프로스포츠 프로모션 서비스
기타: 여행자보험 무료가입
프리미엄: VISA 서비스
유의사항: 꼭 확인하세요!"
1812,SC제일은행 삼성체크카드 POINT,삼성카드,,,"적립: 업종 및 연간 이용금액에 따라 0.2%~0.8% 빅포인트 적립
영화: CGV 현장결제 시 3,000원 현장할인
테마파크: 놀이공원 자유이용권 50%·워터파크 입장권 30% 현장할인
영화: CGV 홈페이지 및 앱을 통해 5,000원 이상 결제 시 3,000원 즉시할인
교통: 후불교통카드 기능 제공"
1813,POP New 우리V카드,우리카드,"3,000","5,000","카페: 탐앤탐스, 스타벅스 20% 청구할인
패밀리레스토랑: 피자헛( 매장방문 결제 ), 애슐리, 아웃백, TGIF, 매드포갈릭, 세븐스프링스 25% 청구할인
불고기브라더스 20% 현장할인
통신: 일반전화, 이동통신, 인터넷요금 매월 자동이체시 3% 청구 할인
영화: CGV, 메가박스, 롯데시네마 영화관람권 최대 6천원 청구 할인
테마파크: 놀이공원 서비스
무이자할부: 전국 모든 백화점/병원/의원 상시 2~3개월 무이자할부
기타: woori 보너스 (월 최대 2천원 보너스 제공)
금융: 우리은행 수수료 면제
Two-In-One 결제서비스
기타: T-money 선불카드 기능
할인: GS25, 미스터도넛 5% 할인
POP카드, 티머니 카드 충전 10% 할인
유의사항: 꼭 확인하세요!"
1814,삼성생명 삼성시그니처카드 (포인트0.5%),삼성카드,,"220,000","멤버십포인트: 빅포인트 0.5% 기본적립 (빅포인트계열)
기타: 신세계상품권 기프트 서비스
주유: S-OIL 리터당 40 보너스포인트 적립
PP: Priority Pass 공항 라운지 이용 무료
경기관람: 프로스포츠 프로모션 서비스
기타: 여행자보험 무료가입
프리미엄: VISA 서비스
유의사항: 꼭 확인하세요!"
1815,CJ ONE 신한카드,신한카드,"8,000","13,000","CJ ONE: CJ ONE포인트 더블적립
CJ ONE포인트 최대 3,000포인트 특별 추가적립
패밀리레스토랑: CJ푸드빌 브랜드 할인서비스
대중교통: 대중교통 5% 할인
기타: 신한카드 올댓서비스(종합 생활편의 서비스) 제공
유의사항: 꼭 확인하세요!"
1816,카드의정석 시니어플러스,우리카드,"10,000","12,000","적립: 모아포인트 1.0 ~ 3.0% 적립
포인트 현금 자동입금 / 보너스 캐쉬백
공항라운지: 인천공항라운지 무료이용 서비스
영화: 전국 영화관 12,000원 이상 결제 시 3,000원 청구할인
카페: 커피전문점 10% 청구할인
여행/숙박: 프리미엄 투어 서비스
하이브리드: Two-in-One 결제서비스
유의사항: 꼭 확인하세요!"
1817,삼성생명 삼성시그니처카드 (포인트1%),삼성카드,,"260,000","모든가맹점: 1% 빅포인트 적립
바우처: 신세계상품권 기프트 서비스
주유: S-OIL 리터당 40 보너스포인트 적립
PP: Priority Pass 공항 라운지 이용 무료
경기관람: 프로스포츠 프로모션 서비스
기타: 여행자보험 무료가입
프리미엄: VISA 서비스
유의사항: 꼭 확인하세요!"
1818,카드의정석 삼성화재 당신에게 좋은보험,우리카드,"19,000","20,000","보험사: 삼성화재 보험료 장기할부 및 청구할인 서비스
영화: 전국 영화관 3,000원 청구할인
카페: 스타벅스, 투썸플레이스 1,000원 청구할인
유의사항: 꼭 확인하세요!"
1819,메리츠다이렉트 롯데 포인트플러스카드,롯데카드,"5,000","5,000","자동차/하이패스: 메리츠화재 자동차보험료 할인
멤버십포인트: 더블 포인트 적립 서비스
자동차/하이패스: SpeedMate 자동차 정비 및 엔진오일 교환서비스
뷰티/피트니스: 미용실 최대 20% 할인
레저/스포츠: 롯데 자이언츠 20% 할인
쇼핑: 롯데백화점 5% 할인 e-쿠폰 제공
OTT/영화/문화: 롯데시네마 관람료 1,500원 청구할인
푸드: 외식
멤버십포인트: L.POINT 적립서비스 제공
주유: 주유포인트 적립서비스
유의사항: 꼭 확인하세요!"
1820,삼성생명 삼성시그니처카드 (스카이패스),삼성카드,,"260,000","대한항공: 1,500원당 스카이패스 1 마일리지 적립
바우처: 신세계상품권 기프트 서비스
주유: S-OIL 리터당 40 보너스포인트 적립
PP: Priority Pass 공항 라운지 이용 무료
경기관람: 프로스포츠 프로모션 서비스
기타: 여행자보험 무료가입
프리미엄: VISA 서비스
유의사항: 꼭 확인하세요!"
1821,삼성생명 삼성시그니처카드 (아시아나),삼성카드,,"260,000","아시아나항공: 1,000원당 아시아나 1 마일리지 적립
바우처: 신세계상품권 기프트 서비스
주유: S-OIL 리터당 40 보너스포인트 적립
PP: Priority Pass 공항 라운지 이용 무료
경기관람: 프로스포츠 프로모션 서비스
기타: 여행자보험 무료가입
프리미엄: VISA 서비스
유의사항: 꼭 확인하세요!"
1822,메가패스 롯데카드,롯데카드,,,"통신: 인터넷 통신요금 10%할인
연회비지원: 연회비 면제서비스
뷰티/피트니스: 미용실 최대 20% 할인
레저/스포츠: 롯데 자이언츠 20% 할인
쇼핑: 롯데백화점 5% 할인 e-쿠폰 제공
OTT/영화/문화: 롯데시네마 관람료 1,500원 청구할인
멤버십포인트: L.POINT 적립서비스 제공
주유: 주유포인트 적립서비스
유의사항: 꼭 확인하세요!"
1823,YES24 우리V카드 知,우리카드,,"2,000","OTT/영화/문화: YESS24 도서(전자책 포함), 음반 30% 청구할인
YES24 영화예매 및 공연예매 5천원 할인
기타: 한진택배를 통해 유학생서류(한국→해외) 발송시 전세계 공통 19,000원에 제공
학원: 학원, 유학원, 유치원 (업종기준) 5% 할인
대중교통: 버스, 지하철 결제금액의 5% 할인
테마파크: 놀이공원 할인서비스
유의사항: 꼭 확인하세요!"
1824,더존 삼성비즈퍼스트카드,삼성카드,,"20,000","캐시백: 0.2% 비즈캐시백포인트 적립
주유: S-OIL 이용 시 리터당 80 S-OIL포인트 적립
비즈니스: 사업자를 위한 제휴혜택
교통: 대중교통상해보험 무료가입
경기관람: 프로스포츠 프로모션 서비스
프리미엄: VISA 서비스
유의사항: 꼭 확인하세요!"
1825,외식가족공제 신한카드 Hi-point MyShop,신한카드,,"15,000","적립: 전월실적에 따라 사업성경비 포인트 1~5% 적립
금융: 단기/장기카드대출(현금서비스/카드론) 금리우대
오토금융우대
비즈니스: 가맹점 마케팅분석 리포트 제공
부가세 신고 세무지원 서비스
테마파크: 에버랜드, 롯데월드, 서울랜드, 캐리비안베이 할인
영화: 인터파크, YES24 영화 할인
유의사항: 꼭 확인하세요!"
1826,모네타 롯데포인트플러스 카드,롯데카드,,"5,000","멤버십포인트: 더블 포인트 적립 서비스!
무이자할부: 6개월 슬림할부 및 2~3개월 무이자 할부 서비스
뷰티/피트니스: 미용실 최대 20% 할인
레저/스포츠: 롯데 자이언츠 20% 할인
쇼핑: 롯데백화점 5% 할인 e-쿠폰 제공
OTT/영화/문화: 뮤지컬, 연극 등 공연 10~30% 할인
멤버십포인트: L.POINT 적립서비스 제공
주유: 주유포인트 적립서비스
유의사항: 꼭 확인하세요!"
1827,위즈위드 롯데카드,롯데카드,"10,000","15,000","기타: 위즈위드 관계사 현장할인
쇼핑: 위즈위드에서 구매 시 10% 할인
푸드: 롯데 외식업종 6개사 10%할인
기타: L.POINT 적립
쇼핑: 신라아이파크면세점 최대 15% 현장할인
테마파크: 롯데월드 본인 종합이용권 50% 할인
영화: 롯데시네마 영화 관람료 1,500원 할인
푸드: T.G.I FRiDAY'S 10% 현장할인
유의사항: 꼭 확인하세요!"
1828,쿠쿠 렌탈프리멤버십 우리카드,우리카드,,"10,000","렌탈 : 쿠쿠 렌탈요금 1만~2만원 할인 서비스
영화: 영화 12,000원 이상 결제 시 6,000원 청구할인
카페: 스타벅스, 커피빈, 카페베네, 투썸플레이스에서 결제 시 5% 청구할인
테마파크: 전국 놀이공원 자유이용권 50% 현장할인
유의사항: 꼭 확인하세요!"
1829,바디프랜드 카드,우리카드,,"10,000","렌탈 : 바드프랜드 렌탈요금 할인서비스
영화: 영화 12,000원 이상 결제 시 6,000원 청구할인
카페: 스타벅스, 커피빈, 카페베네, 투썸플레이스에서 결제 시 5% 청구할인
테마파크: 전국 놀이공원 자유이용권 50% 현장할인
유의사항: 꼭 확인하세요!"
1830,현대해상 오토인슈 롯데카드,롯데카드,,"12,000","보험사: 현대해상보험 2만원 할인/무이자 할부/인슈포인트 적립
정비: 자동차 21가지 안전점검 등 무상 정비 서비스(autoOasis)
연회비지원: 연회비 면제 서비스
헤어: 미용실 최대 20% 할인
경기관람: 롯데 자이언츠 20% 할인
쇼핑: 롯데백화점, 롯데ON, 롯데면세점, 롯데마트, 롯데슈퍼, 토이저러스 혜택
공연/전시: 뮤지컬, 연극 할인
주유소: SK주유소 리터당 SK주유포인트 50원적립
멤버십포인트: L.POINT 적립
유의사항: 꼭 확인하세요!"
1831,유니클로 롯데카드,롯데카드,"5,000","10,000","대중교통: 교통요금 5% 할인 서비스
쇼핑: 유니클로 10% 할인
연회비지원: 연회비 면제
헤어: 미용실 최대 20% 할인
경기관람: 롯데 자이언츠 20% 할인
테마파크: 롯데월드 본인 종합이용권 50% 할인
쇼핑: 롯데면세점 최대 10% 현장할인
OTT/영화/문화: 롯데시네마 관람료 1,500원 청구할인
주유소: SK주유소 리터당 SK주유포인트 50원적립
기타: L.POINT 및 롯데 SK 주유포인트 적립
유의사항: 꼭 확인하세요! "
1832,후불 하이패스 카드,롯데카드,,"7,000","주유소: 하이패스 포인트 적립
하이패스: 하이패스 이용요금 포인트 차감 할인
정비: 전국 SpeedMate에서 엔진오일 교환 할인 및 차량 점검 서비스
백화점: 롯데백화점 서비스"
1833,신한카드 미래설계 4Tune 체크,신한카드,,,"모든가맹점: 국내 모든 가맹점 마이신한포인트 0.2% 기본적립
해외: 해외 전 가맹점, 해외직구 1% 마이신한포인트 적립
디지털구독: 앱 구매 및 콘텐츠 결제 시 마이신한포인트 1% 적립
주유소: S-OIL/현대오일뱅크 리터당 60원 마이신한포인트 적립
적립: 4개 선택적립 Package 중 1개 1%선택적립
카페: 커피전문점 10% 할인
유의사항: 꼭 확인하세요!"
1834,신한카드 Change-Up 체크,신한카드,,,"수수료우대: 해외 전 가맹점 국제브랜드사 수수료 1% 면제
해외서비스수수료 0.2% 면제
모든가맹점: 국내 전 가맹점 이용금액 0.3% 마이신한포인트 적립
유의사항: 꼭 확인하세요!"
1835,개인택시운송자사업자 신한카드 T-플러스,신한카드,,,"주유: 개인택시운송사업자 카드
충전소: SK충전소 OK캐시백/마이신한포인트 1% 적립
그 외 충전소/주유소 이용시 최대 1% 적립
유의사항: 꼭 확인하세요!"
1836,디앤샵 롯데포인트플러스카드,롯데카드,"5,000","10,000","온라인쇼핑: 디앤샵 5~10% 할인
디앤샵 무료배송쿠폰 제공
적립: 더블포인트 적립 서비스!
헤어: 박준뷰티랩, 박승철 헤어스투디오 할인

레저/스포츠: 롯데 자이언츠 20% 할인

백화점: 롯데백화점  5% 할인쿠폰 제공
롯데 면세점 5~10% 할인
푸드: 미스터피자 15% 현장 할인
T.G.I.F 상시 10% 할인
푸드: 미스터피자 15% 현장 할인
T.G.I.F 상시 10% 할인
주유소: SK주유소 리터당 SK주유포인트 50원적립
적립:  국내 및 해외 가맹점에서 사용한 금액에 대해 0.2% 적립  

유의사항: 꼭 확인하세요!"
1837,후이즈 DC카드,롯데카드,,"10,000","온라인쇼핑: 후이즈 제휴몰 이용시 10%할인
무이자할부: 2~3개월 무이자 할부 서비스
헤어: 미용실 최대 20% 할인
테마파크: 놀이공원 최대 50% 할인
경기관람: 롯데 자이언츠 20% 할인
쇼핑: 롯데백화점, 롯데ON, 롯데면세점, 롯데마트, 롯데슈퍼, 토이저러스 혜택
항공권: 여행서비스
여행/숙박: 롯데시네마, 뮤지컬, 연극 할인
패밀리레스토랑: 보네스뻬, T.G.I.F 할인
멤버십포인트: L.POINT 적립
유의사항: 꼭 확인하세요!"
1838,매일경제 NEW우리V카드,우리카드,"2,000","5,000","OTT/영화/문화: 매일경제 NEW우리V카드 서비스
주유: 전국주유소 60원/L 캐시백
패밀리레스토랑: 패밀리레스토랑 20~25% 할인
통신: 통신 3% 청구할인
레저/스포츠: 놀이공원 할인서비스, 키자니아 서비스
워터파크 인터넷 예약 대행 할인서비스, 골프부킹 서비스
여행/숙박: 호텔 할인서비스
콘도 1박 무료서비스
금융: 문자메세지 바로알림(SMS) 서비스, 은행거래수수료 면제서비스
할부전환서비스, 무이자할부 등
유의사항: 꼭 확인하세요!"
1839,AIA생명 롯데 리얼체크카드,롯데카드,,,"보험사: AIA생명 보험료 결제 시 월 3천원~5천원 할인
연회비지원: 연회비 면제 및 SMS 무료
헤어: 미용실 최대 20% 할인
테마파크: 놀이공원 최대 50% 할인
경기관람: 롯데 자이언츠 20% 할인
쇼핑: 롯데백화점, 롯데ON, 롯데마트, 롯데슈퍼, 토이저러스 혜택
항공권: 여행서비스
영화: 롯데시네마 할인
푸드: 보네스뻬, 보네스뻬브레드, T.G.I.F, 롯데리아, 엔제리너스커피, 나뚜루 할인
멤버십포인트: L.POINT 적립
유의사항: 꼭 확인하세요!"
1840,AIA생명 롯데 리얼카드,롯데카드,"10,000","15,000","보험사: AIA생명 보험료 결제시 월 7천원~1만원 할인
푸드: 롯데 외식 업종 6개사 10% 할인
테마파크: 롯데월드 본인 종합이용권 50% 현장할인
헤어: 미용실 최대 20% 할인
쇼핑: 롯데백화점, 롯데ON, 롯데면세점 할인
영화: 롯데시네마 영화티켓 1,500원 청구할인
멤버십포인트: L.POINT
유의사항: 꼭 확인하세요!"
1841,AXA다이렉트 프라임 롯데카드,롯데카드,"10,000","15,000","보험: 자동차보험 청구할인 서비스 (연 1회)
보험사: 장기보험(자동이체) 청구할인 (월 1회)
주유소: SK주유소 리터당 SK주유포인트 50원적립
멤버십포인트: L.POINT
유의사항: 꼭 확인하세요!"
1842,라비다 DC 플러스 롯데카드,롯데카드,"10,000","15,000","화장품: 코리아나화장품 5~7% 할인
병원/약국: 병/의원 2~3개월 무이자 할부
백화점: 롯데백화점 5% 할인
롯데면세점 최고 15% 할인
레저/스포츠: 롯데월드 50% 할인
일반음식점: T.G.I FRIDAY'S 10% 현장할인(주류제외)
롯데리아,엔제리너스 커피, 나뚜루 1,000원당 50원 할인
적립: SK주유소 리터당 50포인트 적립
유의사항: 꼭 확인하세요!"
1843,라츠 롯데카드,롯데카드,"10,000","15,000","온라인쇼핑: 라츠몰 10% 할인
헤어: 박준뷰티랩, 박승철 헤어스투디오 할인

백화점: 롯데백화점 5% 할인
롯데면세점 최고 15% 할인
레저/스포츠: 롯데월드 50% 할인
영화: 뮤지컬, 연극 등 공연 10~30% 할인
롯데시네마 영화관람료 1,500원 할인
주유소: SK주유소 리터당 50포인트 적립
유의사항: 꼭 확인하세요!"
1844,B롯데카드,롯데카드,"5,000","10,000","SKT: SK브로드밴드 통신료 月 1 ~ 2만원 할인
베이커리: 파리바게트, 베스킨라빈스 10%할인
헤어: 미용실 최대 20% 할인
테마파크: 놀이공원 최대 50% 할인
경기관람: 롯데 자이언츠 20% 할인
쇼핑: 롯데백화점, 롯데면세점, 신라아이파크면세점, 롯데ON, 롯데마트, 롯데슈퍼, 토이저러스 혜택
OTT/영화/문화: 롯데시네마, 뮤지컬, 연극 할인
푸드: 보네스뻬, 보네스뻬브레드, T.G.I.F, 롯데리아, 엔제리너스커피, 나뚜루 할인
멤버십포인트: L.POINT
유의사항: 꼭 확인하세요!"
1845,APT 우리知카드,우리카드,"3,000","5,000","생활: 아파트 관리비 최대 25,000원 할인
교육/육아: 교육 (학원, 유학원, 유치원) 5% 할인
금융: 수수료면제 - 금융서비스
유의사항: 꼭 확인하세요!"
1846,부자되세요 홈쇼핑카드,우리카드,,"10,000","홈쇼핑: 6대홈쇼핑 6% 청구할인
영화: 전국 영화관 3천원 청구할인
테마파크: 놀이공원 자유이용권 50% 현장할인
패밀리레스토랑: 패밀리레스토랑 10% 청구할인
카페: 스타벅스, 투썸플레이스 20% 청구할인
유의사항: 꼭 확인하세요!"
1847,카드의정석 넥센타이어렌탈 우리카드,우리카드,"12,000","15,000","렌탈 : 카드의정석 넥센타이어렌탈 자동이체 청구할인
유의사항: 꼭 확인하세요!"
1848,롯데렌터카 신차장 우리카드,우리카드,"20,000","22,000","렌터카: 롯데렌터카 장기렌터카 대여료 자동이체 5,000~25,000원 청구할인
주유: 주유 및 LPG충전금액 50~100원/L 청구할인
테마파크: 놀이공원 50% 현장할인
카페: 커피빈, 엔제리너스, 투썸플레이스 건당 1,000원 청구할인
유의사항: 꼭 확인하세요!"
1849,더케이 손해보험 롯데카드,롯데카드,"10,000","15,000","보험사: 더케이손해보험 보험료 할인(1~2만원)
헤어: 미용실 최대 20% 할인
테마파크: 놀이공원 50% 할인
경기관람: 롯데 자이언츠 20% 할인
쇼핑: 쇼핑
여행/숙박: 여행서비스
유의사항: 꼭 확인하세요!"
1850,데일리카드,롯데카드,"10,000","15,000","멤버십포인트: Daily 적립서비스
백화점: 롯데백화점 5% 할인 e-쿠폰, 무료주차권 제공
OTT/영화/문화: 여가/문화
푸드: 외식
유의사항: 꼭 확인하세요!"
1851,GS칼텍스 화물복지카드,우리카드,,,"자동차: 화물복지카드 종합안내
주유: GS칼텍스 주유할인 서비스
기타: GS&POINT 멤버십카드
부가세 환급 지원 서비스
생활: 대형할인점, 병의원(한의원), 서점, 온라인교육 5% 청구할인
카페: 스타벅스, 커피빈, 투썸플레이스 25% 청구할인
유의사항: 꼭 확인하세요!"
1852,카드의정석 JVM,우리카드,"19,000","20,000","비즈니스: JVM제품 장기할부 및 청구할인
영화: 전국 영화관 3,000원 청구할인
카페: 스타벅스, 투썸플레이스 1,000원 청구할인
유의사항: 꼭 확인하세요!"
1853,맑은 우리 카드,우리카드,"10,000","12,000","적립: 우리WON꿀머니(모아포인트) 0.7~2.0% 적립(결제건당 1만원 이상 시 적립)
자동차: 전기차 충전요금 30% 청구할인
국내 렌터카 10% 청구할인
카페: 커피전문점 10% 청구할인
푸드: 치킨/피자 10% 청구할인
유의사항: 꼭 확인하세요!"
1854,ALL 다모아카드,우리카드,"10,000","12,000","적립: 모아포인트 1.0% ~ 1.8% 적립
주유: SK주유소 머핀포인트 적립 서비스
멤버십포인트: 멀티 멤버십 서비스 - ""모아포인트와 4대 멤버십을 1장의 카드로!""
OTT/영화/문화: NHN Entertainment 서비스
생활: 치킨/피자, 영화관, 커피, 놀이공원, 전기차 충전 할인
유의사항: 꼭 확인하세요!"
1855,우리사장님(Power)카드,우리카드,,"18,000","적립: 모아포인트 적립 서비스
생활: Life Style Service - 치킨/피자 할인, 주차장 무료, 커피전문점 할인
프리미엄 서비스: Premium Service - 프리미엄 투어 서비스, 골프 우대 서비스
비즈니스: 개입사업자 Win-Tax 서비스
유의사항: 꼭 확인하세요!"
1856,카드의정석 하이마트,우리카드,"13,000","18,000","쇼핑: 하이마트 슬림할부 및 청구할인
생활: 영화관, 패밀리레스토랑, 커피전문점 할인
유의사항: 꼭 확인하세요!"
1857,동부생명 롯데카드,롯데카드,"10,000",,"보험사: 동부생명 보험료 청구할인 서비스
헤어: 건강/미용
테마파크: 놀이공원
쇼핑: 쇼핑
영화: 롯데시네마 영화 관람료 1,500원 청구할인
패밀리레스토랑: T.G.I.FRiDAY'S 10% 현장할인 (주류 제외)
멤버십포인트: L.POINT
유의사항: 꼭 확인하세요!"
1858,딜라이브 롯데카드,롯데카드,"10,000","15,000","기타: 딜라이브 할인
멤버십포인트: L.POINT
유의사항: 꼭 확인하세요!"
1859,OK캐쉬백 위비할인카드,우리카드,"10,000","12,000","OK캐쉬백: OK캐쉬백 멤버십 서비스
생활: 각영역별 주요 9대 업종 7% 청구할인
자동이체시 매월 포인트 적립
OTT/영화/문화: NHN Entertainment 서비스
생활: 치킨/피자, 영화관, 커피, 놀이공원, 전기차충전 할인
유의사항: 꼭 확인하세요!"
1860,RAUME O,삼성카드,,"2,000,000","기타: RAUME O 카드 소개
기타: RAUME 회원만을 위한 퍼스널 라이프 케어
바우처: 골프, 호텔, 쇼핑 등 프리미엄 기프트 바우처 제공
골프: 항공 및 골프클럽 우대 서비스 등
프리미엄: 제휴 대상점 할인 및 우대 서비스
멤버십포인트: RAUME O 포인트 적립 서비스
프리미엄: RAUME 회원을 위한 특별한 혜택
여행/숙박: MASTER 서비스
유의사항: 꼭 확인하세요!"
1861,롭스 롯데카드,롯데카드,"7,000","10,000","드럭스토어: 롭스매장 이용시 최대 15% + 커피/베이커리/대중교통 업종 최대 10% 청구할인
헤어: 미용실 최대 20% 할인
테마파크: 놀이공원
경기관람: 롯데 자이언츠 20% 할인
쇼핑: 쇼핑
공연/전시: 뮤지컬, 연극 등 공연 10~30% 할인
푸드: 외식
멤버십포인트: L.POINT 적립
유의사항: 꼭 확인하세요!"
1862,롭스 선불캐시비 롯데체크카드,롯데카드,,,"멤버십포인트: LOHB's 매장 결제시 L.POINT 0.5~1.7% 적립
헤어: 미용실 최대 20% 할인
테마파크: 놀이공원
경기관람: 레저/스포츠
쇼핑: 쇼핑
영화: 롯데시네마 관람료 1,500원 청구할인
푸드: 외식
주유소: SK주유소 리터당 SK주유포인트 50원적립
멤버십포인트: L.POINT 적립
여행/숙박: 여행서비스
유의사항: 꼭 확인하세요!"
1863,롯데 I♡Jeju 카드,롯데카드,"5,000","7,000","모든가맹점: 런치타임 서비스
주유소: SK주유소 리터당 80포인트 적립(제주지역)
유의사항: 꼭 확인하세요!"
1864,롯데 weekly 체크카드(경기도 청소년 교통비 지원),롯데카드,,,"캐시백: Weekly 캐시백 서비스
쇼핑: 쇼핑
테마파크: 놀이공원 최대 50% 현장 할인
OTT/영화/문화: 여가/문화/외식
유의사항: 꼭 확인하세요!"
1865,RAUME O (스카이패스),삼성카드,,"2,000,000","기타: RAUME O 카드 소개
대한항공: RAUME O 스카이패스 마일리지 적립 서비스
바우처: 골프, 호텔, 쇼핑 등 프리미엄 기프트 바우처 제공
골프: 항공 및 골프클럽 우대 서비스 등
프리미엄: 제휴 대상점 할인 및 우대 서비스
프리미엄: RAUME 회원을 위한 특별한 혜택
여행/숙박: MASTER 서비스
유의사항: 꼭 확인하세요!"
1866,RAUME O (아시아나),삼성카드,,"2,000,000","기타: RAUME O 카드 소개
아시아나항공: RAUME O 아시아나 마일리지 적립 서비스
기타: RAUME 회원만을 위한 퍼스널 라이프 케어
바우처: 골프, 호텔, 쇼핑 등 프리미엄 기프트 바우처 제공
골프: 항공 및 골프클럽 우대 서비스 등
프리미엄: 제휴 대상점 할인 및 우대 서비스
프리미엄: RAUME 회원을 위한 특별한 혜택
여행/숙박: MASTER 서비스
유의사항: 꼭 확인하세요!"
1867,교원 웰스 우리카드,우리카드,,"12,000","렌탈 : 웰스 렌탈요금/물망초 상조회비 할인서비스
영화: 영화 12,000원 이상 결제 시 6,000원 청구할인
카페: 스타벅스, 커피빈, 카페베네, 투썸플레이스에서 결제 시 5% 청구할인
테마파크: 전국 놀이공원 자유이용권 50% 현장할인
유의사항: 꼭 확인하세요!"
1868,라이나생명 라서즐거운카드,우리카드,,"10,000","공과금: 보험료 매월 1 / 1.5 / 2 / 3만원 할인
영화: 전국 영화관 12,000원 이상 결제 시 3,000원 청구할인
테마파크: 에버랜드, 롯데월드, 서울랜드, 대구이월드, 경주월드, 통도환타지아 자유이용권 50% 현장할인
패밀리레스토랑: 아웃백, TGIF, 베니건스 10% 청구 할인
카페: 스타벅스, 투썸플레이스 20% 청구할인
유의사항: 꼭 확인하세요!"
1869,신세계 THE S VIP,삼성카드,"47,000","49,000","백화점: 전월 이용금액에 관계없이, 할인한도 없이 신세계백화점 1% 결제일할인(청구할인)
모든가맹점: 모든 가맹점 기본 0.5% 결제일할인(청구할인)
할인: 교육·할인점·이동통신·병원·약국 1.5% 결제일할인(청구할인)
영화: 모든 영화관에서 1만원 이상 현장 결제 시 10,000원 결제일할인(청구할인)
카페: 10대 커피전문점 20% 결제일할인(청구할인)
푸드: VIPS, 계절밥상에서 4만원 이상 결제 시 20,000원 결제일할인(청구할인)
테마파크: 놀이공원 자유이용권 50%·워터파크 입장권 30% 현장할인
자동차: 엔진오일(오일필터 및 에어클리너 포함) 교환 시 20,000원 현장할인(연 2회)
멤버십포인트: 신세계백화점 제휴 서비스
프리미엄 서비스: MASTER 서비스
테마파크: 2021년 프로스포츠 제휴 구단 정규시즌 홈 경기 할인 프로모션"
1870,신세계 THE S PRESTIGE 삼성카드,삼성카드,"145,000","150,000","백화점: 전월 이용금액에 관계없이, 할인한도 없이 신세계백화점 1.2% 결제일할인(청구할인)
모든가맹점: 전월 이용금액에 관계없이, 할인한도 없이 국내외 가맹점 1% 결제일할인
멤버십포인트: 신세계백화점 제휴 서비스
프리미엄 서비스: MASTER 서비스"
1871,제일아쿠아 포티 라서즐거운카드,우리카드,,"10,000","렌탈 : 제일아쿠아 렌탈요금 할인
패밀리레스토랑: 아웃백, TGIF 10% 청구할인
카페: 스타벅스, 투썸플레이스 20% 청구할인
영화: 모든 영화관 3,000원 청구할인
테마파크: 롯데월드, 에버랜드, 서울랜드, 이월드(대구), 경주월드, 통도환타지아 자유이용권 50% 현장할인
유의사항: 꼭 확인하세요!"
1872,새마을금고 삼성체크카드,삼성카드,,,"모든가맹점: 모든 제휴점 0.5% 빅포인트 적립
주유: S-OIL 주유소 주유 시 리터당 40 보너스포인트 적립
경기관람: 2021년 프로스포츠 제휴 구단 정규시즌 홈 경기 할인 프로모션"
1873,대림케어 라서즐거운카드,우리카드,,"10,000","렌탈 : 대림케어 렌탈요금 할인
패밀리레스토랑: 아웃백, TGIF 10% 청구할인
카페: 스타벅스, 투썸플레이스 20% 청구할인
영화: 모든 영화관 3,000원 청구할인
테마파크: 롯데월드, 에버랜드, 서울랜드, 이월드(대구), 경주월드, 통도환타지아 자유이용권 50% 현장할인
유의사항: 꼭 확인하세요!"
1874,코웨이 우리카드,우리카드,,"10,000","렌탈 : 코웨이 렌탈요금 할인
패밀리레스토랑: 아웃백, TGIF 10% 청구할인
카페: 스타벅스, 투썸플레이스 20% 청구할인
영화: 모든 영화관 3,000원 청구할인
패밀리레스토랑: 롯데월드, 에버랜드, 서울랜드, 이월드(대구), 경주월드, 통도환타지아 자유이용권 50% 현장할인
유의사항: 꼭 확인하세요!"
1875,헬러라서 즐거운카드,우리카드,,"10,000","렌탈 : 헬러 렌탈요금 할인
패밀리레스토랑: 아웃백, TGIF 10% 청구할인
카페: 스타벅스, 투썸플레이스 20% 청구할인
영화: 모든 영화관 3,000원 청구할인
테마파크: 롯데월드, 에버랜드, 서울랜드, 이월드(대구), 경주월드, 통도환타지아 자유이용권 50% 현장할인
유의사항: 꼭 확인하세요!"
1876,새마을금고 삼성애니패스포인트체크카드,삼성카드,,,"적립: 업종 및 연간 이용금액에 따라 0.2%~0.8% 빅포인트 적립
주유: S-OIL 주유소 주유 시 리터당 40 보너스포인트 적립
카페: 스타벅스 1만원 이상 결제 시 1,000원 결제일할인(청구할인)
패밀리레스토랑: 아웃백스테이크하우스 10% 현장할인
영화: 전국 메가박스 현장에서 티켓 구매 시 1,500원 결제일할인(청구할인)
경기관람: 2021년 프로스포츠 제휴 구단 정규시즌 홈 경기 할인 프로모션"
1877,우리 YG 신용카드,우리카드,,"5,000","공연/전시: YG 공연티켓, 온라인몰 10% 청구할인
디지털구독: 멜론 1,500원 청구할인
교통: 택시업종 10% 청구할인
대중교통(버스, 지하철) 5% 청구할인
통신: 통신료 자동이체 시 3% 할인
테마파크: 주요 놀이공원 자유이용권 50% 현장할인
영화: 전국 모든 영화관 3천원 청구할인
패밀리레스토랑: 패밀리레스토랑 10% 청구할인
카페: 커피 20% 청구할인
유의사항: 꼭 확인하세요!"
1878,동양매직 우리카드,우리카드,,"10,000","렌탈 : 동양매직 렌탈요금 할인
패밀리레스토랑: 아웃백, TGIF 10% 청구할인
카페: 스타벅스, 투썸플레이스 20% 청구할인
영화: 모든 영화관 3,000원 청구할인
테마파크: 롯데월드, 에버랜드, 서울랜드, 이월드(대구), 경주월드, 통도환타지아 자유이용권 50% 현장할인
유의사항: 꼭 확인하세요!"
1879,삼성오토캐시백체크카드,삼성카드,,,"영화: CGV 1,500원 현장할인 및 YES24 영화 3,000원 캐시백
주유: 전국 모든 주유소 이용 시 전월 이용금액에 따라 리터당 50원~100원 캐시백
카페: 스타벅스·커피빈 1만원 이상 결제 시 1,000원 캐시백
영화: 전국 메가박스 현장에서 티켓 구매 시 1,500원 결제일할인(청구할인)
경기관람: 2021년 프로스포츠 제휴 구단 정규시즌 홈 경기 할인 프로모션"
1880,한샘 라서즐거운 카드,우리카드,,"10,000","렌탈 : 한샘 렌탈요금 자동이체 청구할인
패밀리레스토랑: 패밀리레스토랑 10% 청구할인
카페: 커피 20% 청구할인
영화: 전국 영화관 3천원 청구할인
유의사항: 꼭 확인하세요!"
1881,코웨이 Slim할부 우리카드,우리카드,,"10,000","렌탈 : 코웨이 물품 및 서비스 구매 시 장기 할부 제공
전월실적에 따른 코웨이 1만~2만 할인 제공
패밀리레스토랑: 아웃백, TGIF 10% 청구할인
카페: 스타벅스, 투썸플레이스 20% 청구할인
영화: 모든 영화관 3,000원 청구할인
테마파크: 롯데월드, 에버랜드, 서울랜드, 이월드(대구), 경주월드, 통도환타지아 자유이용권 50% 현장할인
유의사항: 꼭 확인하세요!"
1882,삼성스토어 삼성카드,삼성카드,"20,000","20,000","쇼핑: 삼성스토어에서 가전제품 구매 시 24·36개월 라이트할부 제공
쇼핑: 삼성스토어 라이트할부 이용 시 11,000원·미이용 시 4,000원 결제대금 차감
교통: 대중교통·택시 5% 결제일할인(청구할인)
카페: 10대 커피전문점 5% 결제일할인(청구할인)
쇼핑: 삼성닷컴 3% 결제일할인(청구할인)
쇼핑: 삼성전자 서비스센터 10% 결제일할인(청구할인)"
1883,PAYCO taptap,삼성카드,"9,900","9,900","간편결제: PAYCO로 결제 시 5% PAYCO 포인트 적립
음원사이트: 벅스 50% PAYCO 포인트 적립
카페/디저트: 커피전문점·헬스&뷰티 5% PAYCO 포인트 적립
편의점: 편의점·배달앱 5% PAYCO 포인트 적립
유의사항: 꼭 확인하세요!"
1884,라이프파트너 삼성카드,삼성카드,"20,000","20,000","보험사: 보험료 결제 시 30만원당 연 10,000원 결제일할인(청구할인)
보험사: 보험료 10,000원 이상 결제 시 월 3,000원·5,000원 결제일할인(청구할인)
주유: 주유소에서 30,000원 이상 결제 시 3,000원 결제일할인(청구할인)
대형마트: 할인점에서 30,000원 이상 결제 시 2,000원 결제일할인(청구할인)
병원/약국: 의료비 3,000원 이상 결제 시 1,000원 결제일할인(청구할인)
영화: 영화 티켓 12,000원 이상 결제 시 5,000원 결제일할인(청구할인)"
1885,삼성카드 BIZ 6 V2,삼성카드,"28,000","28,000","적립: 업종별 0.6%·1.2% 빅포인트 적립
할인: 업종별 1만원 이상 결제 시 1,000원 결제일할인(청구할인)
주유: S-OIL 리터당 60원 결제일할인(청구할인)
정비: 엔진오일 교환 시 20,000원 현장할인
영화: CGV 현장 결제 시 3,000원 현장할인 및 온라인 예매 시 3,000원 즉시할인
비즈니스: 개인사업지원 서비스
주유: 모든 주유소·LPG충전소 3만원 이상 결제 시 3,000 포인트 자동 사용
경기관람: 2021년 프로스포츠 제휴 구단 정규시즌 홈 경기 할인 프로모션"
1886,삼성 리워즈 삼성카드 taptap,삼성카드,"10,000","10,000","간편결제: 삼성 페이로 결제 시 10% 삼성 리워즈 포인트 적립
모든가맹점: 국내 가맹점 0.3% 삼성 리워즈 포인트 적립
통신: 이동통신요금 10% 결제일할인
OTT/영화/문화: CGV·롯데시네마 5,000원 결제일할인
유의사항: 꼭 확인하세요!"
1887,넷마블 신한카드,신한카드,"10,000","13,000","게임: 구글플레이스토어, 애플 앱스토어, 원스토어 10% 할인
편의점: GS25, CU 10% 할인
카페: 스타벅스, 커피빈 10% 할인
베이커리: 파리바게뜨, 뚜레쥬르 10% 할인
영화: CGV, 롯데시네마 20% 할인
유의사항: 꼭 확인하세요!"
1888,SRT GS칼텍스 신한카드 Shine,신한카드,"18,000","18,000","기차: 전울실적 30만원 이상 이용시 레일리지 적립
주유소: GS칼텍스 60~100원/L 청구할인
대중교통: 대중교통 3~7% 할인
테마파크: 롯데월드, 에버랜드, 서울랜드 50% 할인
캐리비언베이 30% 할인
영화: 인터파크, YES24 예매 각 1,500원 할인
유의사항: 꼭 확인하세요!"
1889,Toss taptap S,삼성카드,"10,000","10,000","모든가맹점: 모든 가맹점 1% 빅포인트 적립
주유: 모든 주유소·LPG 2,000원 결제일할인
OTT/영화/문화: 모든 영화관 5,000원 결제일할인
유의사항: 꼭 확인하세요!"
1890,세이 우리카드,우리카드,"10,000","12,000","백화점: 백화점세이 할인 및 무이자할부
테마파크: 놀이공원 자유이용권 50% 현장할인
영화: 전국 영화관 4,000원 청구할인
패밀리레스토랑: 패밀리레스토랑 10% 청구할인
카페: 스타벅스, 커피빈 20% 청구할인
유의사항: 꼭 확인하세요!"
1891,Syrup n 11ST 우리카드,우리카드,,"10,000","온라인쇼핑: 11번가 할인 쿠폰 제공
OK캐쉬백: OK캐쉬백 적립
대중교통: 전국 시내버스, 지하철 1,500원 청구할인
패밀리레스토랑: 아웃백, TGIF 10% 청구할인
카페: 스타벅스, 투썸플레이스 20% 청구할인
영화: 전국 영화관 3천원 청구할인
테마파크: 주요 놀이공원 자유이용권 50% 현장할인
유의사항: 꼭 확인하세요!"
1892,Every Mall카드,우리카드,,"10,000","온라인쇼핑: 온라인 결제 할인서비스
카페: 스타벅스, 커피빈, 카페베네, 투썸플레이스에서 결제 시 5% 청구할인
영화: 영화/티켓 12,000원 이상 결제 시 6,000원 청구할인
테마파크: 전국 놀이공원 자유이용권 50% 현장할인
유의사항: 꼭 확인하세요!"
1893,우리 전통시장 W카드,우리카드,"2,000",,"전통시장: 전통할인가맹점 등 시간대별 5% 청구할인 서비스
전통할인가맹점에 한해 할인시간대 이외 가맹점 0.5% 청구할인
대중교통: 대중교통(버스, 지하철) 5% 청구할인
하이브리드: 하이브리드(신용+체크) 서비스
유의사항: 꼭 확인하세요!"
1894,위니아대우 스마트 우리카드,우리카드,"12,000","15,000","쇼핑: 위니아대우 슬림할부 및 할인
영화: 전국 영화관 3,000원 청구할인
패밀리레스토랑: 아웃백, VIPS 10% 청구할인
카페: 스타벅스, 커피빈 20% 청구할인
유의사항: 꼭 확인하세요!"
1895,일룸 스마트 우리카드,우리카드,"12,000","15,000","인테리어: 일룸 슬림할부 및 할인
생활: 부가서비스 - 영화관, 패밀리레스토랑, 커피전문점 할인
유의사항: 꼭 확인하세요!"
1896,한샘 스마트 우리카드,우리카드,"12,000","15,000","인테리어: 한샘 상품 할인 및 슬림할부 제공 
영화: 전국 영화관 3,000원 청구할인
패밀리레스토랑: 아웃백, VIPS 10% 청구할인
카페: 스타벅스, 커피빈 20% 청구할인
유의사항: 꼭 확인하세요!"
1897,NEW BS렌탈 우리카드,우리카드,"13,000","15,000","렌탈 : BS렌탈요금 자동이체 청구할인
패밀리레스토랑: 패밀리레스토랑 10% 청구할인
카페: 스타벅스, 커피빈 20% 청구할인
테마파크: 주요 놀이공원 자유이용권 50% 현장할인
영화: 모든 영화관 3,000원 청구할인
유의사항: 꼭 확인하세요!"
1898,현대 HCN 라서즐거운카드,우리카드,,"10,000","통신: 방송통신 서비스요금 자동이체 할인
테마파크: 롯데월드, 에버랜드, 서울랜드, 이월드(대구), 경주월드, 통도환타지아 자유이용권 50% 현장할인
영화: 모든 영화관 3,000원 청구할인
패밀리레스토랑: 아웃백, TGIF 10% 청구할인
카페: 스타벅스, 투썸플레이스 20% 청구할인
유의사항: 꼭 확인하세요!"
1899,New LG전자 베스트샵 PLUS 신한카드,신한카드,,"10,000","쇼핑: LG전자 5~10% 청구할인
LG전자 베스트샵 멤버십 포인트 0.5% 적립
무이자할부: 베스트 플러스 할부 포인트 최고 3% 적립
테마파크: 롯데월드, 서울랜드 50% 할인
프리미엄 서비스: 마스터카드 플래티늄 서비스
유의사항: 꼭 확인하세요!"
1900,Win.K 체크카드,교보증권,,,"학원: 국내 전 학원업종 10% 청구할인
도서: 서점/응시료 각 10% 청구할인
주유소: 주유소 리터당 100원 할인
카페: 커피전문점 10% 청구할인
편의점: 편의점 10% 청구할인
통신: 이동통신요금 10% 할인
유의사항: 꼭 확인하세요!"
1901,현대렌탈케어 우리카드,우리카드,,"10,000","렌탈 : 현대렌탈케어 렌탈요금 자동이체 할인
패밀리레스토랑: 아웃백, TGIF 10% 청구할인
카페: 스타벅스, 투썸플레이스 20% 청구할인
영화: 모든 영화관 3,000원 청구할인
테마파크: 롯데월드, 에버랜드, 서울랜드, 이월드(대구), 경주월드, 통도환타지아 자유이용권 50% 현장할인
유의사항: 꼭 확인하세요!"
1902,삼성카드 BIZ 4 V2,삼성카드,"28,000","30,000","모든가맹점: 모든 가맹점 0.6% 결제일할인(청구할인)
생활: 할인점·음식점·주유소·병원·약국 1.2% 결제일할인(청구할인)
영화: 모든 영화관 8,000원 이상 현장결제 시 3,000원 결제일할인(청구할인)
기타: 5대업종 (4대 보험/전기/인터넷/이마트 트레이더스/손해보험) 5% 결제일할인(청구할인)
프리미엄 서비스: 아멕스 서비스
비즈니스: 개인사업지원 서비스
경기관람: 2021년 프로스포츠 제휴 구단 정규시즌 홈 경기 할인 프로모션"
1903,부자되세요 더마일리지 체크카드,교보증권,,,"대한항공: 대한항공 마일리지 1000원당 1마일 SUPER 적립
대한항공 마일리지 3000원당 1마일 일반 적립
온라인쇼핑: 5개 온라인몰 5% 청구할인
점심: 11~14시 사이 음식점 10% 청구할인
대형마트: 이마트, 롯데마트, 홈플러스 10% 청구할인
카페: 커피전문점 10% 청구할인
통신: 이동통신요금 10% 할인
편의점: 편의점 10% 할인
경기관람: 프로야구, 축구, 배구 예매 20% 할인
유의사항: 꼭 확인하세요!"
1904,THE O V2 (포인트),삼성카드,"595,000","600,000","바우처: 기프트 서비스 제공(30~35만원 상당)
적립: 전월 이용금액에 관계없이, 적립한도 없이 이용금액의 1.2% 빅포인트 적립
카페: 10대 커피전문점 20% 결제일할인(청구할인)
영화: CGV·롯데시네마·메가박스에서 영화 티켓 건별 10,000원 이상 결제 시 5,000원 결제일할인(청구할인)
택시: 택시 건별 10,000원 이상 결제 시 3,000원 결제일할인(청구할인)
프리미엄 서비스: VISA 서비스"
1905,THE O V2 (아시아나),삼성카드,"595,000","600,000","바우처: 기프트 서비스 제공(30~35만원 상당)
아시아나항공: 전월 이용금액에 관계없이, 적립한도 없이 이용금액의 1,500원당 아시아나 2 마일리지 적립
카페: 10대 커피전문점 20% 결제일할인(청구할인)
영화: CGV·롯데시네마·메가박스에서 영화 티켓 건별 10,000원 이상 결제 시 5,000원 결제일할인(청구할인)
택시: 택시 건별 10,000원 이상 결제 시 3,000원 결제일할인(청구할인)
프리미엄 서비스: MASTER 서비스"
1906,후불하이패스카드(비씨),NH농협카드,,"2,000","자동차/하이패스: 출퇴근 시간대 통행료 자동할인
유의사항: 꼭 확인하세요!"
1907,우체국 우리동네plus 체크카드,우체국,,,"선택형: 서비스 타입(Ⅰ·Ⅱ·Ⅲ type) 중 1종 선택하여 발급
기타: 그린카드 멤버십 서비스
유의사항: 꼭 확인하세요!"
1908,THE 1,삼성카드,"195,000","200,000","바우처: 기프트 옵션 서비스(택1)
적립: 모든 가맹점 1% 및 백화점·여행·호텔·골프·해외 1.5% 빅포인트 적립
택시: 일반 택시요금 1만원 이상 결제 시 2,000원 결제일할인(청구할인)
공항: 인천공항 주차요금 3만원 이상 결제 시 10,000원 결제일할인(청구할인)
카페: 스타벅스 1만원 이상 결제 시 2,000원 결제일할인(청구할인)
프리미엄 서비스: 아멕스 서비스
유의사항: 꼭 확인하세요!"
1909,THE 1 (스카이패스),삼성카드,"245,000","250,000","바우처: 기프트 옵션 서비스(택1)
대한항공: 모든 제휴점 1% 및 백화점·여행·호텔·골프·해외 1.5% 빅포인트 적립
택시: 일반 택시요금 1만원 이상 결제 시 2,000원 결제일할인(청구할인)
카페: 스타벅스 1만원 이상 결제 시 2,000원 결제일할인(청구할인)
공항: 인천공항 주차요금 3만원 이상 결제 시 10,000원 결제일할인(청구할인)
프리미엄 서비스: 아멕스 서비스
경기관람: 2021년 프로스포츠 제휴 구단 정규시즌 홈 경기 할인 프로모션"
1910,Joy더함카드(비씨),NH농협카드,"8,000","10,000","OTT/영화/문화: 영화 · 커피 30~50% 청구할인
패밀리레스토랑: 패밀리레스토랑 20% 청구할인
무이자할부: 쇼핑업종 상시 2~3개월 무이자 할부
테마파크: 주요 놀이공원 무료입장 또는 할인
기타: 기타서비스
유의사항: 꼭 확인하세요!"
1911,할인더함카드(비씨),NH농협카드,"8,000","10,000","모든가맹점: 0.7 ~ 1.1% 청구할인
무이자할부: 모든 가맹점 2~3개월 무이자 할부
테마파크: 주요 놀이공원 무료입장 또는 할인
기타: 기타서비스
유의사항: 꼭 확인하세요!"
1912,유안타 Stock+ 체크카드,유안타증권,,,"증권사: 주식 약정별 카드사용금액의 0.5~1.0% 캐시백 제공
유의사항: 꼭 확인하세요!"
1913,THE 1 BIZ,삼성카드,"215,000","220,000","바우처: 기프트 옵션 서비스(택1)
적립: 모든 가맹점 1.2% 빅포인트 적립
택시: 일반 택시요금 1만원 이상 결제 시 2,000원 결제일할인(청구할인)
카페: 스타벅스 1만원 이상 결제 시 2,000원 결제일할인(청구할인)
공항: 인천공항 주차요금 3만원 이상 결제 시 10,000원 결제일할인(청구할인)
프리미엄 서비스: 아멕스 서비스
경기관람: 2021년 프로스포츠 제휴 구단 정규시즌 홈 경기 할인 프로모션
할인: 5대업종 (4대 보험/전기/인터넷/이마트 트레이더스/손해보험) 5% 결제일할인(청구할인)
비즈니스: BIZ 우대서비스"
1914,포인트더함카드(비씨),NH농협카드,"8,000","10,000","BC TOP: 장기우수고객 0.4 ~ 2% TOP포인트적립
무이자할부: 모든 가맹점 무이자 할부
테마파크: 주요 놀이공원 무료입장 또는 할인
기타: 기타서비스
유의사항: 꼭 확인하세요!"
1915,채움 후불하이패스카드(비씨),NH농협카드,"2,000",,"자동차/하이패스: 출퇴근 시간대 통행료 자동할인
유의사항: 꼭 확인하세요!"
1916,YoungPro NH투자증권 카드,NH농협카드,"8,000","10,000","증권사: NH투자증권 온라인 위탁매매수수료(0.015%) 청구할인
푸드: 전 요식업종 3% 청구할인
기타: 기타서비스
유의사항: 꼭 확인하세요!"
1917,하나로카드,NH농협카드,"6,000","8,000","쇼핑: 농협판매장 이용시 10% 청구 할인
주유: 농협운영/SK에너지 주유소 및 충전소 이용시 리터당 60원 청구 할인
대중교통: 대중교통 5% 청구 할인
병원/약국: 병원/약국 이용시 5% 청구 할인
기타: 기타서비스
유의사항: 꼭 확인하세요!"
1918,유안타 W-CMA 롯데체크카드,롯데카드,,"12,000","금융: 유안타증권 W-CMA 서비스
기타: 연회비 면제 및 SMS 무료 서비스
헤어: 미용실 최대 20% 할인
테마파크: 자유이용권 최대 50%할인
쇼핑: 롯데백화점 5%할인
여행/숙박: 항공권 최대 7%할인
푸드: T.G.I.F 상시 10% 할인
유의사항: 꼭 확인하세요!"
1919,유안타 W-CMA 캐시백 롯데카드,롯데카드,,,"금융: 유안타 W-Membership서비스
기타: 월 최대 4만원까지 캐시백
헤어: 미용실 최대 20% 할인
경기관람: 롯데 자이언츠 20% 할인
쇼핑: 롯데백화점 5%할인
OTT/영화/문화: 롯데시네마 관람료 1,500원 청구할인
유의사항: 꼭 확인하세요!"
1920,유안타 W-CMA 포인트플러스 롯데카드,롯데카드,,"5,000","기타: 유안타 W-Membership서비스
무이자할부: 6개월 슬림할부 및 2~3개월 무이자 할부 서비스
헤어: 미용실 최대 20% 할인
경기관람: 롯데 자이언츠 20% 할인
쇼핑: 롯데백화점 5%할인
OTT/영화/문화: 롯데시네마 관람료 1,500원 청구할인
주유소: SK주유소 리터당 SK주유포인트 50원적립
기타: L.POINT 적립 및 롯데 SK 주유포인트 적립
유의사항: 꼭 확인하세요!"
1921,야구사랑 체크카드(LG트윈스),롯데카드,,,"경기관람: 프로야구 티켓 10% 할인
할인: 커피전문점 및 야구장 안에 있는 편의시설 할인
기타: 연회비 면제 및 SMS 무료 서비스
헤어: 미용실 최대 20% 할인
경기관람: 롯데 자이언츠 20% 할인
쇼핑: 롯데백화점 5% 할인 e-쿠폰 및 무료 주차권 제공
테마파크: 놀이공원 50% 할인
영화: 롯데시네마 관람료 1,500원 청구할인
푸드: 외식 10% 할인
여행/숙박: 여행 서비스
유의사항: 꼭 확인하세요!"
1923,DC Plus 카드,롯데카드,"10,000","10,000","쇼핑: 롯데멤버스 제휴사 5~7% 청구할인
무이자할부: 학원, 병/의원 업종 2~3개월 무이자할부
쇼핑: 쇼핑 혜택
푸드: 여가 및 외식 혜택
헤어: 뷰티 혜택
멤버십포인트: L.POINT
유의사항: 꼭 확인하세요!"
1925,야구사랑 체크카드(SK와이번스),롯데카드,,,"경기관람: 프로야구 티켓 10% 할인
할인: 커피전문점 및 야구장 안에 있는 편의시설 할인
기타: 연회비 면제 및 SMS 무료 서비스
헤어: 미용실 최대 20% 할인
경기관람: 롯데 자이언츠 20% 할인
쇼핑: 롯데백화점 5% 할인 e-쿠폰 및 무료 주차권 제공
테마파크: 놀이공원 50% 할인
영화: 롯데시네마 관람료 1,500원 청구할인
푸드: 외식 10% 할인
여행/숙박: 여행 서비스
유의사항: 꼭 확인하세요!"
1926,E1 LPG 롯데카드,롯데카드,"15,000",,"충전소: E1충전소(리터당 87포인트) 외 5개 업종 이용 시 E1 오렌지포인트 적립
정비: E1 오렌지카드 서비스
보험: 자동차보험료 청구할인
헤어: 미용실 최대 20% 할인
테마파크: 놀이공원 최대 50% 할인
경기관람: 롯데 자이언츠 20% 할인
쇼핑: 롯데백화점, 롯데ON, 롯데면세점, 롯데마트, 롯데슈퍼, 토이저러스 혜택
OTT/영화/문화: 롯데시네마, 뮤지컬, 연극 할인
패밀리레스토랑: 보네스뻬, 보네스뻬브레드, T.G.I.F, 미스터피자 할인
멤버십포인트: L.POINT
유의사항: 꼭 확인하세요!"
1927,야구사랑 체크카드(기아타이거즈),롯데카드,,,"경기관람: 프로야구 티켓 10% 할인
할인: 커피전문점 및 야구장 안에 있는 편의시설 할인
기타: 연회비 면제 및 SMS 무료 서비스
헤어: 미용실 최대 20% 할인
경기관람: 롯데 자이언츠 20% 할인
쇼핑: 롯데백화점 5% 할인 e-쿠폰 및 무료 주차권 제공
테마파크: 놀이공원 50% 할인
영화: 롯데시네마 관람료 1,500원 청구할인
푸드: 외식 10% 할인
여행/숙박: 여행 서비스
유의사항: 꼭 확인하세요!"
1928,야구사랑 체크카드(넥센히어로즈),롯데카드,,,"경기관람: 프로야구 티켓 10% 할인
할인: 커피전문점 및 야구장 안에 있는 편의시설 할인
기타: 연회비 면제 및 SMS 무료 서비스
헤어: 미용실 최대 20% 할인
경기관람: 롯데 자이언츠 20% 할인
쇼핑: 롯데백화점 5% 할인 e-쿠폰 및 무료 주차권 제공
테마파크: 놀이공원 50% 할인
영화: 롯데시네마 관람료 1,500원 청구할인
푸드: 외식 10% 할인
여행/숙박: 여행 서비스
유의사항: 꼭 확인하세요!"
1929,야구사랑 체크카드(삼성라이온즈),롯데카드,,,"경기관람: 프로야구 티켓 10% 할인
할인: 커피전문점 및 야구장 안에 있는 편의시설 할인
기타: 연회비 면제 및 SMS 무료 서비스
헤어: 미용실 최대 20% 할인
경기관람: 롯데 자이언츠 20% 할인
쇼핑: 롯데백화점 5% 할인 e-쿠폰 및 무료 주차권 제공
테마파크: 놀이공원 50% 할인
영화: 롯데시네마 관람료 1,500원 청구할인
푸드: 외식 10% 할인
여행/숙박: 여행 서비스
유의사항: 꼭 확인하세요!"
1930,야구사랑 체크카드(한화이글스),롯데카드,,,"경기관람: 프로야구 티켓 10% 할인
할인: 커피전문점 및 야구장 안에 있는 편의시설 할인
기타: 연회비 면제 및 SMS 무료 서비스
헤어: 미용실 최대 20% 할인
경기관람: 롯데 자이언츠 20% 할인
쇼핑: 롯데백화점 5% 할인 e-쿠폰 및 무료 주차권 제공
테마파크: 놀이공원 50% 할인
영화: 롯데시네마 관람료 1,500원 청구할인
푸드: 외식 10% 할인
여행/숙박: 여행 서비스
유의사항: 꼭 확인하세요!"
1931,어바웃 롯데카드,롯데카드,"5,000","10,000","온라인쇼핑: 어바웃에서 상품 구매 시 5~ 10% 할인
헤어: 미용실 최대 20% 할인
경기관람: 롯데 자이언츠 20% 할인
쇼핑: 롯데백화점 5% 할인 e-쿠폰 및 무료 주차권 제공
OTT/영화/문화: 롯데시네마 관람료 1,500원 청구할인
주유소: SK주유소 리터당 SK주유포인트 50원적립
기타: 포인트 적립
유의사항: 꼭 확인하세요!"
1932,E1 LPG 롯데 체크카드,롯데카드,,,"멤버십포인트: E1 LPG 충전소 리터당 47 오렌지포인트 적립
정비: E1 오렌지카드 서비스
연회비지원: 연회비 면제 및 SMS 무료 서비스
헤어: 미용실 최대 20% 할인
테마파크: 놀이공원 최대 50% 할인
경기관람: 롯데 자이언츠 20% 할인
쇼핑: 롯데백화점, 롯데ON, 롯데마트, 롯데슈퍼, 토이저러스 혜택
영화: 롯데시네마 할인
푸드: 보네스뻬, 보네스뻬브레드, T.G.I.F, 롯데리아, 엔제리너스커피, 나뚜루 할인
멤버십포인트: L.POINT
유의사항: 꼭 확인하세요!"
1933,베스트파트너 법인카드,롯데카드,,,"적립: 롯데 법인 포인트 및 제휴사 칠성포인트 적립
기타: 여행자보험 무료 가입 최대 10억원 보장
카드사: 롯데카드 기본 서비스
유의사항: 꼭 확인하세요!"
1934,레일플러스 포인트 롯데카드,롯데카드,"10,000","15,000","기차: 레일플러스포인트 10% 적립
푸드: 롯데리아, 엔제리너스커피, 나뚜루 10% 할인
T.G.I.F, 보네스뻬, 크리스피크림도넛 10% 할인
대중교통: 대중교통 3% 할인
백화점: 롯데백화점 5% 할인
테마파크: 롯데월드 50% 할인
롯데시네마 영화 1,500원 할인
푸드: T.G.I.FRiDAY'S 10% 현장할인(주류 제외)
롯데리아·나뚜루·엔제리너스 1,000원당 50원 현장할인
유의사항: 꼭 확인하세요!"
1935,비즈니스 법인카드,롯데카드,,,"비즈니스: 비즈니스 관련 업종 할인 서비스
기타: 여행자보험 무료 가입 최대 10억원 보장
OK캐쉬백: OK Cashbag 포인트 서비스
카드사: 롯데카드 기본 서비스"
1936,로열30 인피니트 카드,롯데카드,,"1,000,000","바우처: 듀퐁 50만원 상품권 제공(연 1회)
기타: 플라이어마일 1,500원당 최대 2마일 적립
프리미엄 서비스: 호텔, 항공, 컨시어지 등 프리미엄서비스 제공
해외: 비자 인피니티 서비스
유의사항: 꼭 확인하세요!"
1937,아멕스 센츄리온 법인카드,롯데카드,,,"모든가맹점: 국내 및 해외가맹점 이용금액 AMEX 법인 포인트 적립
프리미엄 서비스: AMEX 셀렉트(American Express Selects) 서비스 제공
기타: 여행자보험 무료 가입 최대 12억원 보장
유의사항: 꼭 확인하세요!"
1938,롯데 AUTO 세이브 카드,롯데카드,"10,000","10,000","차/중고차: 모든자동차 구매 시 포인트연계할부 서비스 제공
기타: 플라이어마일 1,500원당 최대 2마일 적립
적립: 모든 주유소 3% 적립
일반가맹점 0.7%적립
백화점: 롯데백화점 5% 할인
롯데백화점 무료주차권 제공
유의사항: 꼭 확인하세요!"
1939,우리은행 롯데 오토빌 법인카드,롯데카드,,,"모든가맹점: 국내외가맹점 0.4% 롯데 법인 포인트 적립
비즈니스: 경비지출 관리 서비스
공항라운지: 국내 공항라운지 무료이용 서비스
기타: 여행자보험 무료 가입 최대 10억원 보장
유의사항: 꼭 확인하세요!"
1940,스카이패스카드,IBK기업은행,,"15,000","대한항공: 국내외 이용금액 1,500원당 대한항공 1마일리지 적립
유의사항: 꼭 확인하세요!"
1941,농업경영체크카드,NH농협카드,,,"모든가맹점: NH포인트 서비스
기타: 기타서비스
유의사항: 꼭 확인하세요!"
1942,우편요금 결제전용 카드(우체국),IBK기업은행,,,"기타: 우체국 결제 전용 카드
유의사항: 꼭 확인하세요!"
1943,아시아나클럽카드,IBK기업은행,"12,000","15,000","아시아나항공: 국내외 이용금액 1,000원당 아시아나 1마일리지 적립
유의사항: 꼭 확인하세요!"
1944,엘포인트카드(비씨),NH농협카드,,"15,000","멤버십포인트: 롯데 쇼핑계열 특별가맹점 L.POINT 적립
멤버십포인트: 생활편의업종 L.POINT 적립
대형마트: 농협하나로 클럽·마트 3% 청구할인
테마파크: 주요 놀이공원 할인
멤버십포인트: L.POINT 안내
유의사항: 꼭 확인하세요!"
1945,팜코 카드,IBK기업은행,,,"병원/약국: 의약품 및 의료용품 구입 이용금액 1% 포인트 적립
유의사항: 꼭 확인하세요!"
1946,I-biz 팜코카드,IBK기업은행,,,"병원/약국: 의약품 및 의료용품 구입 이용금액 1% 포인트 적립
무이자할부: 2~3개월 무이자할부
유의사항: 꼭 확인하세요!"
1947,전기료 결제전용 카드(체크),IBK기업은행,,,"공과금: 전기료 결제금액 0.75% 캐시백
유의사항: 꼭 확인하세요!"
1948,청년농업희망카드(비씨),NH농협카드,"7,000",,"모든가맹점: 국내 전 가맹점 0.5% 청구할인
하나로클럽 및  농.축협 직영매장 1.5% 할인 
유의사항: 꼭 확인하세요!"
1949,IBK 후불 하이패스 카드(개인),IBK기업은행,"2,000",,"하이패스: 후불 하이패스 전용카드 이용 및 할인 혜택
유의사항: 꼭 확인하세요!"
1950,IBK 후불 하이패스 카드(기업),IBK기업은행,"2,000",,"하이패스: 후불 하이패스 전용카드 이용 및 할인 혜택
유의사항: 꼭 확인하세요!"
1951,청년농업희망체크카드(비씨),NH농협카드,,,"모든가맹점: 모든 가맹점 기본할인 및 특별할인
유의사항: 꼭 확인하세요!"
1952,충남 다자녀행복키움카드(신용),NH농협카드,"7,000","9,000","주유: GS칼텍스 주유소 이용 시 리터당 80원 할인
카페/디저트: 커피 전문점 5% 할인
쇼핑: 백화점 및 대형할인점 이용 시 5% 할인
온라인쇼핑: G마켓, 옥션, 11번가, 쿠팡, 티몬 5% 할인
푸드: 패밀리 레스토랑 5% 할인
편의점: GS25, CU, 세븐일레븐 5% 할인
교육/육아: 학원업종 및 병원(병원·의원·한의원) 업종 이용시 7% 할인
OTT/영화/문화: 영화 인터넷 예매 시 2천원 할인
통신: 이동통신요금 자동이체 5% 할인
유의사항: 주요 서비스 통합 월 할인한도
테마파크: 주요 놀이공원 현장할인 & 문화시설 청구할인"
1953,다이아몬드 법인카드,롯데카드,,"300,000","바우처: Special Gift
항공권: 국내외 동반자 무료 항공권 연 1회
대한항공: 이용실적에 따라 대한항공 SKYPASS 1~2 마일리지 적립
골프: 최대 1억원 골프 상해 보험 서비스
공항라운지: 공항라운지 무료 이용 서비스 연 3회
프리미엄 서비스: MASTER Diamond Service
유의사항: 꼭 확인하세요!"
1954,롯데 뉴라인 골드 아멕스카드,롯데카드,,"80,000","멤버십포인트: 국내 및 해외 가맹점에서 카드 결제 시 0.5% L.POINT 적립
주유소: 전국 SK주유소에서 주유 시 리터당 50포인트 적립
항공권: 국내선 동반자 무료항공권 서비스(연1회)
공항라운지: 스카이허브 라운지, 마티나(인천공항 제1여객터미널)라운지 무료입장
유의사항: 꼭 확인하세요!"
1955,충남 다자녀행복키움카드(체크),NH농협카드,,,"모든가맹점: 국내·외 전 가맹점 0.2~0.4% TOP포인트 적립
도서: 서점 이용 시 3% 청구할인
OTT/영화/문화: 영화할인
테마파크: 주요 놀이공원 현장할인 & 문화시설 청구할인
기타: 서비스 이용조건
유의사항: 꼭 확인하세요!"
1956,롯데 뉴라인 아멕스카드,롯데카드,,"25,000","멤버십포인트: 국내 및 해외 가맹점에서 카드 결제 시 0.5% L.POINT 적립
주유소: 전국 SK주유소에서 주유 시 리터당 50포인트 적립
유의사항: 꼭 확인하세요!"
1957,롯데 비즈니스 체크 카드,롯데카드,"5,000",,"비즈니스: 비즈니스 및 주유업종 할인
헤어: 미용실 현장할인
푸드: 외식
쇼핑: 쇼핑
기타: 서비스
유의사항: 꼭 확인하세요!"
1958,롯데 체크플러스 카드,롯데카드,,,"멤버십포인트: 더블 포인트 적립 서비스
하이브리드: 소액신용서비스
쇼핑: 쇼핑
OTT/영화/문화: 롯데월드, 롯데시네마 할인
푸드: 푸드
주유소: SK주유포인트 적립
유의사항: 꼭 확인하세요!"
1959,롯데마트 DC100 카드,롯데카드,"8,000","12,000","쇼핑: DC100 서비스
대형마트: DC10 서비스
무이자할부: 무이자 할부 서비스
유의사항: 꼭 확인하세요!"
1960,모두모아 체크카드,교보증권,,,"모든가맹점: 전 가맹점 0.5% 캐시백
증권사: CMA 금융서비스 혜택
유의사항: 꼭 확인하세요!"
1961,S1카드,Sh수협은행,"10,000","10,000","선택형: 7개 업종 중 선택한 1개 업종 가맹점에서 카드 사용 시 7% 청구 할인
마트/편의점: [선택] 전국 모든 마트, 슈퍼, 편의점 7% 청구할인
푸드: [선택] 전국 모든 음식점, 제과점 7% 청구할인
쇼핑: [선택] 전국 모든 백화점, 면세점, 홈쇼핑, 온라인쇼핑 7% 청구할인
레저/스포츠: [선택] 전국 모든 스포츠/놀이공원/영화관/여행 업종 7% 청구할인
교육/육아: [선택] 전국 모든 학원(온라인 강의 제외) 7% 청구할인
병원/약국: [선택] 전국 모든 병원(동물병원 제외), 의원, 한의원, 약국, 산후조리원 7% 청구할인
주유: [선택] 전국 모든 주유소, 가스충전소에서 카드 사용 시 리터당 60원 청구할인
유의사항: 꼭 확인하세요!"
1962,휴먼라이프 S1 수협카드,Sh수협은행,"10,000","12,000","선택형: 7개 업종 중 선택한 1개 업종 가맹점에서 카드 사용 시 7% 청구 할인
마트/편의점: [선택] 전국 모든 마트, 슈퍼, 편의점 7% 청구할인
푸드: [선택] 전국 모든 음식점, 제과점 7% 청구할인
쇼핑: [선택] 전국 모든 백화점, 면세점, 홈쇼핑, 온라인쇼핑 7% 청구할인
레저/스포츠: [선택] 전국 모든 스포츠/놀이공원/영화관/여행 업종 7% 청구할인
교육/육아: [선택] 전국 모든 학원(온라인 강의 제외) 7% 청구할인
병원/약국: [선택] 전국 모든 병원(동물병원 제외), 의원, 한의원, 약국, 산후조리원 7% 청구할인
주유: [선택] 전국 모든 주유소, 가스충전소에서 카드 사용 시 리터당 60원 청구할인
유의사항: 꼭 확인하세요!"
1963,Real Zero 체크카드,Sh수협은행,,,"기타: 금융우대 서비스
유의사항: 꼭 확인하세요!"
1964,KDB Choice 하이브리드 카드,KDB산업은행,,,"선택형: 10대 주거래 업종 중 고객이 직접 선택한 2개 혜택업종의 전가맹점 5% 캐시백
대형마트: [선택] 대형마트 5% 캐시백
기타: [선택] 슈퍼 5% 캐시백
온라인쇼핑: [선택] 온라인쇼핑 5% 캐시백
기타: [선택] 통신 5% 캐시백
백화점: [선택] 백화점 5% 캐시백
기타: [선택] 레저 5% 캐시백
기타: [선택] 병의원/약국 5% 캐시백
홈쇼핑: [선택] 홈쇼핑 5% 캐시백
호텔: [선택] 숙박 5% 캐시백
카페: [선택] 커피 5% 캐시백
대중교통: 후불교통 청구할인
유의사항: 꼭 확인하세요!"
1965,KDB SAMSUNGCARD 4,삼성카드,"5,000",,"모든가맹점: 0.7% 결제일할인(청구할인)
영화: 모든 영화관 2,500원 결제일할인
은행사: KDB산업은행 금융/여행/생활 서비스
프리미엄: American Express Selects 서비스
경기관람: 프로스포츠 프로모션 서비스
유의사항: 꼭 확인하세요!"
1966,스마트36 우리카드,우리카드,,"10,000","렌탈 : 렌탈요금 자동이체 청구할인
패밀리레스토랑: 아웃백, TGIF 10% 청구할인
카페: 스타벅스, 투썸플레이스 20% 청구할인
영화: 모든 영화관 3,000원 청구할인
테마파크: 롯데월드, 에버랜드, 서울랜드, 이월드(대구), 경주월드, 통도환타지아 자유이용권 50% 현장할인
유의사항: 꼭 확인하세요!"
1967,BeV Ⅸ 대한항공 카드,KB국민카드,"15,000","15,000","대한항공: 대한항공 마일리지 적립서비스
결제납부금액에 따라 월간 3만 마일리지까지 적립
바우처: 동반자 1인에 대한 대한항공 이코노미 클래스 또는 비즈니스 클래스 왕복항공권을 무료로 제공
바우처: 이코노미클래스 좌석을 비즈니스 클래스 좌석으로 또는 비즈니스 클래스 좌석을 퍼스트 클래스 좌석으로 승급
바우처: 3인 이상 하나투어 해외여행/해외호텔을 예약하실 경우 1인 여행경비에 대해 100만원까지 현장할인
바우처: 서비스 ① CGV CINE de CHEF 동반자 1인 무료 서비스
서비스 ② 인터파크 공연 동반자 1인 무료 서비스
프리미엄 서비스: BeV Ⅸ 서비스 / BeV Ⅸ VISA Infinite 전용서비스 등
유의사항: 꼭 확인하세요!"
1968,리마크 우리카드,우리카드,,"10,000","공과금: KT estate(Remark) 임대관리비 자동이체 할인서비스
편의점: 편의점 10% 청구할인
영화: 전국 영화관 3천원 청구할인
패밀리레스토랑: 패밀리레스토랑 10% 청구할인
카페: 커피 20% 청구할인
유의사항: 꼭 확인하세요!"
1969,리워드W신용카드,SC제일은행,"7,000","8,000","모든가맹점: 국내외 가맹점 결제 시 360리워드포인트 적립
디지털구독: [할인서비스] 넷플릭스 결제 시 승인건 당 1천원 할인
택시: [할인서비스] 택시 결제 시 승인건 당 1천원 할인
카페: [할인서비스] 스타벅스 결제 시 승인건 당 1천원 할인
유의사항: 꼭 확인하세요!"
1970,리워드W체크카드,SC제일은행,,,"모든가맹점: 리워드포인트 적립 서비스
공항라운지: 공항 라운지 서비스
유의사항: 꼭 확인하세요!"
1971,GOODSHOT카드,NH농협카드,"7,000","20,000","골프: 전국 모든 골프장 · 골프연습장 · 스크린골프장 10% 청구할인
주유: 전국 모든 주유소 · 충전소 리터당 60원 청구할인
기타: 기타서비스
프리미엄: MASTERCARD TITANIUM PREMIUM SERVICES
유의사항: 꼭 확인하세요!"
1972,쿠쿠 Slim(슬림)할부 우리카드,우리카드,,"10,000","렌탈 : 쿠쿠 전 제품 및ㅇ 유지/관리 서비스 이용 시 슬림할부 제공
전월실적에 따른른 쿠쿠 1만~2만 할인 제공
통신: 통신요금 3~5% 청구할인
대형마트: 대형마트 3~5% 청구할인
카페: 커피 3~5% 청구할인
병원/약국: 병의원, 약국 3~5% 청구할인
유의사항: 꼭 확인하세요!"
1973,딜라이트(Delight)카드,SC제일은행,"10,000","10,000","주유소: 주중 GS칼텍스 주유소 이용시 리터당 40원 할인
영화: CGV영화관 2,000원 청구할인
CJ ONE: CJ계열 가맹점 할인 및 CJ 포인트 적립 혜택
무이자할부: 무이자 할부 서비스
유의사항: 꼭 확인하세요!"
1974,Lady라온카드,NH농협카드,,"20,000","쇼핑: 농협판매장, 백화점, 대형마트, 온라인 쇼핑몰 5% NH포인트 적립
OTT/영화/문화: 영화, 커피 30~50% 청구할인
패밀리레스토랑: 패밀리 레스토랑 20% 청구할인
레저/스포츠: 레저/스포츠 업종 5% 청구할인
뷰티/피트니스: 미용실업종 10% 청구할인
테마파크: 주요 놀이공원 무료입장 또는 할인
기타: 기타서비스
프리미엄: MASTERCARD TITANIUM PREMIUM SERVICES
유의사항: 꼭 확인하세요!"
1975,마블 체크카드(에이스플러스체크카드),SC제일은행,,,"영화: 영화 인터넷 예매시 1,500원 청구할인
테마파크: 유명 놀이공원 무료입장 또는 자유이용권 현장할인
패밀리레스토랑: 외식 패밀리레스토랑 10% 청구할인
카페: 스타벅스 20% 청구할인
도서: 교보문고,  Yes24 1만원 이상 구매시 1,500원 청구할인
주유소: GS칼텍스 리터당 25원 청구할인
면세점: 동화면세점 최고 10% 현장할인
수수료우대: 환전 및 해외송금 시 환율 50% 우대
유의사항: 꼭 확인하세요!"
1976,NH올원 시럽카드,NH농협카드,"8,000","10,000","멤버십포인트: 멀티 멤버십 서비스
멤버십포인트: 모바일쿠폰 서비스
해외: 해외직구 및 해외이용 할인
대중교통: 대중교통(버스/지하철) 할인
금융: 농협 인터넷뱅킹 등 수수료 면제
유의사항: 꼭 확인하세요!"
1977,SB 팝 체크카드,SBI저축은행,,,"기타: GS 제휴 혜택 GS&POINT 할인 및 적립, 사용
편의점: [쇼핑할인혜택] GS25 10% 할인
온라인쇼핑: [쇼핑할인혜택] 온라인쇼핑 5% 할인
대형마트: [쇼핑할인혜택] 오프라인쇼핑 5% 할인
카페: [쇼핑할인혜택] 스타벅스 20% 할인
기타: 추가 금융 혜택
유의사항: 꼭 확인하세요!"
1978,NH올원 시럽체크카드,NH농협카드,,,"멤버십포인트: 멀티 멤버십 서비스
멤버십포인트: 모바일쿠폰 서비스
해외: 해외직구 및 해외이용 할인
교통: 대중교통(버스/지하철) 할인
금융: 농협 인터넷뱅킹 등 수수료 면제
유의사항: 꼭 확인하세요!"
1979,SB 팝 플러스 체크카드,SBI저축은행,,,"기타: GS 제휴 혜택 GS&POINT 할인 및 적립, 사용
모든가맹점: 모든가맹점 최대 0.4% 할인
은행사: 추가 금융 혜택
유의사항: 꼭 확인하세요!"
1980,LG전자 베스트렌탈 우리카드,우리카드,"12,000","15,000","렌탈 : LG전자 베스트렌탈 자동이체 청구할인 최대 2만원
유의사항: 꼭 확인하세요!"
1981,SK매직 우리카드,우리카드,"12,000","15,000","렌탈 : SK매직 자동이체청구할인
유의사항: 꼭 확인하세요!"
1982,NEW 코웨이 우리카드,우리카드,"12,000","15,000","렌탈 : 코웨이렌탈 자동이체 요금할인
유의사항: 꼭 확인하세요!"
1983,Save&Safe(세이브앤세이프)카드(비씨),NH농협카드,,,"모든가맹점: Save Service : Top-Save 포인트 적립
쇼핑: 대형마트 및 온라인 쇼핑몰 이용액의 5~7% Top-Save 포인트 적립
주유: GS칼텍스 주유소 리터당 60원~80원 Top-save 포인트 적립
푸드: 주요 패밀리레스토랑, 커피전문점 10~20% Top-save 포인트 적립
도서: 주요 대형서점 10~20% Top-save 포인트 적립
교통: 철도/고속버스 이용대금 5~10% Top-save 포인트 적립
유의사항: 꼭 확인하세요!"
1984,동양생명 우리카드,우리카드,"12,000","15,000","보험사: 동양생명 보험료 자동이체 청구할인
유의사항: 꼭 확인하세요!"
1985,내가그린카드,SBI저축은행,,,"소셜커머스: [할인서비스] 소셜 커머스 5% 할인
온라인쇼핑: [할인서비스] 대형 온라인몰 5% 할인
점심: [할인서비스] 점심식사 5% 할인
카페: [할인서비스] 커피 10% 할인
영화: [할인서비스] 영화 3천원 할인
공연/전시: [할인서비스] 공연 3천원 할인
통신: [할인서비스] 이동통신요금 2천원 할인
도서: [할인서비스] 서적 5% 할인
은행사: 금융 수수료 면제
유의사항: 꼭 확인하세요!"
1986,SK매직 슬림할부 우리카드,우리카드,"10,000","15,000","생활: 동양생명 보험료 자동이체 청구할인
유의사항: 꼭 확인하세요!"
1987,롯데마트 롯데카드,롯데카드,"10,000","15,000","대형마트: 롯데마트 온/오프라인 매장에서 5만원 이상 결제시, 10%청구할인
무이자할부: 롯데마트 및 토이저러스 2~3개월 무이자할부
헤어: 미용실 최대 20% 할인
테마파크: 놀이공원
경기관람: 레저/스포츠
쇼핑: 쇼핑
OTT/영화/문화: 영화/공연
푸드: 외식
유의사항: 꼭 확인하세요!"
1988,함께그린카드,SBI저축은행,,,"대형마트: [할인서비스] 대형마트 5% 할인
전통시장: [할인서비스] 전통 시장 5% 할인
유치원: [할인서비스] 유치원 5% 할인
학원: [할인서비스] 학원 5% 할인
병원: [할인서비스] 의료비 5% 할인
패밀리레스토랑: [할인서비스] 외식 주중 5%, 주말 10% 할인
영화: [할인서비스] 영화 2,500원 할인
테마파크: [할인서비스] 그린 서비스
은행사: 금융 수수료 면제
유의사항: 꼭 확인하세요!"
1989,예다함 우리카드,우리카드,"10,000","12,000","생활: 예다함상조 자동이체 청구할인 최대 1만 4천원
테마파크: 롯데월드, 에버랜드, 이월드(대구), 경주월드, 통도환타지아 자유이용권 50% 현장할인
영화: 모든 영화관 3,000원 청구할인
패밀리레스토랑: 아웃백, VIPS 10% 청구할인
카페: 스타벅스, 커피빈 20% 청구할인
유의사항: 꼭 확인하세요!"
1990,엉 카드,우리카드,"10,000","12,000","생활: 엉 서비스 - O2O 앱 이용 시 10% 청구할인
마트/편의점: GS 25, GS 수퍼 10% 청구할인
GS POP 서비스
카페: 스타벅스 10% 청구할인
영화: 온라인 영화예매 2천원 청구할인
유의사항: 꼭 확인하세요!"
1991,BeV Ⅸ 토탈마일 카드,KB국민카드,,"1,000,000","대한항공: 토탈마일리지 적립서비스
결제납부금액에 따라 월간 3만 마일리지까지 적립
바우처: 동반자 1인에 대한 대한항공 이코노미 클래스 또는 비즈니스 클래스 왕복항공권을 무료로 제공
바우처: 이코노미클래스 좌석을 비즈니스 클래스 좌석으로 또는 비즈니스 클래스 좌석을 퍼스트 클래스 좌석으로 승급
바우처: 3인 이상 하나투어 해외여행/해외호텔을 예약하실 경우 1인 여행경비에 대해 100만원까지 현장할인
바우처: 서비스 ① CGV CINE de CHEF 동반자 1인 무료 서비스
서비스 ② 인터파크 공연 동반자 1인 무료 서비스
프리미엄 서비스: BeV Ⅸ 서비스 / BeV Ⅸ VISA Infinite 전용서비스 등
유의사항: 꼭 확인하세요!"
1992,청호나이스우리카드,우리카드,"12,000","15,000","렌탈 : 청호나이스 자동이체 청구할인
유의사항: 꼭 확인하세요!"
1993,롯데백화점 AVENUEL 카드,롯데카드,"50,000","50,000","멤버십포인트: 국내외 가맹점 L.POINT 0.5% 적립
프리미엄: MASTER 서비스
프리미엄: 마스터 월드 서비스
유의사항: 꼭 확인하세요!"
1994,BS렌탈 우리카드,우리카드,,"10,000","렌탈 : BS렌탈요금 자동이체 청구할인
패밀리레스토랑: 아웃백, TGIF 10% 청구할인
카페: ​스타벅스, 투썸플레이스 20% 청구할인
영화: 모든 영화관 3,000원 청구할인
테마파크: 놀이공원 자유이용권 50% 현장할인
유의사항: 꼭 확인하세요!"
1995,LIME 체크카드,MG새마을금고,,,"주유소: 주유 2,000원 당 최대 60원 할인
카페: 커피 1,000원 할인
편의점: 편의점 1,000원 할인
유의사항: 꼭 확인하세요!"
1996,NH올원 LG전자BEST카드,NH농협카드,,"15,000","렌탈 : LG Best Shop 라이트할부 및 렌탈료 자동이체 할인서비스
OTT/영화/문화: 커피 (스타벅스/이디야), 베이커리/아이스크림10% 청구할인
영화 CGV 1천원 청구할인
테마파크: 전국 주요 놀이공원 할인 50% 할인
유의사항: 꼭 확인하세요!"
1997,프리드라이프 우리카드,우리카드,,"10,000","생활: 프리드 상조, 웨딩, 투어, 리빙 서비스 자동이체 시 청구할인 적용
패밀리레스토랑: 아웃백, VIPS 10% 청구할인
카페: ​스타벅스, 커피빈 20% 청구할인
영화: 전국 영화관 3,000원 청구할인
테마파크: 주요 놀이공원 자유이용권 50% 현장할인
유의사항: 꼭 확인하세요!"
1998,NH올원 NH저축은행카드,NH농협카드,"8,000","10,000","적립: 전월실적에 상관없이 0.7 ~ 0.9% 적립
기타: 제휴서비스"
1999,바디프랜드 Slim(슬림)할부 우리카드,우리카드,,"10,000","생활: 바디프랜드 Slim(슬림)할부 및 할인
통신: 통신요금 할인
대형마트: 대형마트 할인
카페: 스타벅스, 투썸플레이스 할인
병원/약국: 전국 병·의원, 치과, 한의원, 동물병원, 약국 할인
유의사항: 꼭 확인하세요!"
2000,롯데백화점 CLUB L 카드,롯데카드,"50,000","50,000","멤버십포인트: 국내외 가맹점 L.POINT 0.5% 적립
프리미엄: MASTER 서비스
프리미엄: 마스터 월드 서비스
유의사항: 꼭 확인하세요!"
2001,꿀카드,MG새마을금고,,,"디지털구독: 쿠팡 로켓와우 멤버십 최대 2,900원 할인
디지털구독: OTT 서비스 2천원 할인
음원사이트: 음원 스트리밍 1천원 할인
간편결제: UNTACT 결제 1천원 할인(간편결제)
온라인쇼핑: UNTACT 결제 1천원 할인(쇼핑)
배달앱: UNTACT 결제 1천원 할인(배달앱)
수수료우대: 해외이용 수수료 면제
유의사항: 꼭 확인하세요!"
2002,DB손해보험 다이렉트 롯데카드,롯데카드,"5,000","10,000","보험사: DB손해보험 다이렉트 보험료 결제 시 청구할인
대중교통: 특화 서비스
멤버십포인트: L.POINT
유의사항: 꼭 확인하세요!"
2003,E-POINT 롯데카드,롯데카드,"15,000","15,000","멤버십포인트: 이용금액 1천원당 E-POINT 10포인트 적립
멤버십포인트: L.POINT
유의사항: 꼭 확인하세요!!"
2004,스마트 U 카드,롯데카드,"5,000","8,000","기타: 학원, 의료, 마트/슈퍼, 대중교통, 이동통신, 스포츠센터 업종별 최고 10% 할인
푸드: 런치 타임 할인 서비스
유의사항: 꼭 확인하세요!"
2005,GS&POINT 롯데카드,롯데카드,"15,000","15,000","쇼핑: GS계열사 이용 시 결제일 청구 할인
멤버십포인트: L.POINT, GS&POINT
유의사항: 꼭 확인하세요!!"
2006,청호나이스 Slim할부 우리카드,우리카드,,"10,000","생활: 청호나이스 전 제품 구매 및 유지/관리 서비스 이용 시 슬림할부 제공
통신: 통신요금 할인
대형마트: 대형마트 할인
카페: 스타벅스, 투썸플레이스 할인
병원/약국: 전국 병·의원, 치과, 한의원, 동물병원, 약국 할인
유의사항: 꼭 확인하세요!"
2007,LG전자 라서즐거운 카드,우리카드,,"10,000","렌탈 : LG전자 할인 서비스
패밀리레스토랑: 아웃백, VIPS 10% 청구할인
카페: 스타벅스, 커피빈 20% 청구할인
영화: 전국 영화관 3천원 청구할인
테마파크: 주요 놀이공원 자유이용권 50% 현장할인
유의사항: 꼭 확인하세요!"
2008,스마트리빙 코웨이 롯데카드,롯데카드,"12,000","15,000","공과금/렌탈: 코웨이 렌탈료 결제 시 월 1만3천원~2만3천원 결제일 할인
멤버십포인트: L.POINT 적립
유의사항: 꼭 확인하세요!"
2009,I LOVE SEOUL 관리공단 나눔 롯데카드,롯데카드,"10,000","15,000","문화센터: 도시관리공단에서 이용 시 5~10% 할인
OTT/영화/문화: 롯데월드 및 롯데시네마 혜택 제공
백화점: 롯데백화점 할인 및 무이자 혜택 제공
헤어: 미용실 최대 20% 할인
테마파크: 놀이공원 최대 50% 할인
경기관람: 롯데 자이언츠 20% 할인
쇼핑: 롯데백화점, 롯데ON, 롯데면세점, 롯데마트, 롯데슈퍼, 토이저러스 혜택
OTT/영화/문화: 롯데시네마, 뮤지컬, 연극 할인
푸드: 보네스뻬, 보네스뻬브레드, T.G.I.F, 롯데리아, 엔제리너스커피, 나뚜루 할인
유의사항: 꼭 확인하세요!!"
2010,SKYPASS카드(비씨),NH농협카드,,,"대한항공: 마일리지 적립
유의사항: 꼭 확인하세요!"
2011,I♥Busan 체크카드,롯데카드,,,"지역: 지역특화서비스
연회비지원: 연회비 면제 및 SMS 무료 서비스
유의사항: 꼭 확인하세요!!"
2012,NH올원 NH투자증권체크카드,NH농협카드,,,"적립: 전월실적에 상관없이 0.2 ~ 0.4% 적립
기타: 제휴서비스
기타: SMS 휴대폰 바로알림 서비스
유의사항: 꼭 확인하세요!"
2013,I♥Busan 카드,롯데카드,"10,000","10,000","점심: 롯데타임 서비스
주유소: SK주유소 리터당 80포인트 적립
대중교통: 후불교통카드 서비스
유의사항: 꼭 확인하세요!!"
2014,NH올원 NH투자증권카드,NH농협카드,"8,000","10,000","적립: 전월실적에 상관없이 0.7 ~ 0.9% 적립
기타: 제휴서비스
유의사항: 꼭 확인하세요!"
2015,TITANIUM(티타늄)카드(POINT),NH농협카드,,"20,000","모든가맹점: NH포인트 0.3~1.0% 적립
대형마트: 농협판매장 5% NH포인트 적립
주유: 농협 운영 주유소 및  GS칼텍스 적립 및 할인
테마파크: 주요 놀이공원 무료입장 또는 할인
기타: 기타 서비스
프리미엄: MASTERCARD TITANIUM PREMIUM SERVICES
유의사항: 꼭 확인하세요!"
2016,Jin Air - 롯데카드,롯데카드,"5,000","6,000","항공권: 진에어 항공권 10% 청구할인 (최대3만원)
카페: 커피전문점 5% 청구할인
해외이용: 해외가맹점 할인(JCB브랜드 서비스)
테마파크: 롯데월드 본인 종합이용권 50% 현장할인
쇼핑: 롯데백화점, 롯데ON, 롯데면세점, 신라아이파크면세점, 롯데마트, 롯데슈퍼, 토이저러스 혜택
영화: 롯데시네마 관람료 1,500원 청구할인
푸드: T.G.I.F, 롯데리아, 나뚜루, 엔제리너스 할인
멤버십포인트: L.POINT
유의사항: 꼭 확인하세요!!"
2017,TITANIUM(티타늄)카드(SKYPASS),NH농협카드,,"30,000","대한항공: 대한항공 마일리지 적립
대형마트: 농협판매장 5% NH포인트 적립
주유: 농협 운영 주유소 및  GS칼텍스 적립 및 할인
테마파크: 주요 놀이공원 무료입장 또는 할인
기타: 기타 서비스
프리미엄: MASTERCARD TITANIUM PREMIUM SERVICES
유의사항: 꼭 확인하세요!"
2018,이가자헤어비스 롯데포인트플러스 카드,롯데카드,"5,000","7,000","헤어: 이가자헤어비스 20% 현장할인 + 최고 20% 추가 청구할인
기타: 더블 포인트 적립
헤어: 미용실 최대 20% 할인
경기관람: 롯데 자이언츠 20% 할인
쇼핑: 롯데백화점 5%할인
OTT/영화/문화: 롯데시네마 관람료 1,500원 청구할인
기타: L.POINT 적립
유의사항: 꼭 확인하세요!"
2019,NH올원 Rental&넥센타이어카드,NH농협카드,"10,000","12,000","렌탈 : 매월 넥센타이어 렌탈료 1~3만원 청구할인
테마파크: 전국 주요 놀이공원 할인 50% 할인
유의사항: 꼭 확인하세요!"
2020,KT GiGA APT 롯데카드,롯데카드,"15,000","20,000","KT: KT 통신요금 자동이체 결제 시 청구할인
공과금: 아파트관리비 자동이체 결제 시 청구할인
테마파크: 놀이공원 최대 50% 할인
경기관람: 롯데 자이언츠 20% 할인
쇼핑: 롯데백화점, 롯데ON, 롯데면세점, 롯데마트, 롯데슈퍼, 토이저러스 혜택
공연/전시: 뮤지컬, 연극 등 공연 10~30% 할인
멤버십포인트: L.POINT 적립
헤어: 미용실 최대 20% 할인
푸드: 보네스뻬, 보네스뻬브레드, T.G.I.F 할인
유의사항: 꼭 확인하세요!!"
2021,NH올원 Rental&바디프랜드카드,NH농협카드,"12,000","14,000","렌탈 : 매월 넥센타이어 렌탈료 1~3만원 청구할인
테마파크: 전국 주요 놀이공원 할인 50% 할인
유의사항: 꼭 확인하세요!"
2022,LIKIT all 체크플러스 카드,롯데카드,,,"할인: 국내(온·오프라인) 가맹점 0.2% 캐시백
할인: 주말 및 공휴일 0.2% 추가 캐시백
멤버십포인트: L.POINT 적립/사용카드로 이용
유의사항: 꼭 확인하세요!!"
2023,NH올원 Rental&코웨이카드,NH농협카드,"10,000","12,000","렌탈 : 매월 넥센타이어 렌탈료 1~3만원 청구할인
테마파크: 전국 주요 놀이공원 할인 50% 할인
유의사항: 꼭 확인하세요!"
2024,LIKIT fun 체크플러스 카드,롯데카드,,,"카페: 스타벅스, 엔제리너스 1천원 캐시백
영화: 롯데시네마, CGV 2천원 캐시백
편의점: 세븐일레븐, GS25, CU 1천원 캐시백
통신: SKT, KT, LG U+ 2천원 캐시백
멤버십포인트: L.POINT 적립/사용카드로 이용
유의사항: 꼭 확인하세요!!"
2025,LIKIT on 체크플러스 카드,롯데카드,,,"온라인쇼핑: 온라인 이용 건 3% 캐시백
소셜커머스: 쿠팡, 티몬, 위메프, 11번가, 옥션, G마켓 5% 캐시백
멤버십포인트: L.POINT 적립/사용카드로 이용
유의사항: 꼭 확인하세요!!"
2026,카카오페이 체크카드,IBK기업은행,,,"카카오페이: 카카오페이 가맹점 이용금액 15% 청구할인
온라인쇼핑: [On-line 쇼핑] 온라인 쇼핑 10% 청구할인
편의점: [Off-line 쇼핑] 편의점 및 드럭스토어 5% 청구할인
유의사항: 꼭 확인하세요!"
2027,IBK-Syrup카드[체크],IBK기업은행,,,"바우처: 모바일쿠폰 서비스
멤버십포인트: 통합멤버십 서비스
유의사항: 꼭 확인하세요!"
2028,LOCA in BUSAN,롯데카드,"20,000","20,000","지역: 지역 특화 서비스
일반음식점: 일상 할인 서비스
멤버십포인트: L.POINT
유의사항: 꼭 확인하세요!"
2029,이베이옥션 롯데카드,롯데카드,,"10,000","온라인쇼핑: 옥션 상품 구매시 5~10% 할인
헤어: 미용실 최대 20% 할인
테마파크: 롯데 자이언츠 20% 할인
경기관람: 롯데 자이언츠 20% 할인
쇼핑: 롯데백화점 5% 할인 e-쿠폰 및 무료 주차권 제공
OTT/영화/문화: 롯데시네마 관람료 1,500원 청구할인
푸드: 미스터피자 15% 현장 할인
주유소: SK주유소 리터당 SK주유포인트 50원적립
기타: L.POINT 적립
유의사항: 꼭 확인하세요!"
2030,LOCA MONEY 비즈니스 카드,롯데카드,"20,000","20,000","적립: 국내외 가맹점에서 한도 제한없이 로카코인 적립
프리미엄 서비스: LOCA MONEY 비즈니스 세무지원
멤버십포인트: L.POINT 적립/사용카드로 이용
유의사항: 꼭 확인하세요!"
2031,에스케이(SK) 주유전용 기업카드,IBK기업은행,,,"주유소: 주유전용 기능만 탑재된 보조카드
유의사항: 꼭 확인하세요!"
2032,주유전용 기업카드,IBK기업은행,,,"주유소: 주유전용 기능만 탑재된 보조카드
유의사항: 꼭 확인하세요!"
2033,공공기관 클린카드 코퍼레이트,IBK기업은행,,,"비즈니스: 업종 제한기능이 부여된 공공기관 전용 기업카드
유의사항: 꼭 확인하세요!"
2034,롯데 Best Drive 포인트플러스카드,롯데카드,"5,000","5,000","자동차: 자동차 구매시 혜택
적립: 더블 포인트 적립
헤어: 박준뷰티랩, 박승철 헤어스투디오 할인

테마파크: 롯데월드 종합이용권 50% 할인
경주월드, 대전오월드 자유이용권 50% 할인 
경기관람: 롯데 자이언츠 20% 할인

백화점: 롯데백화점  5% 할인쿠폰 제공
롯데 면세점 5~10% 할인
여행/숙박: 해외행공권 최대 7% 할인
해외여행상품 최대 7% 할인
공연/전시: 뮤지컬, 연극 등 공연 10~30% 할인
일반음식점: T.G.I.F 상시 10% 할인
주유소: SK주유소 리터당 SK주유포인트 50원적립

적립: 국내 및 해외 가맹점에서 사용한 금액에 대해 0.2% 적립
유의사항: 꼭 확인하세요!"
2035,IBK hi-pass&oil카드,IBK기업은행,"2,000",,"하이패스: 후불하이패스
주유소: 주유결제전용
보험: 무료보험서비스
유의사항: 꼭 확인하세요!"
2036,NH올원 Shopping&AMOREPACIFIC카드,NH농협카드,"10,000","12,000","화장품: 아모레퍼시픽 가맹점 5~10% 청구할인
생활: 커피, 베이커리, 아이스크림, 영화 할인
테마파크: 전국 주요 놀이공원 할인 최대 50%
유의사항: 꼭 확인하세요!"
2037,이유다이렉트 롯데포인트플러스카드,롯데카드,"5,000","5,000","보험: 이유다이렉트 자동차보험료 서비스
정비: SpeedMate 자동차 정비 및 엔진오일 교환서비스
기타: 더블 포인트 적립 서비스
헤어: 미용실 최대 20% 할인
경기관람: 롯데 자이언츠 20% 할인
쇼핑: 롯데백화점 5% 할인 e-쿠폰 및 무료 주차권 제공
OTT/영화/문화: 롯데시네마 관람료 1,500원 청구할인
푸드: T.G.I.F 상시 10% 할인
주유소: SK주유소 리터당 SK주유포인트 50원적립
기타: L.POINT 및 롯데 SK 주유포인트 적립
유의사항: 꼭 확인하세요!"
2038,동반성공카드,IBK기업은행,,"5,000","모든가맹점: [적립 혜택 택1 서비스] 국내 이용금액 0.2%, 해외 이용금액 0.4% 적립
항공마일리지: [적립 혜택 택1 서비스] 대한항공, 아시아나항공 마일리지 적립
주유소: [비즈니스 혜택] Oil Day 주유 리터당 100원 할인
공항라운지: [비즈니스 혜택] 인천공항 라운지 무료 이용
유의사항: 꼭 확인하세요!"
2039,인슈넷 롯데카드,롯데카드,"5,000","10,000","보험: 이유다이렉트 자동차보험료 서비스
푸드: 대중음식점 5% 할인서비스
주유소: 전 주유소 리터당 60원 할인서비스
연회비지원: 연회비 면제
경기관람: 롯데 자이언츠 20% 할인
경기관람: 롯데 자이언츠 20% 할인
쇼핑: 롯데백화점 5% 할인
공연/전시: 뮤지컬, 연극 등 공연 10~30% 할인
주유소: SK주유소 리터당 SK주유포인트 50원적립
푸드: T.G.I.F 상시 10% 할인
유의사항: 꼭 확인하세요!"
2040,NH올원 Shopping&INTERPARK카드,NH농협카드,"8,000","10,000","쇼핑: 인터파크 결제 시 최대 30% 청구할인
쇼핑: 온라인쇼핑 및 해외거래 5~7% 청구할인
쇼핑: 농협몰 10% 청구할인
카페: 커피 10% 청구할인
대중교통: 대중교통(버스/지하철) 10% 청구할인
통신: 이동통신 5% 청구할인
영화: 영화 1,500원 청구할인
테마파크: 전국 주요 놀이공원 할인 최대 50%
유의사항: 꼭 확인하세요!"
2041,NH올원 Shopping&TLC카드,NH농협카드,"13,000","15,000","렌탈 : TLC 라이트할부 및 렌탈료 자동이체 할인 서비스
생활: 커피, 베이커리, 아이스크림, 영화 할인
테마파크: 전국 주요 놀이공원 할인 최대 50%
유의사항: 꼭 확인하세요!"
2042,Oh!Point 더블체크카드(비씨),NH농협카드,,,"멤버십포인트: Oh! Point 더블 적립/할인
기타: Oh! Point 상세"
2044,롯데 Two in One 카드,롯데카드,"10,000","15,000","멤버십포인트: 더블 포인트 적립 서비스
생활: 롯데 Two in one 카드 5~10% 청구할인
유의사항: 꼭 확인하세요!"
2045,인스니즈 롯데 포인트플러스 카드,롯데카드,"5,000","5,000","기타: 더블 포인트 적립 서비스
무이자할부: 6개월 슬림할부 및 2~3개월 무이자 할부 서비스
헤어: 미용실 최대 20% 할인
경기관람: 롯데 자이언츠 20% 할인
쇼핑: 롯데백화점 5% 할인 e-쿠폰 및 무료 주차권 제공
OTT/영화/문화: 롯데시네마 관람료 1,500원 청구할인
주유소: SK주유소 리터당 SK주유포인트 50원적립
기타: L.POINT 및 롯데 SK 주유포인트 적립
유의사항: 꼭 확인하세요!"
2046,택시 운송사업자 법인카드,롯데카드,,,"택시: 택시 유가 보조금 지급 지원
적립: 법인·제휴사 포인트 적립
보험: 운전자 단체보험 무료가입
유의사항: 꼭 확인하세요!"
2047,일상의 기쁨 (주)자란다 제휴카드,IBK기업은행,,,"대중교통: 버스, 지하철 이용건당 100원 할인
편의점: GS25, CU, 세븐일레븐 5% 할인
드럭스토어: 올리브영 5% 할인
소셜커머스: 쿠팡, 티켓몬스터, 위메프 10% 할인
영화: CGV, 롯데시네마, 메가박스 4천원 할인
카페: 주요 커피전문점 10% 할인
은행사: 금융우대서비스
테마파크: 주요 놀이공원 무료입장 또는 입장료/자유이용권 할인
기타: 통합할인한도
유의사항: 꼭 확인하세요!"
2048,나의알파 국민연금안심 체크카드,IBK기업은행,,,"BC TOP: 건별 이용금액에 따라 최대 0.5% TOP포인트 적립
유의사항: 꼭 확인하세요!"
2049,롯데렌터카 AUTO 카드,롯데카드,"10,000","12,000","렌터카: 롯데렌터카 대여료 할인 서비스
정비: 오토오아시스 할인 서비스
생활: 청구 할인 서비스
보험: 자동차 보험료 할인 서비스
헤어: 미용실 최대 20% 할인
테마파크: 놀이공원
경기관람: 롯데 자이언츠 20% 할인
쇼핑: 쇼핑
여행/숙박: 여행서비스
OTT/영화/문화: 영화/공연
푸드: 외식
멤버십포인트: L.POINT 적립 0.1%~3% 적립
기타: 롯데 DC+ 클럽
유의사항: 꼭 확인하세요!"
2050,한세대학교 나의알파 체크(TOP 포인트),IBK기업은행,,,"BC TOP: 건별 이용금액에 따라 최대 0.5% TOP포인트 적립
영화: CGV 1,500원 현장할인
일반음식점: 불고기브라더스 20% 현장할인
은행사: 금융우대서비스
여행/숙박: 렌터카, 항공, 호텔 등 여행/숙박 업종 할인
테마파크: 에버랜드, 롯데월드 자유이용권 본인 50% 현장할인
유의사항: 꼭 확인하세요!"
2051,나의알파 체크카드,IBK기업은행,,,"선택형: [선택서비스] TOP포인트, OK캐쉬백, 주유할인 중 택1
영화: CGV 1,500원 현장할인
일반음식점: 불고기브라더스 20% 현장할인
은행사: 금융우대서비스
여행/숙박: 렌터카, 항공, 호텔 등 여행/숙박 업종 할인
테마파크: 에버랜드, 롯데월드 자유이용권 본인 50% 현장할인
면세점: 주요 면세점 5%~15% 할인쿠폰 제공
유의사항: 꼭 확인하세요!"
2052,나의 알파 행복지킴이 체크카드,IBK기업은행,,,"BC TOP: 건별 이용금액에 따라 최대 0.5% TOP포인트 적립
유의사항: 꼭 확인하세요!"
2053,롯데백화점 LENITH 카드,롯데카드,"50,000","50,000","멤버십포인트: 국내외 가맹점 L.POINT 0.5% 적립
프리미엄: MASTER 서비스
프리미엄: 마스터 월드 서비스
유의사항: 꼭 확인하세요!"
2054,PLATINUM(플래티늄)카드(MULTI),NH농협카드,,"120,000","쇼핑: 백화점, 대형마트 및 온라인쇼핑몰 5% 할인
패밀리레스토랑: 아웃백, 빕스, TGIF 10% 할인
주유: 농협 운영 주유소 및  GS칼텍스 적립 및 할인
카페/디저트: 문화서비스(영화, 커피, 서적) 20% 할인
교육/육아: 유아교육기관, 학원, 학습지 업종 5% 할인
교통: 대중교통(버스, 지하철) 5% 할인
테마파크: 주요 놀이공원 무료입장 또는 할인
기타: 기타 서비스 
골프: 골프·여행서비스
프리미엄: 국제 브랜드 프리미엄 서비스 및 특화 서비스
유의사항: 꼭 확인하세요!"
2055,THE Fine 플래티늄 카드(대한항공),IBK기업은행,,"130,000","대한항공: 대한항공 마일리지 적립
프리미엄 서비스: THE fine 플래티늄 카드 서비스 및 고유 서비스
유의사항: 꼭 확인하세요!"
2056,THE Fine 플래티늄 카드(아시아나클럽),IBK기업은행,,"130,000","아시아나항공: 아시아나항공 마일리지 적립
프리미엄 서비스: THE fine 플래티늄 카드 서비스 및 고유 서비스
유의사항: 꼭 확인하세요!"
2057,Business Sky 기업카드,IBK기업은행,,,"여행/숙박: 항공 및 관광 업종 전용 카드
유의사항: 꼭 확인하세요!"
2058,참! 좋은 다이소카드(체크),IBK기업은행,,,"쇼핑: 다이소 결제금액의 20% 청구할인
다이소 멤버십 포인트 자동적립
소셜커머스: 쿠팡, 티몬, 위메프 10% 할인
헤어: 미용실・이용원 10% 할인
드럭스토어: 올리브영, 랄라블라 5% 할인
편의점: CU, GS25, 세븐일레븐 5% 할인
영화: CGV, 롯데시네마 2천원 할인
카페: 주요 커피전문점 10% 할인
테마파크: 주요 놀이공원 할인
유의사항: 꼭 확인하세요!"
2059,롯데아울렛 롯데카드,롯데카드,"10,000","15,000","쇼핑: 롯데아울렛 롯데카드 청구 할인 서비스
헤어: 미용실 최대 20% 할인
테마파크: 놀이공원
경기관람: 레저/스포츠
쇼핑: 쇼핑
여행/숙박: 여행서비스
OTT/영화/문화: 영화/공연
푸드: 외식
유의사항: 꼭 확인하세요!"
2060,롯데체크카드,롯데카드,,,"멤버십포인트: 전국 가맹점에서 롯데카드 제공 L.POINT 0.2% 적립
연회비지원: 연회비 면제
해외이용: 해외이용 안내
기타: 청소년후불교통 서비스
유의사항: 꼭 확인하세요!"
2061,AK IBK체크카드,IBK기업은행,,,"쇼핑: AK플라자, AK몰 3% 할인
AK 플라자 5% 즉시할인
영화: CGV, 롯데시네마, 메가박스 2천원 할인
카페/디저트: 주요 커피전문점/베이커리 10% 할인
테마파크: 주요 놀이공원 할인
은행사: 금융 수수료 면제 서비스
유의사항: 꼭 확인하세요!"
2062,PLATINUM(플래티늄)카드(SKYPASS),NH농협카드,,"130,000","대한항공: 대한항공 마일리지 적립
대형마트: 농협판매장 5% NH포인트 적립
주유: 농협 운영 주유소 및  GS칼텍스 적립 및 할인
테마파크: 주요 놀이공원 무료입장 또는 할인
기타: 기타 서비스 
골프: 골프·여행서비스
프리미엄: 국제 브랜드 프리미엄 서비스 및 특화 서비스
유의사항: 꼭 확인하세요!"
2063,PLATINUM(플래티늄)카드(Asiana Club),NH농협카드,,"130,000","아시아나항공: 아시아나 마일리지 적립
대형마트: 농협판매장 5% NH포인트 적립
주유: 농협 운영 주유소 및  GS칼텍스 적립 및 할인
테마파크: 주요 놀이공원 무료입장 또는 할인
기타: 기타 서비스 
골프: 골프·여행서비스
프리미엄: 국제 브랜드 프리미엄 서비스 및 특화 서비스
유의사항: 꼭 확인하세요!"
2064,Premium Top(프리미엄탑)카드(비씨),NH농협카드,"3,000","5,000","모든가맹점: 국내가맹점 0.1~0.3% TOP포인트 적립
주유: SK주유소 이용시 리터당 40TOP포인트 적립(LPG 충전소 제외)
유의사항: 꼭 확인하세요!"
2065,롯데포인트플러스 하이브리드카드,롯데카드,,,"멤버십포인트: 더블 포인트 적립 서비스!
무이자할부: 6개월 슬림할부 및 2~3개월 무이자 할부 서비스
하이브리드: 신용+체크 혼합결제 서비스/체크사용 소득공제율30%, 한장의 카드로 소득공제율 각각 적용
유의사항: 꼭 확인하세요!"
2066,"""안녕""카드(체크)",IBK기업은행,,,"대중교통: 후불교통카드 서비스
대중교통 할인서비스
은행사: 수수료 면제 및 우대서비스
편의점: 편의점 5% 할인서비스
테마파크: 놀이공원 할인서비스
기타: 문화&레저 할인서비스(그린카드 멤버십)
유의사항: 꼭 확인하세요!"
2067,메가 멤버스 롯데카드,롯데카드,"10,000",,"대형마트: 매월 5 ~ 10% 할인, 연 12만원 ~ 60만원 할인 (월 1~5만원)
쇼핑: 쇼핑
유의사항: 꼭 확인하세요!"
2068,공무원연금카드(재직)(비씨),NH농협카드,"3,000","5,000","BC TOP: TOP포인트 적립
주유: SK주유소 리터당 60원, SK LPG충전소 리터당 40원 청구할인
쇼핑: 공무원연금관리공단 지정매장 및 농협판매장 2% 청구할인
통신: 이동통신요금(SKT, KT, LGU+) 자동이체시 2% 청구할인
교통: 대중교통(지하철, 버스) 5% 청구할인
OTT/영화/문화: 전국 주요 영화관 현장할인 및 인터넷 예매 청구할인
푸드: 패밀리레스토랑 10% 청구할인
레저/스포츠: 주요 놀이공원 무료입장 또는 할인
유의사항: 꼭 확인하세요!"
2069,반디앤루니스 롯데카드,롯데카드,"5,000","10,000","도서: 반디앤루니스에서 도서 / 음반 / DVD / GIFT 롯데카드로 결제 시 15%~25%할인
혜택 프로모션: 반디앤루니스 회원혜택
헤어: 미용실 최대 20% 할인
테마파크: 놀이공원
경기관람: 롯데 자이언츠 20% 할인
쇼핑: 쇼핑
여행/숙박: 여행서비스
OTT/영화/문화: 영화/공연
푸드: 외식
주유: SK주유소 리터당 SK주유포인트 50원적립
멤버십포인트: 포인트 적립
유의사항: 꼭 확인하세요!"
2070,뱅크샐러드 빨대카드,롯데카드,"20,000","20,000","카페: 스타벅스, 투썸플레이스, 폴바셋 5천원 결제일 할인
디지털구독: 넷플릭스, 유튜브, 왓챠, 멜론 50% 결제일 할인
편의점: GS25, CU, 세븐일레븐 1천원 결제일 할인
배달앱: 배달앱 할인
멤버십포인트: L.POINT
유의사항: 꼭 확인하세요!"
2071,삼성페이 롯데카드,롯데카드,"5,000",,"삼성페이: 국내 가맹점에서 삼성페이 롯데카드 결제 시 청구할인
푸드: L.POINT 외식업종 제휴사 청구할인
쇼핑: 쇼핑
공연/전시: 영화/공연
유의사항: 꼭 확인하세요!"
2072,시장愛 체크카드,MG새마을금고,,,"전통시장: 전통시장 15% 할인
기타: 나들가게 15% 할인
통신: 이동통신요금 2,000원 할인
기타: 교통 5% 할인
유의사항: 꼭 확인하세요!"
2073,청춘날다 체크카드,MG새마을금고,,,"기타: SKT, KT, LGU+ 이동통신 할인 
카페: [WEEKDAY 할인] 월요일 - 스타벅스 1천원 할인
온라인쇼핑: [WEEKDAY 할인] 화요일 - 쿠팡 2천원 할인
편의점: [WEEKDAY 할인] 수요일 - 편의점 1천원 할인
배달앱: [WEEKDAY 할인] 목요일 - 배달의민족 1천원 할인
영화: [WEEKDAY 할인] 금요일 - CGV 2천원 할인
유의사항: 꼭 확인하세요!"
2074,ON˟WE BARE BEARS 체크카드,MG새마을금고,,,"기타: 카카오페이, 네이버페이, PAYCO 1천원 할인
영화: CGV 온라인 영화예매 3,000원 할인
기타: TOEIC, TEPS 2천원 할인
유의사항: 꼭 확인하세요!"
2075,WITH 체크카드,MG새마을금고,,,"기타: 이동통신비 2천원 할인
기타: 병원, 약국 5% 할인
골프: 골프장, 골프연습장 5% 할인
대형마트: 대형마트 5% 할인
호텔: 숙박업종 5% 할인
정비: 자동차정비 5,000원 할인
영화: 영화 2,000원 할인
교통: 고속버스, KTX/SRT, 렌터카 5% 할인
베이커리: 파리바케트, 뚜레쥬르 10% 할인
유의사항: 꼭 확인하세요!"
2076,WITH 후불교통 체크카드,MG새마을금고,,,"기타: 이동통신비 2천원 할인
기타: 병원, 약국 5% 할인
골프: 골프장, 골프연습장 5% 할인
대형마트: 대형마트 5% 할인
호텔: 숙박업종 5% 할인
정비: 자동차정비 5,000원 할인
영화: 영화 2,000원 할인
교통: 고속버스, KTX/SRT, 렌터카 5% 할인
베이커리: 파리바케트, 뚜레쥬르 10% 할인
유의사항: 꼭 확인하세요!"
2077,ON 체크카드,MG새마을금고,,,"기타: 간편결제 1천원 할인
영화: CGV 3천원 할인
기타: TOEIC, TEPS 2천원 할인
유의사항: 꼭 확인하세요!"
2078,ON 후불교통 체크카드,MG새마을금고,,,"기타: 간편결제 1천원 할인
영화: CGV 3천원 할인
기타: TOEIC, TEPS 2천원 할인
유의사항: 꼭 확인하세요!"
2079,부자되세요 홈쇼핑 체크카드,MG새마을금고,,,"홈쇼핑: 홈쇼핑 6% 할인
백화점: 백화점 5% 할인
베이커리: 베이커리 10% 할인
통신: 통신비 5천원 할인
유의사항: 꼭 확인하세요!"
2080,PEACH 체크카드,MG새마을금고,,,"백화점: 백화점 7% 할인
온라인쇼핑: 온라인쇼핑 10% 할인
카페: 커피 1천원 할인
화장품: 뷰티업종 10% 할인
공연/전시: 인터파크 공연 5% 할인
영화: 영화 2천원 할인
학원: 학원 5% 할인
유의사항: 꼭 확인하세요!"
2081,MINT 체크카드,MG새마을금고,,,"대형마트: 대형마트 5% 할인
편의점: 편의점 5% 할인
통신: 통신비 5천원 할인
골프: 골프장, 골프연습장 5% 할인
기타: 스포츠·레저 5% 할인
영화: 영화 2천원 할인
패밀리레스토랑: 패밀리레스토랑 10% 할인
유의사항: 꼭 확인하세요!"
2082,IN 체크카드,MG새마을금고,,,"통신: 이동통신요금 2천원 할인
학원: 학원 5% 할인
병원: 병원, 약국 5% 할인
온라인쇼핑: 인터넷쇼핑 5% 할인
백화점: 백화점, 대형마트 5% 할인
영화: 영화 2천원 할인
도서: 도서 2,000원 할인
공연/전시: 공연 3% 할인
유의사항: 꼭 확인하세요!"
2083,ForU(油) 체크카드,MG새마을금고,,,"주유: 전국 주유 리터당 최대 60원 할인
도서: 도서 2천원 할인
카페: 커피 10% 할인
대형마트: 대형마트 5% 할인
편의점: 편의점 5% 할인
유의사항: 꼭 확인하세요!"
2084,MG Life 체크카드,MG새마을금고,,,"카페: 커피전문점 10% 할인
도서: 영화 최대 4,000원 할인
공연/전시: 공연 3% 할인
기타: 어학응시료 2,000원 할인
도서: 도서 2천원 할인
백화점: 백화점 5% 할인
온라인쇼핑: 인터넷 쇼핑 10% 할인
기타: 그린카드 서비스
유의사항: 꼭 확인하세요!"
2085,MG Point 체크카드,MG새마을금고,,,"모든가맹점: 모든 가맹점 0.3% 포인트 적립
캐시백: 포인트 자동 캐시백 입금
기타: 그린카드 서비스
유의사항: 꼭 확인하세요!"
2086,MG Point2 체크카드,MG새마을금고,,,"모든가맹점: 모든 가맹점 0.3% 포인트 적립
캐시백: 포인트 자동 캐시백 입금
기타: 그린카드 서비스
유의사항: 꼭 확인하세요!"
2088,롯데교통카드,롯데카드,"5,000","5,000","대중교통: 후불 및 선불 교통서비스
모든가맹점: 국내 및 해외 가맹점에서 카드 결제 시 0.2% 적립 
유의사항: 꼭 확인하세요!"
2089,글로벌 페이(블루) 체크카드,하나카드,,,"수수료우대: 해외 물품 구매 시 해외이용 수수료 면제
해외 ATM 현금 인출 시 ATM 출금수수료 인출금액 상관없이 건당 US $3
기타: 부가서비스
유의사항: 꼭! 확인하세요!"
2090,신한카드 The PREMIER GOLD EDITION (스카이패스),신한카드,,"2,000,000","대한항공: 국내 이용금액 1,500원당 1마일리지 적립
해외 이용금액 1,500원당 1~3마일리지 적립
호텔: 특급 호텔의 1박2일 Package 연 1회 제공
항공권: 본인회원 좌석 업그레이드 또는 동반 1인 무료항공권 제공 서비스 중 택 1
PP: 공항 VIP라운지 무료이용 서비스 제공
생활: 글로벌 라이프 서비스 제공
공항 의전 서비스 (FAST TRACK) / 해외 의료 지원 서비스 제공
기타: 공항/골프장 리무진 서비스
골프: 홀인원 축하금 300만원 서비스
제휴 골프장 그린피 무료 서비스 및 부킹 대행 서비스
면세점: 국내 유명 면세점 10% 할인
유의사항: 꼭 확인하세요!"
2091,CLUB1카드 200,하나카드,,"2,000,000","항공마일리지: 대한항공 / 아시아나 항공 마일리지 적립
항공 좌석 승급(비즈니스→퍼스트 또는 비즈니스 스위트) 또는 동반자 비즈니스석 무료 항공권 (택1)
선택형: trendy OPTION
(개인 or 법인카드 연 3개/가족카드 연 1개 선택 가능)
쇼핑: HOTEL & Duty Free
골프: KLPGA 하나금융그룹 Championship
홀인원 상금 지원 서비스 / 골프 상해보험 무료 가입 서비스
생활: 가족카드 서비스 
기타: Finance
 - 하나금융그룹 우대서비스
유의사항: 꼭! 확인하세요"
2092,다원 체크카드,MG새마을금고,,,"모든가맹점: 모든가맹점 0.3% 포인트 적립
점심: 평일 점심시간 1천원 할인
대형마트: 휴일 대형마트 3천원 할인
수수료우대: 해외이용 수수료 면제
유의사항: 꼭 확인하세요!"
2093,L.CLASS L60 (스카이패스형),롯데카드,"595,000","600,000","대한항공: 국내외 가맹점 이용금액 1,500원당 1 스카이패스 마일리지 적립
바우처: 연 1회 스페셜기프트 제공
프리미엄 서비스: 호텔/쇼핑/골프 프리미엄 서비스
유의사항: 꼭 확인하세요!"
2094,카카오페이 체크카드,MG새마을금고,,,"카카오페이: 카카오페이 15% 할인
편의점: 편의점 5% 할인
온라인쇼핑: 온라인쇼핑 10% 할인
기타: 어학시험 2천원 할인
영화: 영화 2천원 할인
카페: 커피 10% 할인
패스트푸드: 패스트푸드 10% 할인
유의사항: 꼭 확인하세요!"
2095,CREAM 체크카드,MG새마을금고,,,"모든가맹점: [기본 적립] 국내 모든 가맹점 이용금액 최대 0.2% 적립
대형마트: [추가 적립] 대형마트 1% 적립
학원: 학원 1% 적립
병원/약국: 병/의원, 약국 1% 적립
캐시백: 포인트 자동 캐시백
유의사항: 꼭 확인하세요!"
2096,CREAM Hybrid 체크카드,MG새마을금고,,,"모든가맹점: [기본 적립] 국내 모든 가맹점 이용금액 최대 0.2% 적립
대형마트: [추가 적립] 대형마트 1% 적립
학원: 학원 1% 적립
병원/약국: 병/의원, 약국 1% 적립
캐시백: 포인트 자동 캐시백
유의사항: 꼭 확인하세요!"
2097,신한카드 The PREMIER GOLD EDITION (아시아나클럽),신한카드,,"2,000,000","아시아나항공: 국내 이용금액 1,000원당 1마일리지 적립
해외 이용금액 1,000원당 1~3마일리지 적립
호텔: 특급 호텔의 1박2일 Package 연 1회 제공
항공권: 본인회원 좌석 업그레이드 또는 동반 1인 무료항공권 제공 서비스 중 택 1
PP: 공항 VIP라운지 무료이용 서비스 제공
생활: 글로벌 라이프 서비스 제공
공항 의전 서비스 (FAST TRACK) / 해외 의료 지원 서비스 제공
기타: 공항/골프장 리무진 서비스
골프: 홀인원 축하금 300만원 서비스
제휴 골프장 그린피 무료 서비스 및 부킹 대행 서비스
면세점: 국내 유명 면세점 10% 할인
유의사항: 꼭 확인하세요!"
2098,공무원연금카드(퇴직)(비씨),NH농협카드,"3,000","5,000","BC TOP: TOP포인트 적립
주유: SK주유소 리터당 60원, SK LPG충전소 리터당 40원 청구할인
쇼핑: 공무원연금관리공단 지정매장 및 농협판매장 2% 청구할인
통신: 이동통신요금(SKT, KT, LGU+) 자동이체시 2% 청구할인
교통: 대중교통(지하철, 버스) 5% 청구할인
OTT/영화/문화: 전국 주요 영화관 현장할인 및 인터넷 예매 청구할인
푸드: 패밀리레스토랑 10% 청구할인
레저/스포츠: 주요 놀이공원 무료입장 또는 할인
유의사항: 꼭 확인하세요!"
2099,에코마일리지카드(비씨),NH농협카드,"6,000","8,000","공과금/렌탈: 생활에너지 10% 이상 절약시 5만점 에코머니 적립
생활: 학원,병의원,대형할인점,백화점,농협판매장 5% 에코머니 적립
패밀리레스토랑: 주요 패밀리레스토랑 이용시 10% 에코머니 적립
통신: 이동통신요금 3% 에코머니 적립
교통: 버스, 지하철, 고속버스, KTX 5~10% 에코머니 적립
레저/스포츠: 헬스클럽, 수영장, 테니스장, 볼링장 에코머니 적립(10%)
유의사항: 꼭 확인하세요!"
2100,New 경기 i-PLUS카드(신용),NH농협카드,,"7,000","지역: 경기도 제공 협력가맹점 특별서비스
주유: GS칼텍스 주유소 이용 시 리터당 80원 할인
카페/디저트: 커피 전문점 5% 할인
쇼핑: 온오프라인 쇼핑 및 편의점 할인
푸드: 패밀리 레스토랑 5% 할인
병원/약국: 학원업종 및 병원(병원·의원·한의원) 업종 이용시 7% 할인
OTT/영화/문화: 영화 인터넷 예매 시 2천원 할인
통신: 이동통신요금 자동이체 5% 할인
테마파크: 주요 놀이공원 현장 할인
유의사항: 주요 서비스 통합 월 할인한도
유의사항: 꼭 확인하세요!"
2101,경남 아이다누리카드(신용),NH농협카드,,"7,000","지역: 경상남도 제공 협력가맹점 특별서비스
주유: GS칼텍스 주유소 이용 시 리터당 80원 할인
카페/디저트: 커피 전문점 5% 할인
쇼핑: 온오프라인 쇼핑 및 편의점 할인
푸드: 패밀리 레스토랑 5% 할인
병원/약국: 학원업종 및 병원(병원·의원·한의원) 업종 이용시 7% 할인
OTT/영화/문화: 영화 인터넷 예매 시 2천원 할인
통신: 이동통신요금 자동이체 5% 할인
테마파크: 주요 놀이공원 현장 할인
유의사항: 주요 서비스 통합 월 할인한도
유의사항: 꼭 확인하세요!"
2102,경남 아이다누리카드(체크),NH농협카드,,,"지역: 경상남도 제공 협력가맹점 특별서비스
BC TOP: 국내·외 전 가맹점 0.2~0.4% TOP포인트 적립
OTT/영화/문화: 영화할인
테마파크: 주요 놀이공원 할인
도서: 서점(교보문고, 영풍문고, YES24) 이용 시 3% 청구할인
유의사항: 꼭 확인하세요!"
2103,인천New아이모아카드(신용),NH농협카드,"7,000","9,000","지역: 인천광역시 제공 협력가맹점 특별서비스
주유: GS칼텍스 주유소 이용 시 리터당 80원 할인
카페/디저트: 커피 전문점 5% 할인
쇼핑: 온오프라인 쇼핑 및 편의점 할인
푸드: 패밀리 레스토랑 5% 할인
병원/약국: 학원업종 및 병원(병원·의원·한의원) 업종 이용시 7% 할인
OTT/영화/문화: 영화 인터넷 예매 시 2천원 할인
통신: 이동통신요금 자동이체 5% 할인
테마파크: 주요 놀이공원 현장 할인
유의사항: 주요 서비스 통합 월 할인한도
유의사항: 꼭 확인하세요!"
2104,L.CLASS L60 (L.POINT형),롯데카드,"595,000","600,000","모든가맹점: 국내외 가맹점 1% L.POINT 적립
바우처: 연 1회 스페셜기프트 제공
프리미엄 서비스: 호텔/쇼핑/골프 프리미엄 서비스
유의사항: 꼭 확인하세요!"
2105,롯데면세점 롯데 아멕스 골드 카드,롯데카드,,"10,000","면세점: 롯데면세점 최고 15%할인/무이자 할부/포인트 추가 적립
여행/숙박: 최고 3억원 보상 여행자 보험 무료 자동 가입
카드사: American Express BBL 브랜드 서비스
헤어: 미용실 최대 20% 할인
레저/스포츠: 놀이공원 50% 할인
롯데자이언츠 20% 할인
쇼핑: 쇼핑 할인
무이자 할부 혜택
여행/숙박: 해외여행 서비스
OTT/영화/문화: 롯데시네마 1,500원 할인
공연 10~30% 할인
푸드: 보네스뻬/보네스뻬브레드/TGIF 10% 할인
주유: SK주유소 포인트 적립
멤버십포인트: L.POINT 0.2% 적립
유의사항: 꼭 확인하세요!"
2106,L.CLASS L60 (아시아나클럽형),롯데카드,"595,000","600,000","아시아나항공: 국내외 가맹점 이용금액 1,000원당 1 아시아나 마일리지 적립
바우처: 연 1회 스페셜기프트 제공
프리미엄 서비스: 호텔/쇼핑/골프 프리미엄 서비스
유의사항: 꼭 확인하세요!"
2107,인천New아이모아카드(체크),NH농협카드,,,"지역: 인천광역시 제공 협력가맹점 특별서비스
BC TOP: 국내·외 전 가맹점 0.2~0.4% TOP포인트 적립
OTT/영화/문화: 영화할인
테마파크: 주요 놀이공원 할인
도서: 서점(교보문고, 영풍문고, YES24) 이용 시 3% 청구할인
유의사항: 꼭 확인하세요!"
2108,인스니즈 롯데하이패스카드,롯데카드,,"7,000","하이패스: 하이패스 이용요금 최대 20% 할인
하이패스: 하이패스 포인트 최고 3% 적립
기타: 자동차 보험료 최대 10개월 무이자 할부
헤어: 미용실 최대 20% 할인
테마파크: 놀이공원 최대 50% 할인
경기관람: 야구 경기관림 20% 할인 
기타: 쇼핑 혜택
기타: 해외 여행 서비스
기타: 영화, 공연 할인 서비스
패밀리레스토랑: 외식 할인 서비스
기타: L.POINT, 롯데 SK 주유포인트 적립
유의사항: 꼭 확인하세요!"
2109,롯데닷컴 Smart PLUS 카드,롯데카드,"10,000","12,000","멤버십포인트: DC PLUS - 롯데멤버스 제휴사에서 1만원 이상 매출 건에 대해 최고 7% 할인
쇼핑: ​롯데백화점 상품 5% 할인(월 3회)/일반 상품 최고 5% 할인

온라인쇼핑: 롯데닷컴에서 결제 시 최고 3% L.POINT 적립
롯데닷컴에서 유료 배송비 상품 결제 시 L.POINT 3천점 적립
헤어: 미용실 최대 20% 할인
레저/스포츠: 놀이공원 50% 할인
롯데자이언츠 20% 할인
쇼핑: 쇼핑 할인
무이자 할부 혜택
여행/숙박: 해외여행 서비스
OTT/영화/문화: 롯데시네마 1,500원 할인
공연 10~30% 할인
푸드: 보네스뻬/보네스뻬브레드/TGIF 10% 할인
주유: SK주유소 포인트 적립
멤버십포인트: L.POINT 0.2% 적립
유의사항: 꼭 확인하세요!"
2110,롯데 플래티넘 법인카드,롯데카드,,"100,000","모든가맹점: 롯데 법인 포인트 적립
항공권: 국내선 동반자 무료 항공권 연 1회
공항라운지: 공항라운지 무료 이용 서비스 연 3회
골프: 골프 부킹 서비스
쇼핑: 제휴 명품 브랜드 10% 할인 우대혜택
프리미엄 서비스: 카드 브랜드 프리미엄 서비스
유의사항: 꼭 확인하세요!"
2111,New제주아이사랑행복카드(신용),NH농협카드,"7,000","9,000","지역: 제주특별자치도 제공 협력가맹점 특별서비스
주유: GS칼텍스 주유소 이용 시 리터당 80원 할인
카페/디저트: 커피 전문점 5% 할인
쇼핑: 온오프라인 쇼핑 및 편의점 할인
푸드: 패밀리 레스토랑 5% 할인
병원/약국: 학원업종 및 병원(병원·의원·한의원) 업종 이용시 7% 할인
OTT/영화/문화: 영화 인터넷 예매 시 2천원 할인
통신: 이동통신요금 자동이체 5% 할인
테마파크: 주요 놀이공원 현장 할인
유의사항: 주요 서비스 통합 월 할인한도
유의사항: 꼭 확인하세요!"
2112,New제주아이사랑행복카드(체크),NH농협카드,,,"지역: 제주특별자치도 제공 협력가맹점 특별서비스
BC TOP: 국내·외 전 가맹점 0.2~0.4% TOP포인트 적립
OTT/영화/문화: 영화할인
테마파크: 주요 놀이공원 할인
도서: 서점(교보문고, 영풍문고, YES24) 이용 시 3% 청구할인
유의사항: 꼭 확인하세요!"
2113,인터파크 롯데포인트플러스 카드,롯데카드,"5,000","10,000","기타: 인터파크 10% 할인
기타: L.POINT 제휴사 더블 포인트 적립
무이자할부: 6개월 슬림할부 및 2~3개월 무이자 할부 서비스
헤어: 미용실 최대 20% 할인
경기관람: 야구 경기관림 20% 할인 
기타: 쇼핑 혜택
공연/전시: 공연 최대 30% 할인
주유소: SK주유소 리터당 SK주유포인트 50원적립
기타: L.POINT, 롯데 SK 주유포인트 적립
유의사항: 꼭 확인하세요!"
2114,인터파크 멤버스 체크카드,롯데카드,,,"기타: 인터파크 혜택 제공
기타: 인터파크 1% S-머니 적립
테마파크: 놀이공원 최대 50% 할인
헤어: 미용실 최대 20% 할인
경기관람: 야구 경기관람 20% 할인 
기타: 쇼핑 혜택
공연/전시: 영화, 공연 할인 서비스
패밀리레스토랑: 외식 할인 서비스
기타: L.POINT 적립
여행/숙박: 여행 서비스
유의사항: 꼭 확인하세요!"
2115,일동후디스 롯데 아이랑카드,롯데카드,,"15,000","기타: 일동후디스 전 제품 5%할인 + 5% 마일리지 적립
기타: 유아 쇼핑 서비스 최고 60% 할인
기타: 제대혈 서비스 10 ~ 15%할인
유의사항: 꼭 확인하세요!"
2116,일동후디스 롯데 포인트플러스 카드,롯데카드,"5,000","10,000","기타: 일동후디스 - 후디스샵 전 제품 10% 할인
기타: L.POINT 더블 포인트 적립 서비스
기타: 롯데 로열티 서비스
교통: 교통 서비스
무이자할부: 6개월 슬림할부 및 2~3개월 무이자 할부 서비스
쇼핑: 롯데 계열사 할인 및 무이자 할부
헤어: 미용실 최대 20% 할인
푸드: 여가 · 문화 · 외식 할인
기타: SK주유소 포인트 및 L.POINT 적립
유의사항: 꼭 확인하세요!"
2117,롯데 SKYPASS 플래티넘 법인카드,롯데카드,,"120,000","대한항공: 이용금액 1,000원당 대한항공 SKYPASS 1 마일리지 적립
항공권: 국내선 동반자 무료 항공권 연 1회
공항라운지: 공항라운지 무료 이용 서비스 연 3회
골프: 골프 부킹 서비스
쇼핑: 제휴 명품 브랜드 10% 할인 우대혜택
프리미엄 서비스: 카드 브랜드 프리미엄 서비스
유의사항: 꼭 확인하세요!"
2118,아시아나 마일리지카드,제주은행,,,"아시아나항공: 일시불 및 할부 매출액 1,000원당 1마일 적립
주유소: SK주유소 및 LPG충전소 리터당 60원 청구 할인
영화: 영화관 1,500원 ~ 3,000원 청구 할인
푸드: 커피전문점 이용금액의 10% 청구할인
패밀리레스토랑 20% 청구 할인
테마파크: 롯데월드 이용 금액 50% 청구 할인
기타: 자동화기기, 전자금융(인터넷뱅킹, 텔레뱅킹, 모바일뱅킹) 이용수수료 면제
유의사항: 꼭! 확인하세요!"
2119,롯데 아시아나클럽 플래티넘 법인카드,롯데카드,,"120,000","대한항공: 이용금액 1,000원당 아시아나항공 아시아나클럽 1 마일리지 적립
항공권: 국내선 동반자 무료 항공권 연 1회
공항라운지: 공항라운지 무료 이용 서비스 연 3회
골프: 골프 부킹 서비스
쇼핑: 제휴 명품 브랜드 10% 할인 우대혜택
프리미엄 서비스: 카드 브랜드 프리미엄 서비스
유의사항: 꼭 확인하세요!"
2120,자유투어 롯데카드,롯데카드,"5,000","6,000","여행사: 자유투어 여행 상품 청구 할인 및 무이자할부
여행사: 자유투어 여행상품 상시 3~5% 현장할인
면세점: 롯데면세점 5% 청구할인
테마파크: 여가/문화 서비스 제공
쇼핑: 롯데 계열사 할인 및 무이자 할부
헤어: 미용실 최대 20% 할인
푸드: 외식 할인 서비스
기타: L.POINT 적립
유의사항: 꼭 확인하세요!"
2121,자이언츠 롯데카드,롯데카드,,"5,000","경기관람: 부산 사직구장 (롯데 홈경기) 입장료 30% 할인
헤어: 미용실 최대 20% 할인
경기관람: 롯데 자이언츠 20% 할인
테마파크: 여가/문화 서비스 제공
쇼핑: 쇼핑 혜택
영화: 영화/공연 할인
주유소: SK주유소 리터당 SK주유포인트 50원적립
기타: L.POINT, 롯데 SK 주유포인트 적립
유의사항: 꼭 확인하세요!"
2122,J드라이빙카드,제주은행,"13,000",,"주유소: 전국 모든 정유사 대상 리터당 100원 할인
보험: DB손해보험 자동차보험 1만원 청구할인
정비: 차량정비업종, 주차장, 세차장 5% 청구할인
카페/디저트: GS편의점, 스타벅스, 투썸플레이스 5% 청구할인
유의사항: 꼭! 확인하세요!"
2123,재미나라 맘&데디 롯데카드,롯데카드,,"7,000","기타: 유아/가족 서비스
정비: SpeedMate 자동차무상정비 및 선, 후불 교통서비스
기타: 유아교육 수업료 할인서비스
헤어: 미용실 최대 20% 할인
쇼핑: 쇼핑 혜택
영화: 영화/공연 할인
주유소: SK주유소 리터당 SK주유포인트 50원적립
기타: L.POINT, 롯데 SK 주유포인트 적립
테마파크: 놀이공원 최대 50% 할인
경기관람: 야구 경기관람 20% 할인 
여행/숙박: 해외 여행 서비스
패밀리레스토랑: 외식 할인 서비스
주유소: SK주유소 리터당 SK주유포인트 50원적립
유의사항: 꼭 확인하세요!"
2124,강원 청년 카드(채움),NH농협카드,,,"모든가맹점: 국내·외 전 가맹점 0.2~0.3% 청구할인
기타: SMS 휴대폰 바로알림 서비스
유의사항: 꼭 확인하세요!"
2125,삼성화재 다이렉트 롯데카드,롯데카드,"10,000","15,000","보험: 삼성화재 다이렉트 자동차 보험료 청구할인
멤버십포인트: 삼성화재 다이렉트 인슈포인트 0.5% 적립
정비: SpeedMate 자동차 정비 서비스
테마파크: 놀이공원
경기관람: 롯데 자이언츠 20% 할인
쇼핑: 쇼핑
OTT/영화/문화: 영화/공연
푸드: 외식
주유소: SK주유소 리터당 SK주유포인트 50원적립
유의사항: 꼭 확인하세요!"
2126,경남 청년드림카드,NH농협카드,,,"모든가맹점: 적립한도 없이 0.2% ~ 0.7% NH포인트 적립
적립: 쇼핑/편의점·잡화/영화/커피·제과/해외관련 0.3% 추가 적립
공항라운지: 공항라운지 무료이용 
금융: 농협 인터넷·모바일·스마트·텔레뱅킹 이체수수료 통합 월 5회 면제
유의사항: 꼭 확인하세요!"
2127,JEJUJINI Air Money카드,제주은행,"15,000","20,000","할인: AIR MONEY 할인 서비스
제주지니 가맹점 이용시 3% 청구할인
적립: AIR MONEY 적립
디지털구독 서비스 특별적립
보험: 여행자보험
출장지원서비스
공항라운지: [JEJU JINI Air Money Platinum카드] 국내선 동반자 무료항공권 제공
호텔: [JEJU JINI Air Money Platinum카드] 국내 특급호텔 무료숙박권 제공・해외 호텔 무료숙박 제공
렌터카: [JEJU JINI Air Money Platinum카드] 제주지역 렌터카 제공
유의사항: 꼭 확인하세요!"
2128,ON PLATINUM카드(스카이패스),NH농협카드,"128,000","130,000","대한항공: 마일리지형(스카이패스) 국내·외 매출 건별 1,500원당 1마일리지
보너스 마일리지 적립(분기별 1회, 연 4회)
공항라운지: 전 세계 공항 라운지 무료 이용(더 라운지 멤버스)
프리미엄 서비스: MASTERCARD PLATINUM PREMIUM SERVICES
유의사항: 꼭 확인하세요!"
2129,세계자연유산 I♡Jeju 카드,롯데카드,"10,000","10,000","점심: 런치타임 서비스
주유소: SK주유소 리터당 80포인트 적립
기타: 지역특화서비스
유의사항: 꼭 확인하세요!"
2130,ON PLATINUM카드(아시아나클럽),NH농협카드,"128,000","130,000","아시아나항공: 마일리지형(아시아나클럽) 국내·외 매출 건별 1,000원당 1마일리지
보너스 마일리지 적립(분기별 1회, 연 4회)
공항라운지: 전 세계 공항 라운지 무료 이용(더 라운지 멤버스)
프리미엄 서비스: MASTERCARD PLATINUM PREMIUM SERVICES
유의사항: 꼭 확인하세요!"
2131,ON PLATINUM카드(포인트),NH농협카드,"118,000","120,000","적립: 기본적립 : 국내·외 0.8% NH포인트 적립
보너스 포인트 적립(분기별 1회, 연 4회)
공항라운지: 전 세계 공항 라운지 무료 이용(더 라운지 멤버스)
프리미엄 서비스: MASTERCARD PLATINUM PREMIUM SERVICES
JCB PLATINUM PREMIUM SERVICES
유의사항: 꼭 확인하세요!"
2132,제주 삼다수카드(신용),제주은행,"13,000","15,000","주유소: 전국 모든 정유사 대상 리터당 100원 할인
할인: 보험료할인, 차량관련업종 할인
GS편의점, 스타벅스, 투썸플레이스 5% 청구할인
유의사항: 꼭! 확인하세요!"
2133,롯데 하이마트 카드,롯데카드,"17,000","20,000","쇼핑: 하이마트에서 구매 시, 8% 할인 또는 L.POINT 적립
통신: 모바일 유심카드
온라인쇼핑: 롯데닷컴에서 결제 시 최고 3% L.POINT 적립
롯데닷컴에서 유료 배송비 상품 결제 시 L.POINT 3천점 적립
헤어: 미용실 최대 20% 할인
경기관람: 롯데자이언츠 20% 할인
쇼핑: 쇼핑 할인
무이자 할부 혜택
OTT/영화/문화: 롯데시네마 1,500원 할인
공연 10~30% 할인
푸드: 보네스뻬/보네스뻬브레드/TGIF 10% 할인
멤버십포인트: L.POINT 0.2% 적립
유의사항: 꼭 확인하세요!"
2135,롯데 트래블 패스 카드,롯데카드,"15,000","15,000","항공마일리지: 플라이어마일 1,500원당 1~2마일 적립
유의사항: 꼭 확인하세요!"
2136,롯데 캐시비 플러스카드,롯데카드,"5,000","7,000","대중교통: 플라이어마일 1,500원당 1~2마일 적립
통신: 핸드폰 통신요금 할인
모바일 유심카드
헤어: 미용실 최대 20% 할인
경기관람: 롯데자이언츠 20% 할인
쇼핑: 쇼핑 할인
무이자 할부 혜택
OTT/영화/문화: 롯데시네마 1,500원 할인
공연 10~30% 할인
멤버십포인트: L.POINT 0.2% 적립
유의사항: 꼭 확인하세요!"
2137,전북방송-롯데카드,롯데카드,"5,000","10,000","지역: 전북방송 케이블TV 7천원 할인
헤어: 미용실 최대 20% 할인
경기관람: 롯데 자이언츠 20% 할인
테마파크: 놀이공원 최대 50% 할인
쇼핑: 쇼핑 혜택
영화: 영화/공연 할인
주유소: SK주유소 리터당 SK주유포인트 50원적립
기타: L.POINT, 롯데 SK 주유포인트 적립
여행/숙박: 여행 서비스
패밀리레스토랑: 외식 할인 서비스
유의사항: 꼭 확인하세요!"
2138,롯데 Smart Consumer 카드,롯데카드,"9,000","10,000","적립: L.POINT 기본적립 0.2%
L.POINT 최대 3만 포인트 추가적립
백화점: 롯데백화점 5% 할인
롯데백화점/마트/슈퍼 2~3개월 무이자 할부
OTT/영화/문화: 롯데월드 50% 할인
롯데시네마 1,500원 할인
푸드: 미스터피자 15% 현장 할인
T.G.I.F 상시 10% 할인
유의사항: 꼭 확인해주세요!"
2139,세븐일레븐 멤버쉽롯데카드,롯데카드,"5,000",,"편의점: 세븐일레븐매장 10%할인
연회비지원: 연회비 면제 서비스
헤어: 미용실 최대 20% 할인
테마파크: 놀이공원 할인
경기관람: 롯데 자이언츠 20% 할인
쇼핑: 쇼핑
여행/숙박: 여행서비스
공연/전시: 뮤지컬, 연극 등 공연 10~30% 할인
푸드: 외식
주유소: SK주유소 리터당 SK주유포인트 50원적립
멤버십포인트: L.POINT 적립
유의사항: 꼭 확인하세요!"
2140,쇼퍼홀릭 롯데홈쇼핑 롯데체크카드,롯데카드,,,"홈쇼핑: 롯데홈쇼핑 포인트 적립 및 할인쿠폰 제공
연회비지원: 연회비 면제 및 SMS 무료
헤어: 미용실 최대 20% 할인
테마파크: 놀이공원
경기관람: 롯데 자이언츠 20% 할인
쇼핑: 쇼핑 5% 할인
영화: 롯데시네마 관람료 1,500원 청구할인
푸드: 외식
주유소: SK주유소 리터당 SK주유포인트 50원적립
멤버십포인트: 포인트 적립
유의사항: 꼭 확인하세요!"
2141,쇼퍼홀릭 롯데홈쇼핑 롯데카드,롯데카드,"10,000","10,000","홈쇼핑: [쇼핑할인]쇼퍼홀릭 롯데홈쇼핑 카드 결제 시 7% 할인 및 쿠폰 제공
멤버십포인트: [쇼핑적립] 롯데홈쇼핑 결제 시 1.5%~3.5% 롯데카드 포인트 적립
헤어: 미용실 최대 20% 할인
테마파크: 놀이공원
경기관람: 롯데 자이언츠 20% 할인
쇼핑: 쇼핑
영화: 영화/공연
푸드: 외식
주유소: SK주유소 리터당 SK주유포인트 50원적립
기타: L.POINT 적립
유의사항: 꼭 확인하세요!"
2142,쉐보레 오토 롯데카드,롯데카드,"5,000","15,000","멤버십포인트: 쉐보레 오토포인트 3% 적립
차/중고차: 오토포인트와 선포인트로 최대 250만원 할인
유의사항: 꼭 확인하세요!"
2143,쉐보레오토 체크카드,롯데카드,,,"멤버십포인트: 쉐보레 오토포인트 3% 적립
연회비지원: 연회비 면제 및 SMS 무료 서비스
헤어: 미용실 최대 20% 할인
테마파크: 놀이공원
경기관람: 롯데 자이언츠 20% 할인
쇼핑: 쇼핑
여행/숙박: 여행서비스
푸드: 외식
주유소: SK주유소 리터당 SK주유포인트 50원적립
유의사항: 꼭 확인하세요!"
2144,쌍용자동차 AUTO 롯데카드,롯데카드,"5,000","10,000","멤버십포인트: 쌍용자동차 오토포인트 3%적립
자동차: 쌍용자동차 선포인트 최대 50만원 사용
테마파크: 롯데월드 본인 종합이용권 50% 할인
쇼핑: 쇼핑
영화: 롯데시네마 관람권 1,500원 할인
푸드: 외식
주유소: 롯데 SK주유포인트
기타: L.POINT
유의사항: 꼭 확인하세요!"
2145,에이스침대 스페셜 롯데카드,롯데카드,"15,000","15,000","캐시백: 에이스침대 장기할부이용 캐시백 서비스
멤버십포인트: L.POINT
유의사항: 꼭 확인하세요!"
2146,웅진씽크빅 롯데카드,롯데카드,"15,000","20,000","학습지: 웅진씽크빅 상품 자동이체 결제금액 청구할인
대형마트: 롯데마트 이용금액 결제일 할인
멤버십포인트: L.POINT
유의사항: 꼭 확인하세요!"
2147,위클리 VISA 롯데체크카드,롯데카드,,,"캐시백: Weekly 캐시백 서비스
쇼핑: 쇼핑
테마파크: 놀이공원 최대 50% 현장할인
영화: 롯데시네마  1,500원 할인
푸드: 외식
유의사항: 꼭 확인하세요!"
2148,KCTV알뜰카드,제주은행,,,"기타: KCTV 방송요금 자동이체시 5천원 ~ 7천원 청구 할인
이동통신요금 자동이체시 1천원 청구 할인
영화: 영화관 최대 3천원 청구 할인
온라인쇼핑: 온라인쇼핑몰 5% 청구 할인
카페: 주요 커피 전문점 20% 청구할인
기타: 자동화기기, 전자금융(인터넷뱅킹, 텔레뱅킹, 모바일뱅킹) 이용수수료 면제
외환 수수료 감면
유의사항: 꼭! 확인하세요! "
2149,이랜드리테일 롯데카드,롯데카드,"10,000","15,000","온라인쇼핑: 이랜드리테일 이용금액 7% 결제일할인
대형마트: 주요 마트 이용금액 5% 결제일 할인
연회비지원: 자동납부 실적 연 6회 이상 시 다음 해 제휴연회비 면제
멤버십포인트: L.POINT 적립
유의사항: 꼭 확인하세요!"
2150,국민행복카드,제주은행,,,"국민행복: A-Type(for Baby)
국민행복: B-Type(for Children)
국민행복: C-Type(for Green Life)
기타: 그린카드 멤버십 서비스
유의사항: 꼭! 확인하세요! "
2151,제주그린카드,제주은행,,,"카페: 커피전문점 10% 청구할인
영화: 영화관 2,000원 청구 할인
적립: 국내 가맹점 이용금액의 0.2∼0.8% 에코머니 포인트 적립
대중교통 이용금액의 5∼20% 에코머니 포인트 적립
기타: 전자금융(인터넷뱅킹, 텔레뱅킹) 이용수수료 면제
그린카드 특화서비스 (모든 그린카드 제공되는 공통서비스)
유의사항: 꼭! 확인하세요! "
2152,지금샵 롯데카드,롯데카드,"5,000","10,000","모든가맹점: 지금샵 최대 40%할인
헤어: 미용실 최대 20% 할인
테마파크: 놀이공원
경기관람: 롯데 자이언츠 20% 할인
쇼핑: 쇼핑
여행/숙박: 여행서비스
OTT/영화/문화: 영화/공연
푸드: 외식
주유소: SK주유소 리터당 SK주유포인트 50원적립
멤버십포인트: L.POINT 적립
유의사항: 꼭 확인하세요!"
2153,제주교통복지카드,제주은행,,,"대중교통: 후불 교통 이용 금액 청구 할인
제주특별자치도 내 버스 이용 요금 면제
캐시백: 국내 가맹점 이용 금액 캐쉬백 제공
기타: 자동화기기, 전자금융(인터넷뱅킹, 텔레뱅킹, 모바일뱅킹) 이용수수료 면제
유의사항: 꼭! 확인하세요! "
2154,캐시백 플러스 카드(교통+통신),롯데카드,"10,000","15,000","캐시백: 매월 이용한 금액에 따라 캐시백 적립
쇼핑: 롯데백화점 할인 e-쿠폰 및 주차권 제공
테마파크: 롯데월드 50% 현장할인
유의사항: 꼭 확인하세요!"
2155,캐시백 플러스 카드(백화점+마트),롯데카드,"10,000","15,000","캐시백: 매월 이용한 금액에 따라 캐시백 적립
백화점: 롯데백화점 할인 e-쿠폰 및 주차권 제공
테마파크: 롯데월드 50% 현장할인
유의사항: 꼭 확인하세요!"
2156,용인시민카드(체크),IBK기업은행,,,"대중교통: [Life in Yong-In] 버스, 지하철(용인시 경전철 포함) 3% 할인
소셜커머스: [Life in Yong-In] 쿠팡, 티몬, 위메프 10% 할인
영화: [Life in Yong-In] CGV, 롯데시네마 2천원 할인
푸드: [Life in Yong-In] 아웃백, 빕스, 블랙스미스, 토다이, TGIF, 애슐리 20% 할인
[Life in Yong-In] 불고기브라더스 20% 현장할인
카페: [Life in Yong-in] 주요 커피전문점 10% 할인
테마파크: [Play in Yong-In] 용인시 주요 놀이공원 할인
기타: [Enjoy in Yong-In] 공연/문화/생활시설 할인 서비스
유의사항: 꼭 확인하세요!"
2157,전자랜드 롯데카드,롯데카드,"10,000","15,000","기타: 전자랜드에서 구매 시 최대 20만원 청구할인 + 최대 5% L.POINT 적립
연회비지원: 연회비 면제
무이자할부: 무이자 할부 혜택
테마파크: 롯데월드 50% 할인
경기관람: 야구 경기 관람 할인
기타: 쇼핑 혜택
영화: 영화 1,500원 할인
패밀리레스토랑: 외식 할인
기타: L.POINT 적립 서비스
유의사항: 꼭 확인하세요!"
2158,정원 e샵 롯데카드,롯데카드,"5,000","10,000","기타: 정원e샵 추가 10% 할인
헤어: 미용실 최대 20% 할인
경기관람: 롯데 자이언츠 20% 할인
기타: 쇼핑 혜택
영화: 영화/공연 할인
패밀리레스토랑: 외식 할인 서비스
기타: L.POINT 적립 서비스
유의사항: 꼭 확인하세요!"
2159,롯데 Touch카드(스틱형),롯데카드,0,,"대중교통: 대중교통 단말기에 터치하여 결제
편의점: 세븐일레븐 매장에서 물품 구매 후 IC단말기에 터치, 무서명 신용 결제(부산 및 울산)

금융: 인터넷 결제 가능
유의사항: 꼭 확인하세요!"
2160,롯데 Touch카드(카드형),롯데카드,0,,"대중교통: 대중교통 단말기에 터치하여 결제
편의점: 세븐일레븐 터치결제
K-7매장 터치결제
금융: 인터넷결제 가능
유의사항: 꼭 확인하세요!"
2161,IBK 나의알파에듀카드,IBK기업은행,"5,000","5,000","캐시백: [특화서비스] 1만원 이상 이용 시 1천원 캐시백
통신: [특화서비스] 휴대폰 이용금액 3% 캐시백 (SKT, KT, LG U+)
주유소: [특화서비스] GS칼텍스 리터당 60원 캐시백
영화: [특화서비스] CGV, 롯데시네마 2천원 현장할인
패밀리레스토랑: [특화서비스] 아웃백, 빕스 10% 캐시백
면세점: [기본서비스] 면세점 5~15% 할인쿠폰 제공
금융: [기본서비스] 당행 ATM/CD기 인출수수료 월 10회 면제
[특화서비스] 자동차보험료 및 전국 백화점/할인점 2~3개월 무이자할부
여행/숙박: 렌터카, 항공, 호텔 등 여행/숙박 업종 할인
테마파크: [기본서비스] 주요 놀이공원 무료입장 또는 입장료/자유이용권 할인 (월 1회, 연 4회)
생활: [기본서비스] 프리미엄 상조서비스 10% 할인
유의사항: 꼭 확인하세요!"
2162,제주항공 롯데카드,롯데카드,,"10,000","기타: JCB해외 가맹점 할인 및 상해단체보험가입
항공권: 제주항공 결제 시 청구할인
연회비지원: 연회비 면제 서비스
기타: 더블 포인트 적립 서비스
테마파크: 롯데월드 50% 할인
기타: 쇼핑 서비스
영화: 영화 1,500원 할인
패밀리레스토랑: 외식 할인 서비스
기타: L.POINT, SK주유포인트 적립 서비스
유의사항: 꼭 확인하세요!"
2163,롯데 VEEX 카드,롯데카드,"9,000","10,000","적립: 건당 결제금액에 따라 최대 2%적립
백화점: 롯데백화점 5% 할인
롯데면세점 최대 10% 할인
헤어: 박준 뷰티랩 20% 현장할인
박 승철 헤어스투디오 15% 현장할인
일반음식점: T.G.I.FRiDAY'S 10% 할인
미스터피자 15% 할인
테마파크: 롯데월드 50% 할인
영화: 롯데시네마 1,500원 할인
유의사항: 꼭 확인하세요!"
2164,종가푸드샵 DC플러스카드,롯데카드,"10,000","10,000","기타: 종가푸드샵 상시 15%할인
백화점: 롯데멤버스 제휴사 최대 12% 할인
헤어: 미용실 최대 20% 할인
경기관람: 롯데 자이언츠 20% 할인
기타: 쇼핑 서비스
영화: 영화/공연 할인
주유소: SK주유소 리터당 SK주유포인트 50원적립
기타: L.POINT, SK주유포인트 적립 서비스
유의사항: 꼭 확인하세요!"
2165,제주삼다수 체크카드,제주은행,,,"대중교통: 대중교통 할인
교육/육아: 토익 응시료 할인
도내 서비스 할인 (영어학원, 서점)
통신: 휴대폰 통신 요금 할인
편의점: CU편의점 1만원 이상 결제시 2% ~ 7% 청구 할인
영화: CGV, 메가박스, 롯데시네마 이용시 1,500원~3,000원 청구 할인
푸드: 패밀리레스토랑 할인
커피, 음료 이용액 할인
유의사항: 꼭 알아두세요!"
2166,쥬비스 롯데포인트 플러스 카드,롯데카드,"5,000","8,000","기타: 쥬비스 프로그램 이용시 1.3 ~ 1.5% 포인트 적립
기타: L.POINT 더블 포인트 적립 서비스
경기관람: 롯데 자이언츠 20% 할인
기타: 쇼핑 서비스
영화: 영화/공연 할인
주유소: SK주유소 리터당 SK주유포인트 50원적립
기타: L.POINT, SK주유포인트 적립 서비스
헤어: 미용실 최대 20% 할인
유의사항: 꼭 확인하세요!"
2167,천재교육 롯데카드,롯데카드,,,"학습지: 천재교육 최대 10% 청구할인
경기관람: 롯데 자이언츠 20% 할인
기타: 쇼핑 서비스
영화: 영화/공연 할인
패밀리레스토랑: 외식 할인 서비스
헤어: 미용실 최대 20% 할인
유의사항: 꼭 확인하세요!"
2168,청호나이스 롯데카드,롯데카드,,"5,000","제휴/PLCC: 청호나이스 3만원 할인
경기관람: 롯데 자이언츠 20% 할인
기타: 쇼핑 서비스
영화: 영화/공연 할인
주유소: SK주유소 리터당 SK주유포인트 50원적립
헤어: 미용실 최대 20% 할인
기타: L.POINT, 롯데 SK 주유포인트 적립
유의사항: 꼭 확인하세요!"
2169,롯데 메가포인트 카드,롯데카드,,"15,000","적립: 카드 입회 기간 별 최대 1% 적립
정비: 전국 SpeedMate에서 엔진오일 교환 할인 및 차량 점검 서비스
백화점: 롯데백화점 5% 할인
유의사항: 꼭 확인하세요!"
2170,부자되세요 더마일리지카드,제주은행,,,"온라인쇼핑: 5개 온라인몰 5% 청구 할인
통신: 이동통신요금 3% 청구 할인
대한항공: 대한항공 스카이패스 마일리지 적립 서비스
영화: 영화관 최대 3천원 청구 할인
푸드: 패밀리레스토랑 할인
커피, 음료 이용액 할인
유의사항: 꼭 알아두세요!"
2171,인피니트 카드,롯데카드,,"1,000,000","바우처: 스페셜기프트 제공(연 1회)
대한항공: 대한항공 스카이패스 마일리지 1,500원당 1마일 적립
항공권: 국내외 동반자 무료항공권 또는 좌석승급 서비스 (택1)
프리미엄 서비스: 비자 인피니트 서비스
유의사항: 꼭 확인하세요!"
2172,탐나는J체크카드,제주은행,,,"대중교통: 대중교통 10% 청구 할인
교육/육아: 토익 응시료 할인
도내 서비스 할인 (영어학원, 서점)
통신: 이동통신요금 3% 청구 할인
편의점: 편의점(CU) 최대 7% 청구 할인
푸드: 패밀리레스토랑(VIPS) 20% 청구 할인
커피전문점 20% 청구 할인
유의사항: 꼭 알아두세요!"
2173,국민행복체크카드,제주은행,,,"국민행복: A-Type(for Baby)
 - 병/의원 조산원, 산후조리원업종(정부지원금 제외) 3% 청구할인 등
국민행복: B-Type(for Children)
 - 이동통신요금 자동이체시 1천원 청구할인 등
국민행복: C-Type(for Green Life)
 - 국내 가맹점 이용금액 0.2~0.5% 에코머니 포인트 기본 적립 등
편의점: 편의점(CU) 최대 7% 청구 할인
기타: 그린카드 멤버십 서비스
유의사항: 꼭 알아두세요!"
2174,제주그린체크카드,제주은행,,,"영화: 영화입장권 2,000원 청구할인 서비스
카페: 커피전문점 10% 청구할인 서비스
적립: 기본적립 전국 가맹점 국내 가맹점 이용금액 0.2~0.5% 에코머니 포인트 적립
기타: 그린카드 특화서비스 (모든 그린카드 제공되는 공통서비스)
기타: 그린카드 멤버십 서비스
유의사항: 꼭 알아두세요!"
2175,SK OIL&LPG 카드,전북은행,"15,000","15,000","주유소: SK주유소, 충전소 리터당 최대 120원 청구할인
생활: 생활 할인 서비스 5~10% 청구할인
유의사항: 꼭 알아두세요!"
2176,내사랑 전주 카드,전북은행,"9,000","10,000","적립: 전주 삼색 서비스 월 최대 1만원 적립
적립: 모든 가맹점 0.3% 적립 전주시 가맹점 및 생활 밀착 서비스 0.3% 추가 적립
유의사항: 꼭 알아두세요!"
2177,1st Link On 카드,전북은행,"19,000","20,000","적립: 전주 삼색 서비스 월 최대 1만원 적립
적립: 온라인에서 결제 시 5% 청구할인
유의사항: 꼭 알아두세요!"
2178,1st TRIPLE 카드,전북은행,"11,000","12,000","선택형: Triple 적립서비스
 - 전월실적, 한도제한없이 선택 타입 업종 최대 1% 적립
적립: JUST LIFE 적립서비스
유의사항: 꼭 알아두세요!"
2179,1st 카드(레드),전북은행,,,"선택형: 기본 선택서비스 적립 또는 캐시백  
프리미엄 선택서비스 적립 또는 캐시백
모든가맹점: 전 가맹점 이용액 0.5% 적립/캐시백
영화: 전국 영화관 건당 8천원 이상 이용시 3천원 할인
기타: 당행 ATM 출금 수수료 면제
유의사항: 꼭 확인하세요!"
2180,1st TRIPLE Platinum 카드,전북은행,"30,000","33,000","선택형: 전월실적, 한도제한없이 선택 타입 업종 최대 1% 적립
 -  SPECIAL 적립 (1.5%) / TOP 적립 (1.0%)
적립: JUST LIFE 적립서비스
프리미엄 서비스: Mastercard Platinum 서비스
유의사항: 꼭 확인하세요!"
2181,1st 플래티늄 카드,전북은행,"28,000","30,000","적립: 건당 결제 금액에 따라 1.2% 또는 0.7% 적립/캐시백
골프: 전국 모든 골프장 건별 사용금액 10만원당 5천원 적립/캐시백
영화: 전국 영화관 건당 8천원 이상 이용시 3천원 할인
프리미엄 서비스: 마스타 프리미엄 서비스
금융: 당행 ATM 출금 수수료 면제 (월 5회 이내)
유의사항: 꼭 확인하세요!"
2182,롯데 모바일 플러스 카드,롯데카드,,"10,000","기타: 통신요금 최대 1만원 할인

영화: 롯데시네마 모바일 무료관람권 제공
헤어: 박준뷰티랩, 박승철 헤어스투디오 할인

테마파크: 롯데월드 50% 할인
경주월드, 대전오월드 50% 할인
경기관람: 롯데 자이언츠 20% 할인

백화점: 롯데백화점  5% 할인쿠폰 제공
롯데 면세점 5~10% 할인
여행사: 해외행공권 최대 7% 할인
해외여행상품 최대 7% 할인
영화: 뮤지컬, 연극 등 공연 10~30% 할인
롯데시네마 영화관람료 1,500원 할인
일반음식점: T.G.I.F 상시 10% 할인
보네스뻬/보네스뻬브레드 10% 할인
유의사항: 꼭 확인하세요!"
2183,1st 플래티늄+ 카드,전북은행,"118,000","120,000","적립: 건당 결제 금액에 따라 1.2% 또는 0.7% 적립/캐시백
골프: 전국 모든 골프장 건별 사용금액 10만원당 5천원 적립/캐시백
영화: 전국 영화관 건당 8천원 이상 이용시 3천원 할인
프리미엄 서비스: 마스타 프리미엄 서비스
바우처: 10만원 상당의 바우처 서비스 제공 (6종 중 택1)
유의사항: 꼭 확인하세요!"
2184,둘과넷 카드,전북은행,"8,000",,"선택형: 10대 소비영역 중 고객님의 Top3 업종 이용금액에 대해서 2~4배 캐시백
유의사항: 꼭 확인하세요!"
2185,NEW AUTO+,전북은행,"9,000",,"주유소: 전국 모든 주유소·충전소에서 리터당 80원 ~ 100원 청구할인
보험: 손해보험업종 2% 청구할인
생활: 생활4대영역(마트, 쇼핑, 외식, 카페) 최대 10% 청구할인
유의사항: 꼭 확인하세요!"
2186,롯데 비즈니스 카드,롯데카드,"8,000","10,000","비즈니스: 비즈니스 업종 비용절감 최대 8만원
제휴/PLCC: VISA, AMEX 해외브랜드 특화서비스
기타: 세무지원 서비스
헤어: 박준뷰티랩, 박승철 헤어스투디오 할인

백화점: 롯데백화점 5% 할인
롯데면세점 5~15% 할인
유의사항: 꼭 확인하세요!"
2187,롯데 야구사랑 체크카드,롯데카드,0,,"경기관람: 프로야구 티켓 10% 할인
연회비지원: 연회비 몇제 및 SMS무료 서비스
카페: 커피전문점 및 구장 내 편의시설 할인
헤어: 박준뷰티랩, 박승철 헤어스투디오 할인

백화점: 롯데백화점 5% 할인
롯데 on 5% 할인
테마파크: 롯데월드 종합이용권 50% 할인
경주월드, 대전오월드 자유이용권 50% 할인 
경기관람: 롯데 자이언츠 20% 할인

항공권: 해외행공권 최대 7% 할인
해외여행상품 최대 7% 할인
영화: 롯데시네마 영화관람료 1,500원 할인

푸드: T.G.I.F 상시 10% 할인
롯데리아, 엔제리너스커피, 나뚜루 할인
유의사항: 꼭 확인하세요!"
2188,롯데 야구사랑카드,롯데카드,"5,000",,"대중교통: 교통요금 5% 할인
일반음식점: 구장 내 편의시설 및 전국 음식점 할인 서비스
온라인쇼핑: 롯데홈쇼핑, 인터파크, 티켓링크 5% 할인
주유소: 전 주유소 리터당 60원 할인

백화점: 롯데백화점 5% 할인
롯데면세점 최고 5%, 두타면세점 10% 현장할인
헤어: 박준뷰티랩, 박승철 헤어스투디오 할인

경기관람: 롯데 자이언츠 20% 할인

공연/전시: 뮤지컬, 연극 등 공연 10~30% 할인

푸드: T.G.I.F 상시 10% 할인
롯데리아, 엔제리너스커피, 나뚜루 할인
유의사항: 꼭 확인하세요!"
2189,1st TRIPLE 체크카드,전북은행,,,"캐시백: TRIPLE 캐시백 서비스
기타: 전북은행 ATM 출금수수료 면제 (월5회)
카드디자인
유의사항: 꼭 확인하세요!"
2190,해피포인트 체크카드,전북은행,,,"해피포인트: 해피포인트 가맹점 할인 서비스
생활: 영화(CGV, 메가박스, 롯데시네마) 2천원 청구할인
대중교통(버스/지하철) 및 편의점 10% 청구할인
유의사항: 꼭 확인하세요!"
2191,Smart Cashback 체크카드,전북은행,,,"캐시백: 건당 이용금액 구간별 0.2% ~ 1.2% 캐시백 서비스
유의사항: 꼭 확인하세요!"
2192,국민행복 체크카드,전북은행,,,"국민행복: A-Type ""for Baby Service""
국민행복: B-Type ""for Children Service""
유의사항: 꼭 확인하세요!"
2193,유안타 CMA+ 체크카드,유안타증권,,,"캐시백: 카드이용금액의 최대 연 5% 캐시백 제공
유의사항: 꼭 확인하세요!"
2194,유안타 Daily+ 체크카드,유안타증권,,,"할인: 전월 실적에 따라 5% ~ 최대 20% 다양한 할인
유의사항: 꼭 확인하세요!"
2195,Kia Members 신용카드 Edition2,현대카드,"30,000",,"적립: 모든 가맹점에서 기본 M포인트 적립
자동차/하이패스: 기아 신차 구매 시 1.5% M포인트 적립
기아 신차 구매 시 2만 기아멤버스 포인트 적립
제휴/PLCC: Kia Members 멤버십 서비스
연간 이용금액 6백만원 이상 시 차년도 1만 기아멤버스 포인트 적립
멤버십포인트: 주유/정비·외식·쇼핑·영화 등 제휴 사용처에서 M포인트 사용"
2196,Kia Members 전기차 신용카드,현대카드,"30,000",,"적립: 당월 이용금액에 따라 국내외 가맹점 이용금액의 0.5% M포인트 적립
Kia Members 제휴처에서 이용 시 당월 이용금액에 따라 0.5% 동시 적립
자동차: 전기차 충전 시 당월 이용금액에 따라 30~70% 할인
제휴/PLCC: Kia Members 멤버십 서비스
멤버십포인트: 주유/정비·외식·쇼핑·영화 등 제휴 사용처에서 M포인트 사용
유의사항: M포인트·기아멤버스 포인트 적립 및 관리 기준"
2197,현대카드M CHECK-경차전용카드(유류세 환급),현대카드,,,"적립: 월 100만원 미만 이용 시 0.5% M포인트 적립
월 100만원 이상 이용 시 1% M포인트 적립
기타: 정부 유류세환급제도 지원
기타: 프로스포츠 입장권 할인
멤버십포인트: 주유/정비·외식·쇼핑·영화 등 제휴 사용처에서 M포인트 사용
유의사항: M포인트·기아멤버스 포인트 적립 및 관리 기준"
2198,캐롯손해보험-현대카드M Edition3,현대카드,"30,000",,"제휴/PLCC: 캐롯손해보험료 청구 할인
적립: 업종별 0.5~3% 적립
월 100만원 이상 이용 시 1.5배 적립"
2199,산림조합-현대카드M(청구할인형),현대카드,"10,000",,"제휴/PLCC: 산림조합상조 납부금액 청구 할인
적립: 국내외 가맹점에서 0.2% M포인트 적립"
2200,카카오페이카드2,카카오페이,,"30,000","카카오페이: 결제 시 페이포인트 0.3% 적립
캐시백: 카카오프렌즈 20% 캐시백
대한항공: ※스카이패스형 선택 시, 스카이패스 마일리지 적립
금융: 전국 편의점 ATM출금서비스
유의사항: 꼭 확인하세요!"
2201,롯데 야구사랑카드(LG트윈스),롯데카드,"5,000",,"경기관람: 프로야구 입장권 30% 할인

대중교통: 대중교통 5% 할인

푸드: 음식점 및 편의시설 5% 할인
주유소: 주유할인 리터당 60원 할인

온라인쇼핑: 티켓링크, 롯데홈쇼핑, 인터파크 5% 할인

헤어: 미용실 최대 20% 할인

경기관람: 롯데 자이언츠 20% 할인

백화점: 롯데백화점 5%할인 e-쿠폰
롯데ON 5% 할인 및 무이자 할부 혜택
영화: 롯데시네마 관람료 1,500원 청구할인
뮤지컬, 연극 등 공연 10~30% 할인
일반음식점: T.G.I.F 상시 10% 할인
롯데리아, 엔제리너스, 나뚜루 할인
유의사항: 꼭 확인하세요!"
2202,롯데 야구사랑카드(SK와이번스),롯데카드,"5,000",,"경기관람: 프로야구 입장권 30% 할인

대중교통: 대중교통 5% 할인

푸드: 음식점 및 편의시설 5% 할인
주유소: 주유할인 리터당 60원 할인

온라인쇼핑: 티켓링크, 롯데홈쇼핑, 인터파크 5% 할인

헤어: 미용실 최대 20% 할인

경기관람: 롯데 자이언츠 20% 할인

백화점: 롯데백화점 5%할인 e-쿠폰
롯데ON 5% 할인 및 무이자 할부 혜택
영화: 롯데시네마 관람료 1,500원 청구할인
뮤지컬, 연극 등 공연 10~30% 할인
일반음식점: T.G.I.F 상시 10% 할인
롯데리아, 엔제리너스, 나뚜루 할인
유의사항: 꼭 확인하세요!"
2203,롯데 야구사랑카드(기아타이거즈),롯데카드,"5,000",,"경기관람: 프로야구 입장권 30% 할인

대중교통: 대중교통 5% 할인

푸드: 음식점 및 편의시설 5% 할인
주유소: 주유할인 리터당 60원 할인

온라인쇼핑: 티켓링크, 롯데홈쇼핑, 인터파크 5% 할인

헤어: 미용실 최대 20% 할인

경기관람: 롯데 자이언츠 20% 할인

백화점: 롯데백화점 5%할인 e-쿠폰
롯데ON 5% 할인 및 무이자 할부 혜택
영화: 롯데시네마 관람료 1,500원 청구할인
뮤지컬, 연극 등 공연 10~30% 할인
일반음식점: T.G.I.F 상시 10% 할인
롯데리아, 엔제리너스, 나뚜루 할인
유의사항: 꼭 확인하세요!"
2204,롯데 야구사랑카드(넥센히어로즈),롯데카드,"5,000",,"경기관람: 프로야구 입장권 30% 할인

대중교통: 대중교통 5% 할인

푸드: 음식점 및 편의시설 5% 할인
주유소: 주유할인 리터당 60원 할인

온라인쇼핑: 티켓링크, 롯데홈쇼핑, 인터파크 5% 할인

헤어: 미용실 최대 20% 할인

경기관람: 롯데 자이언츠 20% 할인

백화점: 롯데백화점 5%할인 e-쿠폰
롯데ON 5% 할인 및 무이자 할부 혜택
영화: 롯데시네마 관람료 1,500원 청구할인
뮤지컬, 연극 등 공연 10~30% 할인
일반음식점: T.G.I.F 상시 10% 할인
롯데리아, 엔제리너스, 나뚜루 할인
유의사항: 꼭 확인하세요!"
2205,롯데 야구사랑카드(삼성라이온즈),롯데카드,"5,000",,"경기관람: 프로야구 입장권 30% 할인

대중교통: 대중교통 5% 할인

푸드: 음식점 및 편의시설 5% 할인
주유소: 주유할인 리터당 60원 할인

온라인쇼핑: 티켓링크, 롯데홈쇼핑, 인터파크 5% 할인

헤어: 미용실 최대 20% 할인

경기관람: 롯데 자이언츠 20% 할인

백화점: 롯데백화점 5%할인 e-쿠폰
롯데ON 5% 할인 및 무이자 할부 혜택
영화: 롯데시네마 관람료 1,500원 청구할인
뮤지컬, 연극 등 공연 10~30% 할인
일반음식점: T.G.I.F 상시 10% 할인
롯데리아, 엔제리너스, 나뚜루 할인
유의사항: 꼭 확인하세요!"
2206,롯데 야구사랑카드(한화이글스),롯데카드,"5,000",,"경기관람: 프로야구 입장권 30% 할인

대중교통: 대중교통 5% 할인

푸드: 음식점 및 편의시설 5% 할인
주유소: 주유할인 리터당 60원 할인

온라인쇼핑: 티켓링크, 롯데홈쇼핑, 인터파크 5% 할인

헤어: 미용실 최대 20% 할인

경기관람: 롯데 자이언츠 20% 할인

백화점: 롯데백화점 5%할인 e-쿠폰
롯데ON 5% 할인 및 무이자 할부 혜택
영화: 롯데시네마 관람료 1,500원 청구할인
뮤지컬, 연극 등 공연 10~30% 할인
일반음식점: T.G.I.F 상시 10% 할인
롯데리아, 엔제리너스, 나뚜루 할인
유의사항: 꼭 확인하세요!"
2207,롯데 엔크린 카드,롯데카드,,"10,000","주유소: SK주유소에서 주유 시 리터당 70 L.POINT 적립
SK주유소에서 L.POINT결제 가능
연회비지원: 연회비 면제 서비스
헤어: 미용실 최대 20% 할인

경기관람: 롯데 자이언츠 20% 할인

백화점: 롯데백화점 5%할인 e-쿠폰
롯데ON 5% 할인 및 무이자 할부 혜택
영화: 뮤지컬, 연극 등 공연 10~30% 할인
적립: 국내외 가맹점 사용금액 0.2% 적립
유의사항: 꼭 확인하세요!"
2208,롯데 영플 체크 후불 교통카드,롯데카드,0,,"대중교통: 대중교통 후불결제 서비스
연회비지원: 연회비 면제 서비스
헤어: 미용실 최대 20% 할인

경기관람: 롯데 자이언츠 20% 할인

백화점: 롯데백화점 5%할인 e-쿠폰
롯데ON 5% 할인 및 무이자 할부 혜택
영화: 뮤지컬, 연극 등 공연 10~30% 할인
적립: 국내외 가맹점 사용금액 0.2% 적립
유의사항: 꼭 확인하세요!"
2209,롯데 캐시비 체크카드,롯데카드,,,"대중교통: 캐시비 선물카드의 모든 서비스 제공
캐시비 충전금액의 10% 캐시백
연회비지원: 연회비 면제 서비스
헤어: 미용실 최대 20% 할인

경기관람: 롯데 자이언츠 20% 할인
백화점: 롯데백화점 5%할인 e-쿠폰
롯데ON 5% 할인 및 무이자 할부 혜택
영화: 뮤지컬, 연극 등 공연 10~30% 할인
일반음식점: T.G.I.F 상시 10% 할인
롯데리아, 엔제리너스커피, 나뚜루 할인
유의사항: 꼭 확인하세요!"
2210,블랙핑크 카드,BC 바로카드,"10,000","12,000","할인: [FANDOM] 팬덤 10% 청구할인
쇼핑: [SHOPPING] 쇼핑 10% 청구할인
생활: [LIFE] 생활 10% 청구할인
통신: [MOBILE] KT 단말기 할부대금 2~24개월 무이자 할부
프리미엄 서비스: [BRAND SERVICE] VISA Young Premium 서비스
유의사항: 꼭 확인하세요!"
2211,케이뱅크 SIMPLE 카드,케이뱅크,"10,000","12,000","적립: 기본 : 국내외 가맹점 0.8% 청구 할인
간편결제: 플러스 : 온라인 간편결제 1.5% 청구 할인
편의점: 플러스 : 편의점 1.5% 청구 할인
카페: 플러스 : 커피전문점 1.5% 청구 할인
교통: 플러스 : 교통 1.5% 청구 할인
통신: 플러스 : 이동통신요금 1.5% 청구 할인
디지털구독: 플러스 : 넷플릭스, 유튜브 프리미엄, 웨이브, 티빙, 왓챠 1.5% 청구 할인
유의사항: 꼭 확인하세요!"
2212,챔피언 체크카드,유진투자증권,,,"편의점: [기본혜택] 주요편의점 10%캐시백
카페: [기본혜택] 주요커피전문점 10%캐시백
대형마트: 선택형 캐시백 혜택(택1)_백화점&마트 캐시백형
백화점, 주요 할인점 10%캐시백
온라인쇼핑: 선택형 캐시백 혜택(택1)_온라인쇼핑 캐시백형
대형 온라인 쇼핑몰 10%캐시백
주유: 선택형 캐시백 혜택(택1)_주유 캐시백형
대형 온라인 쇼핑몰 10%캐시백
금융: 부가혜택 - CMA 서비스
카드 한 장으로 CMA혜택은 기본, 은행 CD/ATM 출금거래, 체크카드 거래
유의사항: 꼭 확인하세요!"
2213,쏙쏙 체크카드,유진투자증권,,,"캐시백: 온라인 어디서나 10% 캐시백 (통합 월간 캐시백 한도 내)
가맹점 상관없이 온라인 결제시 어디서나 10% 캐시백 혜택 제공
유의사항: 꼭 확인하세요!"
2214,Syrup Membership Wealth 마이카드(체크),SK증권,,,"금융: CMA 우대금리 0.1% 제공
업무시간 內 롯데ATM 입/출금 수수료 면제 등
유의사항: 꼭 확인하세요!"
2215,LUNCH 체크카드,SK증권,,,"점심: 점심할인 10%(월10회)
카페: 커피할인 10%(월10회)
편의점: 편의점할인 10%(월10회)
할인: 할인액의 20%를 추가 할인!
유의사항: 꼭 확인하세요!"
2216,미래에셋증권 체크카드(할인 2),미래에셋증권,,,"카페: 커피전문점 10% 할인
마트/편의점: 편의점 10% 할인
마트 5% 할인
디지털구독: 디지털구독 10% 할인
유의사항: 꼭 확인하세요!"
2217,미래에셋증권 체크카드 (캐시백 2),미래에셋증권,,,모든가맹점: 전월 사용금액에 따라 0.5~1% 캐시백 지급
2218,NAMUH 체크카드,NH투자증권,,,"소셜커머스: 소셜커머스 10% 할인
카페: 커피 10% 할인
편의점: 편의점 10% 할인
택시: 택시요금 10% 할인
유의사항: 꼭 확인하세요!"
2219,able 카드 Ⅱ,KB증권,,,"대형마트: 대형마트 이용금액의 5% 할인
온라인쇼핑: 온라인쇼핑몰 이용금액의 5% 할인
배달앱: 배달 앱 이용금액의 5% 할인
주유: 주유 시 리터당 40원 할인
할인: 현장할인서비스
특급호텔, F&B, 유명 레스토랑 Life 스타일 제휴처 현장할인
금융: 출금 및 이체수수료 면제 서비스
유의사항: 꼭 확인하세요!"
2220,DB금융투자 해피플러스 체크카드,DB금융투자,,,"모든가맹점: 모든 가맹점 0.3% 캐쉬백
주유: GS칼텍스 리터당 100원 캐쉬백
통신: 이동통신요금 5,000원 할인
금융: 수시입출금의 편리함과 주식거래, 고금리를 하나의 계좌로,
결제계좌 이체/출금 수수료 면제
유의사항: 꼭 확인하세요!"
2221,DB 캐쉬백 3.1 체크카드,DB금융투자,,,"모든가맹점: 모든 가맹점 0.6% 캐쉬백
금융상품가입 시 최대 2.5% 추가 캐쉬백
금융: 수시입출금의 편리함과 주식거래, 고금리를 하나의 계좌로,
결제계좌 이체/출금 수수료 면제
유의사항: 꼭 확인하세요!"
2222,한국투자 the More 체크카드,한국투자증권,,,"할인: 전월 실적 제한없이 국내 가맹점 이용금액의 0.3% 캐시백
유의사항: 꼭 확인하세요!"
2223,able 아이맥스카드,KB증권,,,"금융: 선택1. CMA형 서비스
선택2. 금융상품형 서비스
할인: 현장할인서비스
특급호텔, F&B, 유명 레스토랑 Life 스타일 제휴처 현장할인
금융: 출금 및 이체수수료 면제 서비스"
2224,able 시럽카드,KB증권,,,"멤버십포인트: 통합멤버십서비스
바우처: 모바일쿠폰서비스 최대 3만원
할인: 현장할인서비스
높은 할인율과 다양한 제휴처!
금융: able 금융서비스
언제 어디서나 수수료 면제!"
2225,able Premier Members 카드,KB증권,,,"할인: 언제 어디서든 한도없이, 사용 금액의 0.5% 무제한 캐시백
할인: 현장할인서비스
높은 할인율과 다양한 제휴처!
금융: able 금융서비스
언제 어디서나 수수료 면제!"
2226,카카오뱅크 롯데카드,롯데카드,"15,000","15,000","모든가맹점: 기본캐시백: 전월 실적조건 없이 0.5% 캐시백
특별캐시백: 최대 5% 캐시백
프리미엄 서비스: 플래티넘(Platinum) 서비스
멤버십포인트: L.POINT"
2227,영리한 PLUS 체크카드,우체국,,,"디지털구독: 유튜브프리미엄, 넷플릭스, 웨이브, 티빙, 멜론, 지니 20% 캐시백
온라인쇼핑: 11번가, G마켓, 옥션, 쿠팡, 위메프, 티몬 15% 캐시백
배달앱: 배달의민족, 요기요, 쿠팡이츠 15% 캐시백
카페: 스타벅스, 투썸플레이스, 이디야 5% 캐시백
생활: 올리브영, 랄라블라, 다이소, GS25, CU, 이마트24 5% 캐시백
기타: 우편요금, 인터넷우체국, 우체국쇼핑, EMS 5% 캐시백
유의사항: 꼭 확인하세요!"
2228,LOCA LIKIT,롯데카드,"10,000","10,000","카페: 스타벅스 50% 결제일 할인
간편결제 시 스타벅스 60% 결제일 할인
영화: 롯데시네마, CGV 50% 결제일 할인
대중교통: 시내버스, 지하철 10% 결제일 할인
통신: SKT, KT, LG U+ 10% 결제일 할인
배달앱: 배달의 민족, 쿠팡이츠 5% 결제일 할인
유의사항: 꼭 확인하세요!"
2230,LOCA 100 Life,롯데카드,"20,000","20,000","생활: 생활업종 5% 결제일 할인
보험: 자동차보험료 3만원 결제일 할인
무이자할부: 국내 가맹점에서 5만원 이상 2~3개월 할부 결제 시 무이자 할부 혜택이 제공
유의사항: 꼭 확인하세요!"
2231,신한카드 Puzzle,신한카드,"15,000","18,000","모든가맹점: 국내/외 이용금액 0.6% 기본 적립
간편결제: 간편결제(Pay) 이용 시 0.1% 추가 적립
선택형: 선택 서비스팩 추가 시 서비스팩 추가 개수별 0.1% 추가 적립
선택형: [기본 서비스팩]
4개의 기본 서비스팩 중 1개 선택 가능 (연 1회 변경 가능), 미선택 시 Booster 팩 기본 제공
선택형: [선택 서비스팩]
※ 6개의 선택 서비스팩 중 최대 2개 선택 이용 가능
유의사항: 꼭 확인하세요!"
2232,1Q Daily+[40주년 에디션],하나카드,"10,000","12,000","적립: [데일리 적립]
전월실적 없이도 0.3%~1.0% 하나머니 적립(적립한도 없음)
적립: [플러스 적립]
온라인쇼핑, 통신/교통/자동이체, 해외영역별 이번달 합산 이용금액 10만원 이상시 5천 하나머니 적립
주유: SK주유소 월 최대 6천원 할인
카페: 스타벅스/커피빈 4천원 이상 결제시 4천원 청구할인
공과금: 이번달 아파트관리비 / 4대보험 자동이체 금액
합산 10만원 이상일 때 5천 하나머니 적립
유의사항: 꼭 확인하세요!"
2233,네이버 현대카드,현대카드,"10,000",,"디지털구독: 네이버플러스 멤버십 무료 이용권 제공
네이버페이: 네이버페이 포인트 최대 5% 적립
유의사항: 꼭 확인하세요!"
2234,삼성 iD ALL 카드,삼성카드,"20,000","20,000","할인: 많이 쓰는 영역 5% 자동 맞춤 할인
(백화점·할인점·슈퍼마켓 영역)
생활: 주유·이동통신·아파트 관리비 2.5% 할인
모든가맹점: 국내외 가맹점 0.5% 할인
선택형: 내 마음대로 고르는 디자인-
다양한 스타일로 새롭게 선보이는 삼성 iD 카드를 소개합니다.
유의사항: 꼭 확인하세요!"
2235,삼성 iD ON 카드,삼성카드,"20,000","20,000","할인: 많이 쓰는 영역 30% 자동 맞춤 할인
(커피전문점·배달앱·델리 영역)
생활: 교통·이동통신·스트리밍 10% 할인
할인: 온라인 간편결제·해외 3%·1% 할인
유의사항: 꼭 확인하세요!
선택형: 내 마음대로 고르는 디자인-
다양한 스타일로 새롭게 선보이는 삼성 iD 카드를 소개합니다."
2236,신한카드 My TeenS,신한카드,"1,000",,"편의점: GS25 행사상품 현장 즉시 할인 및 추가 증정 행사
GS&POINT: GS리테일 이용 시 적립
편의점: 모바일 기프티콘 발송 최대 6천원
선택형: 3가지 카드 디자인 중 선택 가능
유의사항: 꼭 확인하세요!"
2237,하나 스카이패스 아멕스 플래티늄 카드,하나카드,,"45,000","대한항공: 스카이패스 마일리지 적립
공항라운지: 인천공항 라운지 이용 시 무료서비스 제공
유의사항: 꼭 확인하세요!"
2238,롯데월드카드,삼성카드,"10,000","10,000","테마파크: 롯데월드 운영 시설 이용권 본인 및 동반 1인 50% 현장할인
테마파크: 롯데월드 운영 시설 연간이용권 25% 현장할인
테마파크: 전월 이용금액 관계없이, 할인한도 없이 롯데월드 직영 기념품샵 10% 현장할인
테마파크: 전월 이용금액에 관계없이 롯데월드 운영 시설 기타 서비스 20%·50% 현장할인
생활: 생활 필수 영역 7% 결제일할인
(아파트 관리비, 온라인쇼핑몰, 주유, 배달앱, 신선식품 배송, 온라인서점)
모든가맹점: 전월 이용금액에 관계없이, 할인한도 없이 국내 가맹점 0.5% 결제일할인
해외: 전월 이용금액에 관계없이 해외 1.5% 결제일할인
디지털구독: 스트리밍 이용료 건별 5,000원 이상 정기결제 시 2,000원 결제일할인
제휴/PLCC: 롯데월드 어드벤처 매직패스프리미엄(2회권) 현장 구매 가능
선택형: 카드 디자인 선택 가능"
2240,위버스 신한카드(BTS),신한카드,"35,000","35,000","적립: Weverse Shop 이용금액의 4% Weverse Shop 캐시 추가 적립
생활: 생활영역 이용금액의 10% Weverse Shop 캐시 적립
기타: HYBE INSIGHT 내 매장 결제 시 50% 할인,
연 1회 Gift 서비스
선택형: 카드 디자인 선택가능
유의사항: 꼭 확인하세요!"
2241,Kakaopage 롯데카드,롯데카드,"15,000","15,000","캐시백: 카카오페이지에서 결제 시 5% 캐시백
국내외 온·오프라인 최대 0.5% 캐시백
멤버십포인트: L.POINT
선택형: 카드 디자인 선택 가능
유의사항: 꼭 확인하세요!"
2242,에너지플러스카드 Edition2,현대카드,"10,000","10,000","주유: GS칼텍스 이용금액 최대 15% 할인 및 Mobility 업종 이용금액 5% 할인
선택형: 카드 디자인 선택 가능"
2243,GS Prime 신한카드,신한카드,"15,000","18,000","쇼핑: GS리테일 점내 이용 시 GS&POINT 2% 적립
모든가맹점: 그 외 모든 가맹점 이용 시 GS&POINT 0.3% 기본 적립
유의사항: 꼭 확인하세요!"
2244,위버스 신한카드 체크(BTS),신한카드,,,"적립: Weverse Shop 이용금액의 2% Weverse Shop 캐시 추가 적립
생활: 생활영역 이용금액의 5% Weverse Shop 캐시 적립
기타: HYBE INSIGHT 내 매장 결제 시 25% 할인
선택형: 카드 디자인 선택가능
유의사항: 꼭 확인하세요!"
2245,위버스 신한카드 체크(TXT),신한카드,,,"적립: Weverse Shop 이용금액의 2% Weverse Shop 캐시 추가 적립
생활: 생활영역 이용금액의 5% Weverse Shop 캐시 적립
기타: HYBE INSIGHT 내 매장 결제 시 25% 할인
선택형: 카드 디자인 선택가능
유의사항: 꼭 확인하세요!"
2246,위버스 신한카드 체크(ENHYPEN),신한카드,,,"적립: Weverse Shop 이용금액의 2% Weverse Shop 캐시 추가 적립
생활: 생활영역 이용금액의 5% Weverse Shop 캐시 적립
기타: HYBE INSIGHT 내 매장 결제 시 25% 할인
선택형: 카드 디자인 선택가능
유의사항: 꼭 확인하세요!"
2247,위버스 신한카드 체크(SEVENTEEN),신한카드,,,"적립: Weverse Shop 이용금액의 2% Weverse Shop 캐시 추가 적립
생활: 생활영역 이용금액의 5% Weverse Shop 캐시 적립
기타: HYBE INSIGHT 내 매장 결제 시 25% 할인
선택형: 카드 디자인 선택가능
유의사항: 꼭 확인하세요!"
2248,위버스 신한카드(ENHYPEN),신한카드,"35,000","35,000","적립: Weverse Shop 이용금액의 4% Weverse Shop 캐시 추가 적립
생활: 생활영역 이용금액의 10% Weverse Shop 캐시 적립
기타: HYBE INSIGHT 내 매장 결제 시 50% 할인,
연 1회 Gift 서비스
선택형: 카드 디자인 선택가능
유의사항: 꼭 확인하세요!"
2249,위버스 신한카드(SEVENTEEN),신한카드,"35,000","35,000","적립: Weverse Shop 이용금액의 4% Weverse Shop 캐시 추가 적립
생활: 생활영역 이용금액의 10% Weverse Shop 캐시 적립
기타: HYBE INSIGHT 내 매장 결제 시 50% 할인,
연 1회 Gift 서비스
선택형: 카드 디자인 선택가능
유의사항: 꼭 확인하세요!"
2250,위버스 신한카드(TXT),신한카드,"35,000","35,000","적립: Weverse Shop 이용금액의 4% Weverse Shop 캐시 추가 적립
생활: 생활영역 이용금액의 10% Weverse Shop 캐시 적립
기타: HYBE INSIGHT 내 매장 결제 시 50% 할인,
연 1회 Gift 서비스
선택형: 카드 디자인 선택가능
유의사항: 꼭 확인하세요!"
2251,오케이몰 우리카드,우리카드,"15,000","15,000","쇼핑: 오케이몰 상품 구매 시 장기할부 제공
카페: 스타벅스, 투썸플레이스, 이디야, 폴바셋 이용금액 5% 할인
편의점: GS25, CU, 세븐일레븐, 이마트24 이용금액 5% 할인
유의사항: 꼭 확인하세요!"
2252,NH1961카드,NH농협카드,"12,000","14,000","적립: 국내/해외 이용가맹점 0.7~0.9% NH포인트 적립
적립: 언택트 라이프영역 10~50% NH포인트 적립
공항라운지: 국제공항 라운지 무료이용 연 2회 제공
유의사항: 꼭 확인하세요!"
2253,SOHO 다사로이카드,NH농협카드,"12,000","12,000","공과금: 4대사회보험, 전기요금 5% 특별할인
모든가맹점: 국내, 해외 이용가맹점 0.5% 기본할인
비즈니스: 주요 사업경비업종, 해외이용액 0.5%~1.0% 추가할인
유의사항: 꼭 확인하세요!"
2254,SOHO 다사로이+카드,NH농협카드,"23,000","25,000","공과금: 4대사회보험, 전기요금 5% 특별할인
생활: 스타벅스, 넷플릭스, 멜론 30% 특별할인
모든가맹점: 국내, 해외 이용가맹점 0.5% 기본할인
비즈니스: 주요 사업경비업종, 해외이용액 0.5%~1.5% 추가할인
프리미엄 서비스: MASTERCARD TITANIUM / PLATINUM PREMIUM SERVICES 제공
유의사항: 꼭 확인하세요!"
2255,KB Pay 챌린지카드,KB국민카드,"15,000","15,000","적립: KB Pay 3회 이용하면 포인트리 1천점 적립
적립: 매 주 포인트리 1천점 적립
선택형: 디자인 선택가능
유의사항: 꼭 확인하세요!"
2256,KB Pay 챌린지+카드,KB국민카드,"30,000","30,000","적립: KB Pay 3회 이용하면 포인트리 1천점 적립
적립: 매 주 포인트리 1천점 적립
적립: 이용 리워드 4천점 적립
선택형: 디자인 선택가능
유의사항: 꼭 확인하세요!"
2257,삼성 모바일플러스카드,삼성카드,"15,000","15,000","적립: 갤럭시 스토어 5% 삼성전자 포인트 적립
적립: 삼성닷컴에서 10만원 이상 결제 시 10% 삼성전자 포인트 적립
통신: 이동통신요금 정기결제 시 10% 삼성전자 포인트 적립
생활: 배달앱·편의점·주유 5% 삼성전자 포인트 적립
간편결제: 온라인 간편결제 1% 삼성전자 포인트 적립
디지털구독: 스트리밍 이용료 정기결제시 50% 삼성전자 포인트 적립"
2258,#Pay 신한카드,신한카드,"27,000","30,000","간편결제: 7개 간편결제(Pay)로 국내 거래시 5% 마이신한포인트 적립
유의사항: 꼭 확인하세요!"
2259,the Red Edition5,현대카드,"300,000","300,000","바우처: 최대 20만원 상당의 바우처 제공
총 5개 영역에서 최대 20만원까지 선택하여 사용
프리미엄 서비스: 전 세계 공항라운지 / 무료 발레파킹 서비스
VISA Signature / MasterCard World 서비스
대한항공: [마일리지형] 대한항공 : 1천원당 1마일리지 적립
적립: [M포인트형] 국내외 가맹점 1% 적립
월 200만원 이상 이용 시 2배, 월 100만원 이상 이용 시 1.5배 적립
프리미엄: 로열티 보너스: 연간 이용금액 2,000만원 이상 시 로열티 보너스 제공(연 1회, 택 1)
선택형: the Red Edition5의 특별한 디자인을 소개합니다.
내 취향에 맞는 카드 디자인을 선택해서 발급 받으세요."
2260,the Green Edition2,현대카드,"150,000","150,000","바우처: 10만원 상당의 바우처 제공
프리미엄 서비스: 전 세계 공항라운지 / 무료 발레파킹 서비스
VISA Signature / MasterCard World 서비스
적립: 기본적립/특별적립 최대 5% 적립
적립: 보너스 리워드
7만 M포인트 적립 또는 연회비 7만원 감면(택 1)
선택형: the Green Edition2의 특별한 디자인을 소개합니다.
내 취향에 맞는 카드 디자인을 선택해서 발급 받으세요."
2261,LOCA LIKIT 1.2,롯데카드,"10,000","10,000","모든가맹점: 어디서나 1.2% 결제일 할인
국내 모든 가맹점 1.2%, 해외 모든 이용금액 1.2%
온라인쇼핑: 온라인 1.5% 결제일 할인
유의사항: 꼭 확인하세요!"
2262,LOCA LIKIT Eat,롯데카드,"10,000","10,000","일반음식점: 음식점 60% 결제일 할인
배달앱: 배달의 민족, 쿠팡이츠, 요기요 60% 결제일 할인
카페: 스타벅스, 투썸플레이스, 할리스커피, 폴바셋 60% 결제일 할인
디지털구독: 쿠팡 로켓와우, 네이버플러스 멤버십 60% 결제일 할인
유의사항: 꼭 확인하세요!"
2263,LOCA LIKIT Play,롯데카드,"10,000","10,000","주유소: SK에너지, S-OIL, GS칼텍스, 현대오일뱅크 60% 결제일 할인
영화: 롯데시네마, CGV, 메가박스 60% 결제일 할인
디지털구독: 넷플릭스, 왓챠, 유튜브, 멜론, 지니 60% 결제일 할인
디지털구독: 쿠팡 로켓와우, 네이버플러스 멤버십 60% 결제일 할인
유의사항: 꼭 확인하세요!"
2264,LOCA LIKIT Shop,롯데카드,"10,000","10,000","온라인쇼핑: 쿠팡, 위메프, 티몬 60% 결제일 할인
헤어: 미용실 60% 결제일 할인
편의점: GS25, CU, 세븐일레븐 60% 결제일 할인
디지털구독: 쿠팡 로켓와우, 네이버플러스 멤버십 60% 결제일 할인
유의사항: 꼭 확인하세요!"
2265,롯데홈쇼핑 벨리곰 카드,롯데카드,"15,000","15,000","홈쇼핑: 롯데홈쇼핑에서 7% 결제일 할인
홈쇼핑: 롯데홈쇼핑 적립금 최대 3.5% 적립
디지털구독: 클럽롤라 서비스(롯데카드의 구독형 멤버십 상품)
유의사항: 꼭 확인하세요!"
2266,NU Biz,우리카드,"20,000","20,000","적립: [BASIC KIT] OWNER/OPERATION/PREMIUM KIT 가맹점 외 모든 국내 가맹점 0.5% 포인트 적립
적립: [OWNER KIT] 해외, 외식, 온라인쇼핑, 대형할인점 5% 포인트 적립
적립: [OPERATION KIT] 렌탈, 정기결제 5% 포인트 적립
공항라운지: [PREMIUM KIT] 전세계 공항라운지 무료 이용
디지털구독: [PREMIUM KIT] 캐시노트 고급형(유료) 정기결제 서비스 20% 포인트 적립
비즈니스: [PREMIUM KIT] 개인사업자 Win-Tax(비즈플레이) 서비스
무이자할부: [PREMIUM KIT] 무이자할부 서비스
프리미엄 서비스: MasterCard/VISA Platinum 서비스 제공
유의사항: 꼭 확인하세요!"
2267,L.PAY 신한카드,신한카드,"17,000","20,000","적립: [기본적립] 국내/해외 이용금액 0.1% 포인트 적립
적립: [특별적립] 후불교통(버스/지하철) 및 택시, 롯데 더드림영역 이용금액 1% 포인트 적립
적립: [추가적립] 특별적립 대상 롯데 더드림영역에서 L.PAY 결제시 최대 6% 추가 포인트 적립
유의사항: 꼭 확인하세요!"
2268,네이버페이 신한카드 체크 S2,신한카드,,,"네이버페이: 네이버에서 결제 시 1~2% 적립
적립: 네이버 외 결제 시 0.1% 적립"
2269,토스뱅크 체크카드,토스뱅크,"2,000","2,000","캐시백: 토스뱅크 체크카드 스위치 캐시백 시즌 4 : 오프라인 캐시백 (기간 | 2025.03.01~2025.08.31)
캐시백: 토스뱅크 체크카드 스위치 캐시백 시즌 4 : 온라인 캐시백 (기간 | 2025.03.01~2025.08.31)
캐시백: 토스뱅크 체크카드 스위치 캐시백 시즌 4 : 어디서나 캐시백 (기간 | 2025.03.01~2025.08.31)
캐시백: 토스뱅크 체크카드 스위치 캐시백 시즌 4 : 기부 캐시백 (기간 | 2025.03.01~2025.08.31)
해외: 해외 결제 수수료 및 ATM 인출 수수료 면제
유의사항: 꼭 확인하세요!"
2270,하나은행 밀리언달러 카드,롯데카드,"15,000","15,000","은행사: 국내에서는 원화로, 해외에서는 달러(USD)로!
하나의 카드에 원화·외화 결제계좌를 모두 연결
해외: 수수료 면제, 추가 캐시백 혜택
할인: 실적 조건 없이 0.5%, 특정가맹점 최대 50% 결제일 할인
유의사항: 꼭 확인하세요!"
2271,밸런스 카드,BC 바로카드,"10,000","12,000","생활: [Social 서비스] 사회적인 나를 위한 소셜 라이프 서비스
이동통신, 대중교통, 카카오T, 골프, 편의점 7% 할인
생활: [Personal 서비스] 개인적인 나의 일상을 즐기기 위한 사적 서비스
배달어플 10% 할인, 주유소/운동/넷플릭스/유튜브 프리미엄 7% 할인
생활: [Always 서비스] 언제나 즐길 수 있는 데일리 서비스
스타벅스 사이렌오더 50% 할인, 온라인몰 7% 할인
유의사항: 꼭 확인하세요!"
2272,신한 Meme(밈) 카드,신한카드,,,"적립: 음원/앱스토어/편의점 5% 리워드 적립에 쓸때마다 0.1% 적립
유의사항: 꼭 확인하세요!"
2273,Indi-visual 카드(김계란카드),BC 바로카드,"5,000","8,000","혜택2: indi-visual 카드
유의사항: 꼭 확인하세요!"
2274,Indi-visual 카드(오은영카드),BC 바로카드,"5,000","8,000","혜택2: indi-visual 카드
유의사항: 꼭 확인하세요!"
2275,Indi-visual 카드(강형욱카드),BC 바로카드,"5,000","8,000","혜택2: indi-visual 카드
유의사항: 꼭 확인하세요!"
2276,Indi-visual 카드(임블리카드),BC 바로카드,"5,000","8,000","기타: ""본 상품은 카드사에서 제공하는 부가서비스가 없습니다.""
유의사항: 꼭 확인하세요!"
2277,요기패스 신용카드,KB국민카드,"15,000","15,000","디지털구독: 요기패스 멤버십 청구할인 9,900원
넷플릭스, 웨이브 청구할인 10%
생활: 생활업종 청구할인 5%
선택형: 신용카드 디자인 선택
유의사항: 꼭 확인하세요!"
2278,NS홈쇼핑 삼성카드,삼성카드,"10,000","10,000","홈쇼핑: NS홈쇼핑 10% 결제일할인
생활: 주유·커피전문점·제과점·편의점·생활잡화 5% 결제일할인
생활: 생활요금 정기결제 10,000원 이상 결제건별 1,000원 결제일할인"
2279,신세계 아울렛 BENEFIT 삼성카드,삼성카드,"20,000","20,000","아울렛: 신세계사이먼 프리미엄 아울렛 10% 결제일할인
마트/편의점: 할인점·슈퍼마켓·편의점 7% 결제일할인
카페/디저트: 커피전문점·제과점 10% 결제일할인
배달앱: 배달앱 10% 결제일할인
간편결제: 전월 이용금액에 관계없이, 할인한도 없이 온라인 간편결제 1% 결제일할인
해외: 전월 이용금액에 관계없이 해외 1.5% 결제일할인
기타: 신세계백화점 제휴 서비스"
2280,American Express The Platinum Card®,현대카드,,"1,000,000","적립: 100만원 상당의 10만 멤버십 리워즈(MR) 매년 적립
모든가맹점: 한도 제한 없는 기본적립/특별적립 
공항라운지: 전 세계 공항라운지 무료 이용서비스 제공
The Centurion® 라운지, Delta Sky Club® 라운지 무료 이용 (Global Lounge Collection)
프리미엄 서비스: 메탈 플레이트 기본 제공 (교통카드 기능 탑재)
국내 주요 공항 및 특급호텔 월 5회 무료 발레파킹, Amex THE PLATINUM 서비스 
항공마일리지: 멤버십 리워즈(MR)를 10여개 항공사 마일리지로 전환 
여행/숙박: 멤버십 리워즈(MR)를 글로벌 체인 호텔 멤버십 포인트로 전환 또는 전세계 호텔 예약에 사용
글로벌 호텔 체인 멤버십 골드 등급 업그레이드 , 전 세계 호텔/리조트에서 프리미엄 서비스 제공 
할인: 호텔델리/레스토랑, 패밀리 레스토랑 할인 (아멕스 Be My Guest 서비스) 
교통: 공항 리무진 • 공항철도 서비스
카페: 공항 무료 커피서비스
도서: 공항 Book Store 할인서비스"
2281,American Express® Gold Card,현대카드,,"300,000","적립: 30만원 상당의 3만 멤버십 리워즈(MR) 매년 적립
모든가맹점: 한도 제한 없는 기본적립/특별적립 
공항라운지: 전 세계 공항라운지 무료 이용서비스 제공
프리미엄 서비스: 메탈 플레이트 기본 제공(교통카드 기능 탑재)
국내 주요 공항 및 특급호텔 월 5회 무료 발레파킹, Amex PLATINUM ELITE 서비스
항공마일리지: 멤버십 리워즈(MR)를 10여개 항공사 마일리지로 전환 
여행/숙박: 멤버십 리워즈(MR)를 글로벌 체인 호텔 멤버십 포인트로 전환
또는 전세계 호텔 예약에 사용 
할인: 호텔델리/레스토랑, 패밀리 레스토랑 할인 (아멕스 Be My Guest 서비스) 
교통: 공항 리무진 • 공항철도 서비스
카페: 공항 무료 커피서비스
도서: 공항 Book Store 할인서비스"
2282,American Express® Green Card,현대카드,,"100,000","적립: 최대 10만원 상당의 1만 멤버십 리워즈(MR) 매년 적립
모든가맹점: 한도 제한 없는 기본적립/특별적립 
공항라운지: 국내 공항 라운지 연 2회 무료 이용
프리미엄 서비스: 국내 주요 공항 및 국내 특급호텔 월 2회 무료 발레파킹
Amex PLATINUM ELITE 서비스
항공마일리지: 멤버십 리워즈(MR)를 10여개 항공사 마일리지로 전환
여행/숙박: 멤버십 리워즈(MR)를 글로벌 체인 호텔 멤버십 포인트로 전환
또는 전세계 호텔 예약에 사용 
할인: 호텔델리/레스토랑, 패밀리 레스토랑 할인 (아멕스 Be My Guest 서비스) 
교통: 공항 리무진 • 공항철도 서비스
카페: 공항 무료 커피서비스
도서: 공항 Book Store 할인서비스"
2283,롯데렌터카 신차장 EV+ 우리카드,우리카드,"20,000","20,000","렌터카: 롯데렌터카 장기렌터카 대여료 자동납부 청구할인 최대 2만5천원
주유: 주유(LPG 충전)/전기차 충전 청구할인 최대 8천원
기타: 주차장 5천원 이상 결제 건당 1천원 할인
하이패스: 후불 하이패스카드 이용금액 1천원 할인
유의사항: 꼭 확인하세요!"
2284,EV카드,IBK기업은행,"9,000","10,000","적립: 국내·외 이용금액의 0.3% 적립
대중교통: 대중교통(버스, 지하철) 이용금액의 0.5% 적립
주유: 전 주유소 주유금액의 0.5% 청구할인
전기차 충전 시 충전금액의 0.5% 청구할인
유의사항: 꼭 확인하세요!"
2285,Voluntas 자원봉사자 우리체크,우리카드,,,"마트/편의점: CU, GS25, 세븐일레븐, 이마트24, 올리브영 건당 1만원 이상 결제 시, 1천원 캐시백
도서: 교보문고, 영풍문고, 반디앤루니스 건당 1만원 이상 결제 시, 1천원 캐시백
푸드: 뚜레쥬르, 파리바게트, 버거킹, 맥도날드, 롯데리아 건당 1만원 이상 결제 시, 1천원 캐시백
대중교통: 버스, 지하철, 후불교통 이용금액 월 합산 2만원 이상 결제 시, 2천원 캐시백
학원: YBM시사(토익 응시료 포함), 해커스어학원 건당 2만원 이상 결제 시, 2천원 캐시백
유의사항: 꼭 확인하세요!"
2286,NU Uniq point,우리카드,"20,000","20,000","적립: [BASIC] 국내 가맹점 0.5% 무제한 적립
적립: [LIFE-STYLE] S.T.Y.L.E 가맹점에서 이용한 일시불+할부 이용금액에 대해 2.0% 적립
적립: [UNIQ LIFE-STYLE] S.T.Y.L.E 중 가장 많이 이용한 영역 한번 더 적립
주유: [PLUS] S-OIL, 현대오일뱅크 주유 및 충전시 리터(ℓ)당 60점 적립
유의사항: 꼭 확인하세요!"
2287,현대카드 MX Black,현대카드,"150,000","150,000","쇼핑: [MX Black Zone] Shopping Zone 10% 청구 할인
푸드: [MX Black Zone] Food & Drink Zone 10% 청구 할인
기타: [MX Black Zone] Mobility Zone 10% 청구 할인
기타: MX Black Zone 할인서비스 제공 기준
적립: 모든 가맹점에서 1% M포인트 적립
신차 구매 시 2% M포인트 적립, 주유 시 리터당 80 M포인트 적립
프리미엄 서비스: VISA/MasterCard 플래티넘서비스
선택형: 현대카드 MX Black의 특별한 디자인을 소개합니다."
2288,모두의 신세계 하나카드,하나카드,"12,000","12,000","쇼핑: 신세계백화점, 신세계 아카데미, 시코르닷컴 5% 할인
간편결제: SSG페이, 하나원큐페이, 카카오페이 5% 할인
카페/디저트: 커피/제과/택시 20% 할인(1만원 이상 결제 건)
테마파크: 놀이공원/워터파크 30% 할인
레저/스포츠: 프로야구/프로축구 30% 할인
유의사항: 꼭 확인하세요!"
2289,삼성 iD EV 카드,삼성카드,"15,000","15,000","충전소: 전기차 충전요금 50%·70% 결제일할인
자동차: 주차장·하이패스·대리운전 10% 결제일 할인
보험사: 현대해상 다이렉트 자동차보험 보험료 30만원 이상 결제 시 30,000원 결제일할인
배달앱: 배달앱 10% 결제일할인
디지털구독: 스트리밍 이용료 정기결제 시 20% 결제일할인
해외: 전월 이용금액에 관계없이, 할인한도 없이 해외 1% 결제일할인
선택형: 미래지향적 라이프스타일-친환경 소재(Recycling-PVC)를 50% 이상 사용한 삼성 iD EV 카드
유의사항: 꼭 확인하세요!"
2290,삼성 iD ENERGY 카드,삼성카드,"20,000","20,000","주유소: 주유 10,000원 결제일할인
대중교통: 대중교통·택시·전기차 충전요금 10% 결제일할인
자동차: 주차장·대리운전 10% 결제일할인
기타: 고속도로 통행료 10% 결제일할인
카페: 스타벅스 드라이브 스루 30% 결제일할인
자동차: 엔진오일(오일필터/에어클리너 포함) 교환 시 2만원 현장할인(연 2회)
차량 안전점검/타이어 펑크 수리/타이어 위치 교환 무료(연1회)
선택형: 미래지향적 라이프스타일-친환경 소재(Recycling-PVC)를 50% 이상 사용한 삼성 iD ENERGY 카드
유의사항: 꼭 확인하세요!"
2291,메리어트 본보이™ 더 클래식 신한카드,신한카드,"144,000","147,000","적립: 15,000 메리어트 본보이™ 포인트 제공 (연 1회)
적립: 이용 금액에 따른 메리어트 본보이™ 포인트 적립(최대 4포인트)
적립: 연회비 주기 내 이용 실적에 따른 메리어트 본보이™ 보너스 포인트 적립
프리미엄 서비스: 메리어트 본보이™ 엘리트 멤버십 제공
호텔: 메리어트 본보이™ 엘리트 숙박 크레딧 제공
호텔: 국내 메리어트 참여 호텔 라운지 무료 음료 서비스 (월 최대 2잔, 연 4잔)
공항라운지: The Lounge Members 모바일 앱을 통한 전세계 공항 라운지 무료 이용 (연 2회)"
2292,현대카드 MY BUSINESS ZERO Food&Drink,현대카드,"30,000","30,000","비즈니스: 사업지원서비스 2.0
현대카드 앱에서 누리는 사업지원서비스 토탈 패키지
비즈니스: 사업성 경비 영역에서 이용 시 1.5% 할인
모든가맹점: 모든 가맹점에서 이용 시 0.7% 할인
기타: 사업구매전용 플레이트(2021. 11. 25 ~ 2022. 11. 24)
모든 가맹점에서 2~3개월 할부 결제 시 무이자 혜택 제공
유의사항: 꼭 확인하세요!"
2293,현대카드 MY BUSINESS ZERO Retail&Service,현대카드,"30,000","30,000","비즈니스: 사업지원서비스 2.0
현대카드 앱에서 누리는 사업지원서비스 토탈 패키지
비즈니스: 사업성 경비 영역에서 이용 시 1.5% 할인
모든가맹점: 모든 가맹점에서 이용 시 0.7% 할인
기타: 사업구매전용 플레이트(2021. 11. 25 ~ 2022. 11. 24)
모든 가맹점에서 2~3개월 할부 결제 시 무이자 혜택 제공
유의사항: 꼭 확인하세요!"
2294,현대카드 MY BUSINESS ZERO Online Seller,현대카드,"30,000","30,000","비즈니스: 사업지원서비스 2.0
현대카드 앱에서 누리는 사업지원서비스 토탈 패키지
비즈니스: 사업성 경비 영역에서 이용 시 1.5% 할인
모든가맹점: 모든 가맹점에서 이용 시 0.7% 할인
유의사항: 꼭 확인하세요!"
2295,신한카드 Deep Dream(모베러웍스),신한카드,,"10,000","모든가맹점: 모두드림 - 전월 실적/적립 한도 없이 국내/외 신판(일시불+할부)이용 가맹점 0.7% 포인트 적립
생활: 더해드림 - 자주 가는 DREAM영역은 기본의 3배(총 2.1%) 포인트 적립
생활: 챙겨드림 - DREAM영역 중 가장 많이 이용한 영역 기본의 5배(총 3.5%) 포인트 자동적립
주유: 주말(토, 일) 전 주유소 리터당 80원 적립
택시: 택시 3, 6, 9번째 2,000원 할인
적립: 반겨드림 5,000포인트 적립
유의사항: 꼭 확인하세요!"
2296,톡톡M 카드,KB국민카드,"12,000","12,000","디지털구독: 멤버십(네이버플러스 멤버십, 쿠팡 로켓와우, 마켓컬리 컬리패스, 스마일클럽, 요기요 요기패스) 100% 할인
간편결제: 온라인 간편결제 10% 청구할인
편의점: 편의점 5% 청구할인
대중교통: 대중교통 5% 청구할인
유의사항: 꼭 확인하세요!"
2297,톡톡F 카드,KB국민카드,"12,000","12,000","쇼핑: 패션플랫폼(지그재그, 무신사, 브랜디, 에이블리) 50% 청구할인
간편결제: 온라인 간편결제 10% 청구할인
편의점: 편의점 5% 청구할인
대중교통: 대중교통 5% 청구할인
유의사항: 꼭 확인하세요!"
2298,톡톡O 카드,KB국민카드,"12,000","12,000","디지털구독: OTT 플랫폼 100% 청구할인
간편결제: 온라인 간편결제 10% 청구할인
편의점: 편의점 5% 청구할인
대중교통: 대중교통 5% 청구할인
유의사항: 꼭 확인하세요!"
2299,톡톡D 카드,KB국민카드,"12,000","12,000","배달앱: 배달앱(배달의민족, 요기요, 쿠팡이츠, 마켓컬리) 50% 청구할인
간편결제: 온라인 간편결제 10% 청구할인
편의점: 편의점 5% 청구할인
대중교통: 대중교통 5% 청구할인
유의사항: 꼭 확인하세요!"
2300,내맘대로 쁨 카드,하나카드,"12,000","12,000","모든가맹점: 국내외 전 가맹점 0.5% 하나머니 적립
간편결제: 페이결제 건 1% 하나머니 적립
페이결제 추가 하나머니 적립 0.5%
쇼핑: 백화점, 홈쇼핑, 마트 5% 하나머니 적립
쇼핑: 패션, 명품 5% 하나머니 적립
주유: 주유 5% 하나머니 적립
EV충전 20% 하나머니 적립
교육/육아: 학원, 헬스장 / 수영장 5% 하나머니 적립
골프: 골프장 / 골프연습장 / 스크린골프 / 카카오골프 10% 하나머니 적립
여행/숙박: 숙박, 고속철도, 항공 10% 하나머니 적립
병원/약국: 병원, 동물병원 10% 하나머니 적립
유의사항: 꼭 확인하세요!"
2301,원스토어 1 하나카드,하나카드,"12,000","15,000","APP: ONEstore(원스토어) 2% 할인
게임: PC게임방 5% 할인
배달앱: 배달의 민족, 요기요, 쿠팡이츠 5% 할인
유의사항: 꼭 확인하세요!"
2302,T우주 신한카드,신한카드,"15,000","18,000","디지털구독: 우주패스 구독료 캐시백 서비스 
최대 9,900원 캐시백
생활: 할인점, 온라인쇼핑 이용 시 5% 적립
생활친화업종 이용 시 10% 적립
유의사항: 꼭 확인하세요!"
2303,카카오페이카드3,카카오페이,,,"생활: [MZ 라이프팩] 최대 40,000P 적립
(2023.7.1~2023.12.31)
적립: [어디서나 적립팩] 국내 모든 가맹점에서 최대 0.4% 적립
(2023.7.1 ~ 2023.12.31)
기타: 전국 편의점, 지하철 ATM 수수료 무료
선택형: 마음에 드는 카드를 선택하세요
유의사항: 꼭 확인하세요!"
2304,신한카드 Eats More(이츠모아),신한카드,"15,000","18,000","적립: [기본 적립서비스]
전 가맹점 5천원 이상 결제 시 1천원 미만 금액 마이신한포인트 적립
적립: [추가 적립서비스]
요식업종 / 배달앱 / 온라인마켓 이용건별 마이신한포인트 정액 적립(신한pLay앱을 통한 결제 시 건당 100포인트 추가 적립)
금융: [적립포인트 투자 서비스]
신한은행 달러 예금 계좌 혜택: 마이신한포인트 외화체인지업 계좌 입금 시 환전수수료 면제(USD 계좌에 한함)
선택형: 원하는 플레이트 디자인 선택 가능
유의사항: 꼭 확인하세요!"
2305,별다줄카드,NH농협카드,"12,000","14,000","온라인쇼핑: [기본할인] 국내 온라인 전 가맹점 7% 청구할인
할인: [더블할인] FLEX, RE-SELL, FUN 가맹점 14% 청구할인 
생활: [생활할인] 6대 생활업종 5% 청구 할인
공항라운지: 국제공항 라운지 무료이용 연2회 제공
테마파크: 전국 주요 놀이공원 현장할인 최대 50%
선택형: 원하는 플레이트 디자인 선택 가능
유의사항: 꼭 확인하세요!"
2306,L.PAY by 롤라카드(신용),롯데카드,"15,000","15,000","적립: L.POINT 최대 2% 적립
디지털구독: 클럽롤라 서비스
유의사항: 꼭 확인하세요!"
2307,L.PAY by 롤라카드(체크),롯데카드,,,"적립: 전국 가맹점에서 롯데카드 제공 L.POINT 0.2% 적립
주유소: SK주유소(LPG 제외)에서 리터당 50포인트 SK주유포인트 적립
디지털구독: 클럽롤라 서비스
유의사항: 꼭 확인하세요!"
2308,로스트아크 카드,BC 바로카드,"10,000","12,000","게임: [로스트아크 모험가 전용 혜택] 로스트아크 모험가를 위한 로열 크리스탈 10% 청구할인
할인: [기본 혜택] 전월실적 조건 없이 국내외 가맹점 0.5%, 국내 온라인 가맹점 1.5% 청구할인
유의사항: 꼭 확인하세요!"
2309,톡톡 구독카드,KB국민카드,"30,000","30,000","디지털구독: 카카오 구독ON 1만원 청구할인
디지털구독: 카카오 MY구독 카카오 이모티콘 플러스/ 톡서랍 플러스  50% 청구할인
디지털구독:  넷플릭스, 유튜브 프리미엄, 웨이브, 티빙, 멜론 구독 10% 청구할인
유의사항: 꼭 확인하세요!"
2310,PAYCO 포인트 카드,엔에이치엔페이코,,,"적립: 전월 실적 / 연회비 없이 온라인 1% · 오프라인 최대 1% 적립
적립: 매월 바뀌는 브랜드에서 건당 최대 10% 적립
할인: 매월 바뀌는 브랜드에서 건당 최대 30% 할인
기타: 해외결제, 포인트결제 소득공제, ATM 출금 월 2회 무료, 교통카드기능
유의사항: 꼭 확인하세요!"
2311,럭키 더블카드,코나카드,"30,000",,"혜택 프로모션: 1만원 이상 결제마다 럭키권 2장씩 발급
카페/디저트: 커피빈 15% 할인
마트/편의점: GS25, 세븐일레븐 10% 캐시백
기타: 단골 매장 3% 캐시백"
2312,럭키 유카드,코나카드,,,"혜택 프로모션: 1만원이상 결제시 럭키권 1장 발급
카페: 커피빈 15% 할인
편의점: GS25, 세븐일레븐 10% 캐시백
기타: 단골 매장 3% 캐시백"
2313,나마네카드,아이오로라,,,"기타: NAMANE 카드 리워드
공과금/렌탈: 30% 소득공제
선택형: 나만의 카드 제작
기타: 선불카드 충전 방법"
2314,토스유스카드(USS),토스,"4,000",,"기타: 온라인/간편결제 이용가능
교통: 교통카드 사용 가능"
2315,한패스카드,한패스,,"10,000","무실적: 무조건 0.3% 캐시백 제공
해외직구: 해외 결제수수료 무료
수수료우대: 해외ATM 이용수수료 무료
선택형: 두가지 플레이트 선택 가능
유의사항: 꼭 확인하세요!"
2316,차이 신용카드,차이,"12,000","12,000","대중교통: 대중교통 2% 캐시백
기타: 매일매일 최대 80% 캐시백,
매 결제 시 번개 최대 30개 지급"
2317,차이 체크카드,차이,,,"캐시백: 차이로 쌓은 번개, 헤택 받을 준비 끝!
결제할 때마다 번개를 모아요
유의사항: 꼭 확인하세요!"
2318,핀크카드,핀크카드,,,"적립: 이용 실적에 따라 최대 1% 적립
기타: 내 소비생활의 중심 핀크계좌 + 핀크카드
AI핀고의정확한 소비 분석
선택형: 디자인 선택의 즐거움 망설이다 품절주의!
핀크에만 있는 한정판 디자인"
2319,다날-유니온페이 모바일카드,다날,,,"해외: 해외 가맹점 이용 가능
공과금/렌탈: 30% 소득공제 혜택 제공
유의사항: 꼭 확인하세요!"
2320,트래블페이 충전카드,트래블월렛,,,"간편결제: 트래블페이: 31개 외화를 미리 충전하고, 수수료 없이 해외결제
수수료우대: 카드 하나에 모든 외화 충전
VISA 가맹점에서 수수료 없이 카드 결제 가능
해외이용: 원하는 시점, 원하는 환율에 외화 충전 / 환전
주요 통화는 환전 수수료 무료, 기타 통화는 환전 수수료 0.5% ~ 2.5%로 국내 최저
해외직구: 해외직구 수수료 무료로 직구 / 현지결제"
2321,모빌리언스카드,KG모빌리언스,,,"모든가맹점: 온라인 1% / 오프라인 0.5% 무제한 적립
온라인쇼핑: 모빌마켓 이용 시 2% 무제한 적립
편의점: CU, GS25, 이마트24 최대 2% 적립
카페: 카페/베이커리 브랜드 최대 7.5% 적립
생활: 대형마트/쇼핑/여가 브랜드 최대 8% 적립
푸드: 외식 브랜드 최대 4.5% 적립
패스트푸드: KFC 10% 즉시할인
통신: KG모바일 알뜰폰 결합 시 4.5% 혜택
기타: 다양한 충전수단, 30% 소득공제
기타: ‘휴대폰결제(소액결제)’ 로 충전해서 비상금 만들기
기타: 페이북 및 간편결제 가능, 마이태그 캐시백 혜택 적용
혜택 프로모션: 휴대폰결제로 충전 후 최초 결제 시 2,000P 즉시 지급 + 매월 신규 이벤트 진행 중
유의사항: 꼭 확인하세요!"
2322,티니패스 카드,롯데카드,"2,500",,"대중교통: 전국 버스, 지하철 사용 가능
공과금: 30% 소득공제 혜택
온라인쇼핑: 온라인 쇼핑몰 이용 가능
유의사항: 두가지 플레이트 선택 가능
유의사항: 꼭 확인하세요!"
2323,아이부자 카드,하나카드,,,"대중교통: 교통카드 사용 가능
공과금/렌탈: 30% 소득공제 혜택 제공
유의사항: 꼭 확인하세요!"
2324,삼성 BIZ iD BENEFIT카드,삼성카드,"30,000","30,000","비즈니스: 4대 사회보험, 도시가스요금, 전기요금, 할인점, 온라인쇼핑몰, 식자재몰, 해외 1.5% 결제 할인
모든가맹점: 국내 가맹점 0.5% 결제일할인
생활: 주유·전기차 충전요금·이동통신·인터넷/유선통신·렌탈·보안·방역 3% 결제일할인
공과금/렌탈: 세무지원 서비스
선택형: 원하는 플레이트 디자인 선택 가능
유의사항: 꼭 확인하세요!"
2325,프레딧 하나카드,하나카드,"12,000","12,000","온라인쇼핑: 프레딧 10% 청구 할인
카페/디저트: 스타벅스, 파리바게뜨, 뚜레쥬르 10% 청구 할인
간편결제: 네이버페이, 카카오페이에 카드 등록 및 결제 건 3% 청구 할인
통신: SKT, KT, LG U+ 통신요금 자동이체 5% 청구 할인
모든가맹점: 국내외 전 가맹점 0.5% 청구 할인
유의사항: 꼭 확인하세요!"
2326,해피포인트 해피리워드 카드,KB국민카드,"15,000","15,000","해피포인트: 해피포인트 가맹점 이용시 해피포인트 최대 35% 적립
생활: 학원, 골프/골프연습장, 약국, 미용실 5% 적립
디지털구독: 넷플릭스, 웨이브, 멜론, 지니 10% 해피포인트 적립
선택형: 해피포인트 해피리워드 카드 디자인 선택
유의사항: 꼭 확인하세요!"
2327,스카이패스 티타늄 카드,KB국민카드,"45,000","45,000","모든가맹점: [대한항공 마일리지]국내 및 해외 가맹점 대한항공 1마일 기본 적립
해외이용: [대한항공 마일리지]해외 이용(직구, 온라인 포함) 대한항공 1마일 추가 적립
면세점: [대한항공 마일리지]면세점 업종 1마일 대한항공 추가 적립
공항라운지: [티타늄 전용 서비스] 공항 라운지 무료이용 서비스
공항: [티타늄 전용 서비스] 인천공항 무료 발레파킹 서비스
호텔: [티타늄 전용 서비스] 국내 호텔 무료 발레파킹 서비스
프리미엄: [티타늄 전용 서비스] Master 티타늄 공통서비스
공항라운지: [K-WORLD/국내전용 티타늄 서비스] 공항 라운지 무료 입장
공항: [K-WORLD/국내전용 티타늄 서비스] 인천공항 무료 발레파킹 서비스
호텔: [K-WORLD/국내전용 티타늄 서비스] 국내 호텔 무료 발레파킹 서비스
유의사항: 꼭 확인하세요!"
2328,Paydays 신한카드,신한카드,"15,000","18,000","적립: 마이신한포인트 0.6% 적립
유의사항: 꼭 확인하세요!"
2329,핀트 카드,핀트,,,"금융: 전월 실적 없이 최대 0.6% 무제한 캐시백
유의사항: 꼭 확인하세요!"
2330,LOCA 365 카드,롯데카드,"20,000","20,000","공과금: [생활업종]아파트관리비 10% 할인
공과금: [생활업종]공과금(도시가스비, 전기료) 10% 할인
대중교통: [생활업종]대중교통 10% 할인
통신: [생활업종]SKT, KT, LG U+ 10% 할인
배달앱: [생활업종]배달의 민족, 요기요, 쿠팡이츠 10% 할인
보험사: [생활업종]생명보험, 손해보험 10% 할인
학습지: [생활업종]학습지 10% 할인
디지털구독: [생활업종]넷플릭스, 유튜브, 왓챠, 멜론, 지니뮤직, 디즈니 플러스 1,500원 할인
무이자할부: 국내 가맹점 2~3개월 무이자 할부
유의사항: 꼭 확인하세요!"
2331,땡겨요 신한카드,신한카드,"15,000","18,000","배달앱: 땡겨요앱 이용금액 마이신한포인트 10% 적립
편의점: 편의점 이용금액 마이신한포인트 5% 적립
유의사항: 꼭 확인하세요!"
2332,KB국민 우리동네 체크카드,KB국민카드,,,"생활: 세탁소 10% 할인
기타: 정육점 10% 할인
SSM: 슈퍼마켓 5% 할인
기타: 반찬가게 5% 할인
기타: 야채과일가게 5% 할인
기타: 번개장터(번개페이) 5% 할인
선택형: 카드 디자인 선택 가능
유의사항: 꼭 확인하세요!"
2333,땡겨요 신한카드 체크,신한카드,,,"배달앱: 땡겨요 앱 이용금액 마이신한포인트 10% 적립
카페: 스타벅스 이용금액 마이신한포인트 2% 적립
편의점: 편의점 이용금액 마이신한포인트 2% 적립
유의사항: 꼭 확인하세요!"
2334,땡겨요 신한카드 체크(라이더형),신한카드,,,"모든가맹점: 전가맹점 이용금액 마이신한포인트 0.2% 적립
주유소: 주유소 이용금액 마이신한포인트 0.2% 추가 적립
편의점: 편의점 이용금액 마이신한포인트 0.2% 추가 적립
유의사항: 꼭 확인하세요!"
2335,해피리워드 체크카드,KB국민카드,,,"해피포인트: [Reward ON]
해피오더/해피마켓/해피페이 결제 시 1,000원 환급할인
해피포인트: [Reward OFF]
해피가맹점(파리바게뜨, 던킨도너츠, 배스킨라빈스, 파스쿠찌) 결제 시 1,000원 환급할인
유의사항: 꼭 확인하세요!"
2336,올바른지구 카드,NH농협카드,"13,000","15,000","대중교통: [교통 서비스]버스/지하철/택시/철도 7% 청구할인
기타: [교통 서비스] 공유모빌리티 7% 청구할인
충전소: [교통 서비스] 전기차 충전 7% 청구할인
통신: [생활 서비스] 이동통신요금 5% 청구할인
온라인쇼핑: [생활 서비스] 오픈마켓/배달앱 5% 청구할인
생활: [생활 서비스] 스포츠/H&B매장 5% 청구할인
유의사항: 꼭 확인하세요!"
2338,신한카드 Way 체크,신한카드,,,"대중교통: 대중교통(버스/지하철) 이용 시 최대 5% 적립
생활: 생활편의영역 이용 시 최대 2% 적립 
해외: 해외 이용금액에 대해 1.3% 적립
유의사항: 꼭 확인하세요!"
2339,CEO카드,IBK기업은행,,"220,000","항공마일리지: Air Money 포인트 최대 2% 적립
바우처: 바우처 Service 연 1회 제공
공항라운지: [Premium Service] 전세계 공항라운지 무료 이용 서비스
골프: [Premium Service] 국내 지정 골프장 무료 커피 제공
호텔: [Premium Service] 국내 부띠크호텔 브런치세트 무료 제공
카페: [특별할인 Service] 커피점 10% 할인
온라인쇼핑: [특별할인 Service] 온라인 쇼핑 5% 할인
대형마트: [특별할인 Service] 대형마트 5% 할인
백화점: [특별할인 Service] 백화점 5% 할인
기타: [브랜드 Service] Master Platinum 등급 국제브랜드 서비스 제공
선택형: DUAL카드 Service
유의사항: 꼭 확인하세요!"
2340,쇼핑& 카드,BC 바로카드,"10,000",,"온라인쇼핑: [온라인] 쿠팡, G마켓, 옥션 7% 청구할인
온라인쇼핑: [온라인] 로켓와우, 스마일클럽 멤버십 7% 청구할인
드럭스토어: [라이프] H&B 스토어 7% 청구할인
디지털구독: [라이프] 디지털구독 7% 청구할인
편의점: [라이프] 편의점 7% 청구할인
유의사항: 꼭 확인하세요!"
2341,아모레퍼시픽 신한카드 체크,신한카드,,,"화장품: 아모레퍼시픽 이용 시 뷰티포인트 8% 적립
대형마트: [특화 가맹점] 대형마트 이용 시 뷰티포인트 3% 적립
백화점: [특화 가맹점] 백화점 이용 시 뷰티포인트 3% 적립
생활: [특화가맹점] 면세점/일반전문학원/커피전문점/이·미용/주유소(LPG 충전소 포함) 업종 뷰티포인트 3% 적립
유의사항: 꼭 확인하세요!"
2342,투썸플레이스 신한카드 체크,신한카드,,,"카페: 투썸플레이스 20% 캐시백
카페: 투썸플레이스 추가 혜택
디지털구독: OTT 1천원 캐시백
선택형: 카드 플레이트 선택 가능
유의사항: 꼭 확인하세요!"
2343,신한카드 On 체크,신한카드,,,"간편결제: 간편결제(Pay) 이용 시 최대 2% 적립
생활: 생활편의영역 이용 시 최대 2% 적립 
해외: 해외 이용금액에 대해 1.3% 적립
선택형: 카드 플레이트 선택 가능
유의사항: 꼭 확인하세요!"
2344,현대백화점카드,현대백화점,,,"백화점: 현대백화점 5% 할인
백화점: 현대백화점 2시간 무료주차
기타: 3개월 무이자 할부
유의사항: 꼭 확인하세요!"
2345,현대백화점 Fit카드,현대백화점,,,"쇼핑: 현대백화점 5% 할인
백화점: 현대백화점 2시간 무료주차
기타: H.Point 20% 추가 적립
유의사항: 꼭 확인하세요!"
2346,BC 바로 클리어 플러스,BC 바로카드,"5,000","5,000","점심: 점심식사 7% 할인
배달앱: 배달앱 7% 할인
대중교통: 대중교통 7% 할인
편의점: 편의점 10% 할인
온라인쇼핑: 온라인쇼핑 10% 할인
드럭스토어: 뷰티 10% 할인
통신: 통신 10% 할인
디지털구독: 스트리밍 10% 할인
무이자할부: 전국 모든 가맹점 2~3개월 상시 무이자할부
프리미엄 서비스: MasterCard Platinum/ VISA Platinum 기본 서비스
유의사항: 꼭 확인하세요!"
2347,BC 바로 리워드 플러스,BC 바로카드,"10,000","10,000","모든가맹점: 페이북 머니 기본적립
국내외 모든 가맹점 이용금액 0.5% ~ 1.5% 적립
쇼핑: 쇼핑 5% 적립
OTT/영화/문화: 엔터테인먼트 30% 적립
생활: 생활 5% 적립
골프: 골프 5% 적립
무이자할부: 전국 모든 가맹점 2~3개월 상시 무이자할부
프리미엄 서비스: MasterCard Platinum/ VISA Platinum 기본 서비스
유의사항: 꼭 확인하세요!"
2348,BC 바로 페이백 플러스,BC 바로카드,"15,000","15,000","모든가맹점: 전 가맹점 0.7% 기본 할인
쇼핑: [특별 할인] 온라인쇼핑/간편결제 6.3% 추가 할인
일반음식점: [특별 할인] 음식점 6.3% 추가 할인
기타: [특별 할인] 교통/통신/스트리밍 6.3% 할인
프리미엄 서비스: VISA Platinum 등급 기본 서비스 제공
유의사항: 꼭 확인하세요!"
2349,모니모카드,삼성카드,"10,000","10,000","선택형: [맞춤혜택] 옵션 서비스 1(Needs & Identity Option)
온라인패션·오늘의집 30% 할인 / 스타벅스 50%, 교보문고·스트리밍 30% 할인
선택형: [맞춤혜택] 옵션 서비스 2(My Shopping Otion)
온라인쇼핑몰 / 편의점·다이소·올리브영 / 해외 7% 할인
생활: 이동통신요금·아파트 관리비 10% 결제일 할인
교통: 대중교통·택시 10% 결제일 할인
배달앱: 배달앱 10% 결제일 할인
선택형: 내 마음대로 고르는 디자인
유의사항: 꼭 확인하세요!"
2350,부자되세요 덤카드,BC 바로카드,"10,000","12,000","모든가맹점: [덤1] 국내외 가맹점 0.8% 청구할인
생활: [덤2] 생활 편의 업종 이용 시 0.5% 추가 청구할인
기타: [덤3] 국내 가맹점 3개월 이상 유이자 할부 또는 결제 금액 10만원 이상 사용 시 0.2% 추가 청구할인
무실적: [덤+] 실적 조건 없이 매월 최대 5천원 할인
유의사항: 꼭 확인하세요!"
2351,부자되세요 홈쇼핑카드,BC 바로카드,,"5,000","홈쇼핑: 6대 홈쇼핑 6% 할인 서비스
패밀리레스토랑: [생활할인 서비스] 패밀리레스토랑 10% 청구할인
베이커리: [생활할인 서비스] 베이커리 20% 청구할인
카페: [생활할인 서비스] 커피 20% 청구할인
소셜커머스: [생활할인 서비스] 소셜커머스 20% 청구할인
영화: [생활할인 서비스] 영화 3,000원 청구할인(현장/온라인 예매 포함)
기타: 회원 전용 서비스 할인 혜택
유의사항: 꼭 확인하세요!"
2352,&POP 카드,BC 바로카드,"5,000","5,000","마트/편의점: GS가맹점 최대 3% GS&POINT 적립
모든가맹점: 국내 전 가맹점 0.7% GS&POINT 적립
기타: GS POP서비스 제공
유의사항: 꼭 확인하세요!"
2353,NU Blanc,우리카드,"50,000","50,000","모든가맹점: 국내 전 가맹점 1~1.8% 포인트적립
해외: 해외 전 가맹점 3% 포인트적립
적립: 보너스 포인트 20,000점 적립
공항라운지: [The Premium] 전세계 공항라운지 무료 이용
대중교통: [The Premium] K리무진 버스 무료 이용
골프: [The Premium] 골프 서비스
호텔: [The Premium] 전국 부티크 호텔 무료 브런치 제공
유의사항: 꼭 확인하세요!"
2354,NU Uniq,우리카드,"20,000","20,000","모든가맹점: 국내 가맹점 0.5%할인
모든가맹점: 국내 가맹점 우리페이 결제시 0.3% 추가할인
소셜커머스: [LIVING] 쿠팡, G마켓, 11번가 1.5% 할인
배달앱: [LIVING] 배달의민족, B마트, 쿠팡이츠 1.5% 할인
대형마트: [LIVING] 이마트, 롯데마트, 홈플러스 1.5% 할인
교통: [LIVING] 대중교통, 택시, 전기차, 주유 1.5% 할인
적립: [UNIQ LIVING] 1.5% 한번 더 적립
디지털구독: [ENJOY] 넷플릭스, 유튜브 프리미엄, 멜론, 디즈니플러스 5% 할인
카페: [ENJOY] 스타벅스, 투썸플레이스, 폴바셋, 이디야, 커피빈, 탐앤탐스, 카페베네, 할리스, 엔제리너스 5% 할인
유의사항: 꼭 확인하세요!"
2355,레고랜드카드,KB국민카드,"20,000","20,000","테마파크: [레고랜드] 레고랜드 리조트 10% 청구할인
푸드: [배달간식] 배달앱/커피/제과/패스트푸드 10% 청구할인
기타: [쇼핑교육] 대형마트/온라인쇼핑/소셜커머스/교육 5% 청구할인
APP: [KB Pay온라인쇼핑] KB Pay 온라인쇼핑 결제 5% 청구할인
해외: [해외이용] 해외 가맹점 이용 5% 캐시백
유의사항: 꼭 확인하세요!"
2356,레고랜드 체크카드,KB국민카드,,,"테마파크: 레고랜드 코리아 5% 환급할인
대중교통: 대중교통(버스/지하철) 10% 환급할인
통신: SKT, KT, LGU+, LiivM 2,500원 환급할인
디지털구독: 멜론, 지니, 넷플릭스, 웨이브 5% 환급할인
카페: 스타벅스 20% 환급할인
도서: 교보문고 5% 환급할인
편의점: GS25 5% 환급할인
유의사항: 꼭 확인하세요!"
2357,레고랜드매니아카드,KB국민카드,"100,000","100,000","테마파크: 레고랜드 리조트 30% 청구할인
기타: 레고/완구 구매 10% 청구할인
쇼핑: 백화점/대형마트 10% 청구할인
배달앱: 배달앱 10% 청구할인
디지털구독: 구독서비스 20% 청구할인
간편결제: KB Pay 결제 10% 청구할인
해외이용: 해외 가맹점 이용 10% 캐시백
프리미엄 서비스: [리워드 서비스] 웰컴 레고랜드 포인트리 7만점 적립
프리미엄 서비스: [리워드 서비스] 레고랜드 포인트리 8만점 적립
유의사항: 꼭 확인하세요!"
2358,삼성 iD EDU 카드,삼성카드,"30,000","30,000","학원: 교육 10% 결제일할인
공과금: 아파트 관리비 5,000원 결제일할인
온라인쇼핑: 온라인쇼핑몰 멤버십 50% 결제일할인
배달앱: 배달앱 5% 결제일 할인
해외: 해외 1.5% 결제일 할인
선택형: 카드 디자인 소개
유의사항: 꼭 확인하세요!"
2359,Hyundai Mobilty카드(상용차),현대카드,"30,000","30,000","주유소: 현대오빌뱅크/SK에너지 우대 주유소 25~85 포인트 적립
모든가맹점: 일반 가맹점 이용 시 0.2% 블루멤버스 포인트 적립
멤버십포인트: 현대자동차 신차 구매 시 1.5% 블루멤버스 포인트 적립
정비: [제휴서비스] Bluemembers 멤버십 서비스
선택형: 카드 플레이트 선택 가능
유의사항: 꼭 확인하세요!"
2360,LOCA in MEGACITY,롯데카드,"20,000","20,000","테마파크: [지역 특화 서비스]롯데월드 부산, 스카이라인루지 부산 10% 할인
경기관람: [지역 특화 서비스] 롯데자이언츠 관람권 10% 할인
쇼핑: [지역 특화 서비스] 오프라인 쇼핑 5% 할인
온라인쇼핑: [지역 특화 서비스] 온라인 쇼핑 5% 할인
유의사항: 꼭 확인하세요!"
2361,케이뱅크 롯데카드,롯데카드,"15,000","15,000","모든가맹점: 모든 가맹점 0.5% 기본 캐시백
모든가맹점: 전월 실적 충족하면, 모든 가맹점 1% 특별캐시백
간편결제: [라이프 가맹점] 페이, 스트리밍, 배달 등 최대 50% 캐시백
프리미엄: Master / AMEX Platinum Service
선택형: 카드 플레이트 선택 가능
유의사항: 꼭 확인하세요!"
2362,페이북 머니 체크카드,BC 바로카드,,,"모든가맹점: [SUPER MONEY] 페이북 결제 시 1% 페이북 머니 적립
적립: [SPECIAL MONEY] 3대 카테고리 결제 시 0.5% 페이북 머니 적립
모든가맹점: [STANDARD MONEY] 일반 가맹점 결제 시 0.2% 페이북 머니 적립
유의사항: 꼭 확인하세요!"
2363,wavve카드,KB국민카드,"15,000","15,000","디지털구독: wavve 월 이용권 7,900원 청구할인
푸드: 식음료 10% 청구할인
디지털구독: 멤버십 정기구독 20% 청구할인
생활: 자기관리(미용/스포츠) 5% 청구할인
유의사항: 꼭 확인하세요!"
2364,iD MOVE카드,삼성카드,"20,000","20,000","교통: 대중교통·택시 10% 결제일할인
통신: 이동통신·스트리밍 10% 결제일할인
카페/디저트: 커피전문점·편의점 10% 결제일할인
기타: 해외·항공·철도 1.5% 결제일 할인
선택형: 카드디자인 소개
유의사항: 꼭 확인하세요!"
2365,닥터구디 T&R(티앤알) 카드,하나카드,"25,000","25,000","통신: [자동이체 청구할인] 통신요금 자동이체 최대 15,000원 청구할인
렌탈 : [자동이체 청구할인] 렌탈요금 자동이체 최대 15,000원 청구할인
보험사: [자동이체 청구할인] 손해/생명보험사 자동이체 최대 15,000원 청구할인
기타: [자동이체 청구할인] 기타 자동이체 가맹점 최대 15,000원 청구할인
유의사항: 꼭 확인하세요!"
2366,SOHO 다사로이OIL카드,NH농협카드,"15,000","17,000","주유: 전 주유소 및 LPG·수소차 충전소 5% 청구할인, 전기차 충전소 5% 청구할인
비즈니스: 주요 사업경비업종 0.5% 청구할인
기타: 카카오T대리 자동결제 10% 청구할인
정비: 스피드메이트 엔진오일 및 와이퍼 무료교환 서비스
자동차: 차량 구매액 1% 청구할인
유의사항: 꼭 확인하세요!"
2367,현대백화점 해피포인트카드,현대백화점,,,"백화점: 현대백화점/아울렛 5% 할인
해피포인트: 해피포인트 가맹점 5% 적립
백화점: 현대백화점 2시간 무료주차
기타: 3개월 무이자 할부
유의사항: 꼭 확인하세요!"
2368,현대백화점 현대오일뱅크카드,현대백화점,,,"백화점: 현대백화점/아울렛 5% 할인
주유소: 현대오일뱅크 주유시  X2배 포인트 적립
백화점: 현대백화점 2시간 무료주차
기타: 3개월 무이자 할부
유의사항: 꼭 확인하세요!"
2369,Happy 디지털카드,롯데카드,"15,000","15,000","해피포인트: 해피포인트 가맹점에서 10% 해피포인트 적립
생활: 일상 가맹점, 업종에서 5% 해피포인트 적립
모든가맹점: 국내외 온·오프라인 가맹점에서 최대 0.5% 해피포인트 적립
멤버십포인트: 해피포인트 멤버십 서비스
해피포인트 가맹점 이용 시 5% 현장적립
프리미엄 서비스: 국제브랜드사의 Platinum 등급의 서비스 제공
선택형: 플레이트 디자인 선택 가능
유의사항: 꼭 확인하세요!"
2370,NU Uniq Check,우리카드,,,"모든가맹점: 국내 가맹점 0.2% 적립
쇼핑: [DAILY] 해외, 쿠팡, 11번가, 이마트, 롯데마트 1% 적립
교통: [DAILY] 대중교통, 전기차충전, 주유 1% 적립
디지털구독: [DAILY] (정기결제) 넷플릭스, 유튜브 프리미엄, 멜론, 디즈니플러스, 이동통신 1% 적립
기타: [DAILY] UNIQ DAILY 0.5% 한번 더 적립
카페: [EAT] 스타벅스, 투썸플레이스, 이디야 1% 적립
편의점: [EAT] CU, 세븐일레븐, GS25 1% 적립
배달앱: [EAT] 배달의민족, 쿠팡이츠. 마켓컬리 1% 적립
유의사항: 꼭 확인하세요!"
2371,신한카드 플리,신한카드,"15,000","18,000","모든가맹점: [Daily 결제일 할인] 국내 이용금액 최대 0.9% / 해외 이용금액 0.5% 결제일 할인
기타: [Weekly 할인 쿠폰] 매주 1회 국내 이용 할인 쿠폰 제공
적립: [Monthly 단골 적립] My Pick 가맹점 월 3, 6, 9번째 이용 건에 대해 마이신한포인트 1,000원 적립
선택형: 카드 플레이트 선택 가능
유의사항: 꼭 확인하세요!"
2372,신한카드 플리(체크),신한카드,,,"국내외가맹점: [Daily 할인] 국내 이용금액 최대 0.3% 할인, 해외 이용금액 0.2% 할인
기타: [Weekly 할인 쿠폰] 매월 2회 국내 이용 할인 쿠폰 제공
적립: [Monthly 단골 적립] My Pick 가맹점 월 3, 6, 9번째 이용 건에 대해 마이신한포인트 1,000포인트 적립
유의사항: 꼭 확인하세요!"
2373,신한카드 On 체크(쥬라기),신한카드,,,"간편결제: 간편결제(Pay) 이용 시 최대 2% 적립
생활: 생활편의영역 이용 시 최대 2% 적립 
해외: 해외 이용금액에 대해 1.3% 적립
유의사항: 꼭 확인하세요!"
2374,신한카드 Way 체크(쥬라기),신한카드,,,"대중교통: 대중교통(버스/지하철) 이용 시 최대 5% 적립
생활: 생활편의영역 이용 시 최대 2% 적립 
해외: 해외 이용금액에 대해 1.3% 적립
유의사항: 꼭 확인하세요!"
2375,ZEPETO 신한카드,신한카드,,,"모든가맹점: 쓸 때마다 알아서 0.1 ~ 0.5% 적립
편의점: 편의점 결제 5% 적립
기타: 선불전자지급수단만의 다양한 서비스 혜택
선택형: 내 ZEPETO 아바타를 플레이트 속으로!
유의사항: 꼭 확인하세요!"
2376,삼성 iD SIMPLE 카드,삼성카드,"7,000","7,000","모든가맹점: 국내외 가맹점 0.7% 할인
모든가맹점: 국내외 가맹점 1% 할인
온라인쇼핑: 온라인쇼핑몰 멤버십 50% 할인
영화: 영화 3,000원 할인
선택형: 내 마음대로 고르는 디자인!
유의사항: 꼭 확인하세요!"
2377,톡톡 my point카드,KB국민카드,"12,000","12,000","적립: 국내가맹점 0.5% 적립
간편결제: KB Pay 5% 적립
적립: 연간 리워드 적립
선택형: 플레이트 디자인 선택 가능
유의사항: 꼭 확인하세요!"
2378,톡톡 my living카드,KB국민카드,"12,000","12,000","선택형: A팩: 온라인쇼핑, 대형마트, 렌탈/이동통신요금 10% 적립
B팩: 학원/서점 업종, 식품/배달 업체, 슈퍼마켓, 제과/아이스크림업종 10% 적립 
간편결제: KB Pay 5% 적립
선택형: 플레이트 디자인 선택 가능
유의사항: 꼭 확인하세요!"
2379,신한카드 On 체크(잔망루피),신한카드,,,"간편결제: 간편결제(Pay) 이용 시 최대 2% 적립
생활: 생활편의영역 이용 시 최대 2% 적립 
해외: 해외 이용금액에 대해 1.3% 적립
선택형: 카드 플레이트 선택 가능
유의사항: 꼭 확인하세요!"
2380,신세계 BC 바로 콰트로 플러스,BC 바로카드,"5,000","5,000","쇼핑: [쇼핑] 신세계백화점·이마트 등 5% 할인
교통: [교통] 주유소·전기차·대중교통·택시 4% 할인
온라인쇼핑: [온라인몰] SSG·쿠팡·G마켓·옥션·11번가 7% 할인
생활: [생활] 병원·약국·통신3사휴대폰요금 5% 할인
푸드: [커피/외식] 스타벅스·이디야·아웃백 등 10% 할인
제휴/PLCC: 신세계백화점 제휴 서비스 제공
프리미엄 서비스: VISA Platinum 서비스 제공
유의사항: 꼭 확인하세요!"
2381,신세계 BC 바로 아시아나 플러스,BC 바로카드,"10,000","10,000","아시아나항공: Asiana Club 마일리지 적립 서비스
제휴/PLCC: 신세계백화점 제휴 서비스 제공
프리미엄 서비스: VISA Platinum 서비스 제공
유의사항: 꼭 확인하세요!"
2382,신세계 BC 바로 리워드 플러스,BC 바로카드,"10,000","10,000","모든가맹점: 페이북머니 최대 1.5% 기본 적립
적립: 페이북머니 최대 30% 특별 적립
무이자할부: 국내 전 가맹점 2~3개월 무이자 할부
제휴/PLCC: 신세계백화점 제휴 서비스 제공
프리미엄 서비스: VISA Platinum 서비스 제공
유의사항: 꼭 확인하세요!"
2383,신세계 BC 바로 SEVEN FLEX,BC 바로카드,"20,000","20,000","쇼핑: [FLEX] 신세계백화점·W concept 등 7% 할인
간편결제: [PAY] 네이버페이·카카오페이 등 7% 할인
생활: [HEALTH&BEAUTY] 운동·골프·병원·약국·이/미용원 7% 할인
카페/디저트: [YUMMY] 카페·편의점·제과점 7% 할인
기타: [DAILY] 통신3사휴대폰요금·대중교통 등 7% 할인
제휴/PLCC: 신세계백화점 제휴 서비스 제공
프리미엄 서비스: VISA Platinum 서비스 제공
유의사항: 꼭 확인하세요!"
2384,신세계 BC 바로 클리어 플러스,BC 바로카드,"5,000","5,000","기타: [매일할인] 점심식사·배달앱·대중교통 5% 할인
쇼핑: [라이프스타일 할인] 신세계·온라인쇼핑·뷰티·통신 등 7% 할인
제휴/PLCC: 신세계백화점 제휴 서비스 제공
프리미엄 서비스: VISA Platinum 서비스 제공
유의사항: 꼭 확인하세요!"
2385,Flex카드 몽블랑 에디션,롯데카드,"100,000","100,000","프리미엄 서비스: 몽블랑 에디션 패키지
모든가맹점: 국내외 가맹점 L.POINT 0.5% 적립
생활: 스트리밍·커피 결제일 할인
면세점: 롯데면세점 5~15% 현장할인
멤버십포인트: L.POINT
프리미엄 서비스: Master WORLD 서비스
유의사항: 꼭 확인하세요!"
2386,티머니 Pay & GO 신한카드,신한카드,"15,000","18,000","대중교통: K-패스 안내
대중교통: [교통서비스 할인(모바일티머니)]
대중교통(버스, 지하철) 30% 결제일 할인
교통: [교통서비스 할인(티머니GO)]
고속/시외 버스, 따릉이, 킥보드, 택시 20% 결제일 할인
백화점: [생활서비스 할인]
4대 백화점 5% 결제일 할인
편의점: [생활서비스 할인]
5대 편의점 5% 결제일 할인
통신: [생활서비스 할인]
이동통신요금 자동이체 5% 결제일 할인
카페: [생활서비스 할인]
커피전문점 5% 결제일 할인
선택형: 카드 플레이트 선택 가능
유의사항: 꼭 확인하세요!"
2387,신한카드 래플(Raffle),신한카드,"17,000","20,000","혜택 프로모션: 월 마다 추첨(Monthly Raffle)
혜택 프로모션: 분기 마다 추첨 (Quarterly Raffle)
선택형: 카드 플레이트 선택 가능
유의사항: 꼭 확인하세요!"
2388,넥슨 현대카드UNLIMITED,현대카드,"150,000","150,000","모든가맹점: 전월 이용금액에 따라 국내외 가맹점 이용금액 최대 3% 넥슨 현대카드 포인트 적립
바우처: 연간 6만 넥슨 현대카드 포인트 바우처
생활: 생활 편의 영역 6대 업종 결제 시 연간 통합 6만원 청구 할인
게임: PC방 이용 시 최대 3천원 청구 할인
공연/전시: 넥슨컴퓨터박물관 메가티켓 2장 결제금액 청구 할인
프리미엄 서비스: 차별화된 가치를 담은 메탈플레이트 제공
프리미엄 서비스: MasterCard World서비스
유의사항: 꼭 확인하세요!"
2389,넥슨 현대카드,현대카드,"10,000","10,000","모든가맹점: 제한 없이 기본 0.5% 적립
모든가맹점: 이용금액 30만원 이상 시 1.5% 추가 적립
선택형: 넥슨 현대카드의 특별한 디자인을 소개합니다
유의사항: 꼭 확인하세요!"
2390,넥슨 현대카드Check,현대카드,"2,000",,"모든가맹점: 월 이용금액 50만원 한도까지 실적 조건 없이 0.5% 넥슨 현대카드 포인트 적립
선택형: 넥슨 현대카드 CHECK의특별한 디자인을 소개합니다
유의사항: 꼭 확인하세요!"
2391,신한카드 Deep Dream 체크(모베러웍스),신한카드,,,"적립: 기본 포인트 적립
생활: 추가 포인트 적립
생활: 추가 포인트 적립
주유소: 주유소 적립
택시: 택시 할인
적립: 추가 포인트 적립
금융: 수수료 우대
유의사항: 꼭 확인하세요!"
2392,CJ 삼성 iD 카드,삼성카드,"10,000","10,000","온라인쇼핑: CJ온스타일 7% 결제일 할인
드럭스토어: 올리브영 10% 결제일할인
베이커리: 뚜레쥬르 10% 결제일할인
패밀리레스토랑: VIPS 20% 결제일할인
영화: CGV 4,000원·8,000원 결제일할인
디지털구독: 티빙 30% 결제일할인
배달앱: 배달앱 5% 결제일할인
편의점: 편의점 5% 결제일할인
통신: 이동통신요금 5% 결제일할인
CJ ONE: CJ ONE 멤버십 기능
유의사항: 꼭 확인하세요!"
2393,SSG.COM 카드 Edition2,현대카드,"10,000","10,000","온라인쇼핑: SSG.COM 결제 시 SSG MONEY 7% 적립
모든가맹점: SSG.COM 외 가맹점 결제 시 SSG MONEY 0.5% 적립
디지털구독: 스마일클럽 정기 결제 금액 지원
선택형: SSG.COM카드 Edition2의 특별한 디자인을 소개합니다.
유의사항: 꼭 확인하세요!"
2394,트래블로그 체크카드,하나카드,,"2,000","해외이용: 해외 가맹점 이용수수료 면제
수수료우대: 해외 ATM 인출 수수료 면제
적립: 국내 가맹점 이용 시 0.3% 적립
선택형: 플레이트 3종 선택
유의사항: 꼭 확인하세요!"
2395,LOCA 나누기 카드,롯데카드,"20,000","20,000","무이자할부: 일시불 이용금액에 따라 최대 6개월까지 나누기 혜택 제공
멤버십포인트: L.POINT
유의사항: 꼭 확인하세요!"
2396,Diners Club POINT,우리카드,,"300,000","적립: 국내 가맹점 1~2.3% 포인트 적립
해외: 해외, 면세점 2% 포인트 적립
공항라운지: 국내 및 해외 공항 라운지 무료 이용(월 2회, 연 10회)
교통: [프리미엄 서비스] K리무진 버스 무료 이용
골프: [프리미엄 서비스] 국내 지정 골프장 커피(4잔) 무료 제공, 국내 지정 골프연습장 타석권 무료 제공
바우처: [프리미엄 기프트] 공항 라운지 무료이용권 8매
바우처: [프리미엄 기프트] 프리미엄여행 할인권 20만원 제공
바우처: [프리미엄 기프트] 신세계 상품권 모바일 교환권 20만원
바우처: [프리미엄 기프트] 신라면세점 선불카드 20만원권 교환쿠폰
바우처: [프리미엄 기프트] 우리WON꿀머니 20만점
적립: [보너스 리워드] 보너스 포인트 100,000점 적립
유의사항: 꼭 확인하세요!"
2397,Diners Club MILEAGE,우리카드,,"330,000","적립: 국내 가맹점 1마일 적립
해외: 해외, 면세점 2마일 적립
공항라운지: 국내 및 해외 공항 라운지 무료 이용(월 2회, 연 10회)
교통: [프리미엄 서비스] K리무진 버스 무료 이용
골프: [프리미엄 서비스] 국내 지정 골프장 커피(4잔) 무료 제공, 국내 지정 골프연습장 타석권 무료 제공
바우처: [프리미엄 기프트] 공항 라운지 무료이용권 8매
바우처: [프리미엄 기프트] 프리미엄여행 할인권 20만원 제공
바우처: [프리미엄 기프트] 신세계 상품권 모바일 교환권 20만원
바우처: [프리미엄 기프트] 신라면세점 선불카드 20만원권 교환쿠폰
바우처: [프리미엄 기프트] 우리WON꿀머니 20만점
적립: [보너스 리워드] 보너스 포인트 마일리지 5,000마일 적립
유의사항: 꼭 확인하세요!"
2398,신세계 더 마일리지 삼성카드 (스카이패스),삼성카드,"45,000","45,000","모든가맹점: 국내외 가맹점 스카이패스 1마일리지 적립
쇼핑: 신세계백화점·신세계면세점 스카이패스 1마일리지 추가적립
백화점: 신세계백화점 제휴 서비스
면세점: 신세계면세점 멤버십 우대 서비스
프리미엄 서비스: Mastercard PLATINUM 등급 서비스
유의사항: 꼭 확인하세요!"
2399,리브 NEXT카드,KB국민카드,,,"푸드: [YUMMY!] 편의점(GS25/CU), 커피/음료 전문점 5% 환급할인
생활: [Enjoy!] 올리브영, 다이소 결제 시 5% 환급할인
게임: 구글 플레이스토어, 앱스토어 결제 시 5% 환급할인
선택형: 다양한 플레이트 선택 가능
유의사항: 꼭 확인하세요!"
2400,밥바라밥 페이북머니 체크카드,BC 바로카드,,,"푸드: 종일커피/점심식사/저녁간식 페이북머니 8% 적립
모든가맹점: 국내 가맹점 이용금액 0.1% 기부 기금 적립
유의사항: 꼭 확인하세요!"
2401,NU Nature,우리카드,"12,000","12,000","충전소: [친환경 생활] 전기차 충전 60% 적립
대중교통: [친환경 생활] 대중교통 (버스/지하철) 10% 적립
기타: [친환경 생활] 공유 모빌리티 10% 적립
디지털구독: [디지털 생활] 스트리밍 10% 적립
디지털구독: [디지털 생활] 전자책 10% 적립
카페: [디지털 생활] 커피 10% 적립
간편결제: [간편결제] 주요 간편결제 1.6% 적립
유의사항: 꼭 확인하세요!"
2402,GS리테일 NH농협카드,NH농협카드,"12,000","12,000","멤버십포인트: GS리테일 점내 이용 시 2% GS&POINT 적립
모든가맹점: 국내 이용금액의 1%, 국외 이용금액의 2% NH포인트 적립
공항라운지: 국제공항 라운지 무료이용 연 2회 제공
유의사항: 꼭 확인하세요!"
2403,NU I&U,우리카드,"12,000","12,000","할인: [SIMPLE할인] 국내가맹점 1.0%~0.7% 청구할인
주유: [Daily 할인] 주유 리터당 60~100원 청구할인
대중교통: [Daily 할인] 대중교통 10% 청구할인
카페: [Daily 할인] 커피 10% 청구할인
유의사항: 꼭 확인하세요!"
2404,코오롱몰 우리카드,우리카드,"15,000","15,000","쇼핑: 코오롱 FnC 온/오프라인 매장 상품 구매시 청구할인 제공
쇼핑: 코오롱 FnC 온/오프라인 매장 상품 구매시 장기할부 및 12/24/36개월 할부금 청구할인 제공
공항라운지: 국내외 공항 라운지 무료 이용 서비스(통합 월 1회, 연 2회)
편의점: 편의점 5% 청구할인 서비스
선택형: 카드 플레이트 선택 가능"
2405,#any 하나카드,하나카드,"12,000","12,000","디지털구독: 디지털 구독 50% 청구할인
간편결제: 디지털 결제 1% 청구할인
할인: 국내외 전 가맹점 기본 0.5% 청구할인
선택형: 플레이트 선택 가능
유의사항: 꼭 확인하세요!"
2406,하나 CLUB H 아메리칸 익스프레스 리저브 카드,하나카드,,"150,000","항공마일리지: 국내 이용금액 1천원당 1마일리지 적립
항공마일리지: 해외 이용금액 1천원당 2마일리지 적립
공항라운지: 인천공항 라운지 무료 서비스
프리미엄 서비스: Special Service 메탈 플레이트 기본 제공
프리미엄 서비스: 국제 브랜드 서비스
유의사항: 꼭 확인하세요!"
2407,삼성 iD PET 카드,삼성카드,"15,000","15,000","애완동물: 동물병원/반려동물쇼핑몰 30% 할인
간편결제: 온라인 간편결제 5% 할인
보험사: 손해보험 10% 할인
해외: 해외 1.5% 할인
디지털구독: 스트리밍 10% 할인
카페/디저트: 커피전문점/편의점 1,000원 할인
유의사항: 꼭 확인하세요!"
2408,올바른HOMETOWN카드,NH농협카드,"12,000","12,000","대형마트: 하나로마트/하나로클럽 5% 청구할인
SSM: 슈퍼마켓 5% 청구할인
병원/약국: 병의원/약국 5% 청구할인
홈쇼핑: 홈쇼핑 10% 청구할인
기타: 건강식품 10% 청구할인
대중교통: 대중교통(버스/지하철) 10% 청구할인
보험사: 보이스피싱 보상보험 무료 가입
유의사항: 꼭 확인하세요!"
2409,#MY WAY 카드,하나카드,"20,000","20,000","대중교통: 대중교통 건당 300원 할인
카페: 커피 건당 300원 할인
편의점: 편의점 건당 300원 할인
디지털구독: 디지털 구독 건당 3,000원 할인
주유: 주유/충전 건당 3,000원 할인
쇼핑: 쇼핑 건당 3,000원 할인
생활: 생활요금 건당 3,000원 할인
무이자할부: #MYWAY 2~3개월 무이자 할부 서비스
유의사항: 꼭 확인하세요!"
2410,New 제주항공 하나카드,하나카드,"17,000","17,000","제주항공: [특별적립] 여행특화 1천원당 제주항공 리프레시 포인트 30p 적립
제주항공: [특별적립] 쇼핑/구독/레저 1천원당 제주항공 리프레시 포인트 20p 적립
적립: [일반적립] 국내 전가맹점 1천원당 제주항공 리프레시 포인트 5p 적립
유의사항: 꼭 확인하세요!"
2411,슈퍼쇼퍼카드,하나카드,"15,000","15,000","할인: 국내 가맹점 0.7% 청구할인
온라인쇼핑: 국내 온라인 가맹점 1.7% 청구할인
해외이용: 해외 가맹점 1.7% 청구할인
유의사항: 꼭 확인하세요!"
2412,아멕스 플래티넘 아시아나클럽 롯데카드,롯데카드,"55,000","55,000","아시아나항공: 아시아나마일리지 1천원당 1마일리지 적립
공항라운지: 공항라운지 무료 이용 서비스(AMEX 브랜드 카드 발급 시 제공)
멤버십포인트: L.POINT"
2413,신한카드 핏(Fit),신한카드,"15,000","18,000","생활: [일상영역] Stamp 기본 적립
생활: [일상영역] Bingo! 추가 적립
적립: [Flex 영역] Flex 영역 10% 적립
적립: [Flex영역] 적립한도 업그레이드
유의사항: 꼭 확인하세요!"
2414,인플카 현대카드,현대카드,"10,000","10,000","프리미엄 서비스: [인플카 전용 혜택]인플카 현대카드 보유 시 인플카 앱 서비스 이용 가능
생활: 생활 필수 영역 이용 금액의 10% M포인트 적립
선택형: 인플카 현대카드의 특별한 디자인을 소개합니다
유의사항: 꼭 확인하세요!"
2415,신한카드 Eats More(곰표),신한카드,"15,000","18,000","적립: [기본 적립서비스]
전 가맹점 5천원 이상 결제 시 1천원 미만 금액 마이신한포인트 적립
적립: [추가 적립서비스]
요식업종 / 배달앱 / 온라인마켓 이용건별 마이신한포인트 정액 적립(신한pLay앱을 통한 결제 시 건당 100포인트 추가 적립)
금융: [적립포인트 투자 서비스]
신한은행 달러 예금 계좌 혜택: 마이신한포인트 외화체인지업 계좌 입금 시 환전수수료 면제(USD 계좌에 한함)
선택형: 원하는 플레이트 디자인 선택 가능
유의사항: 꼭 확인하세요!"
2416,이마트II KB국민카드(옐로우),KB국민카드,"15,000","15,000","대형마트: 이마트/트레이더스 최대 30% 청구할인
카페: 스타벅스 최대 10% 청구할인
생활: 생활업종 최대 10% 청구할인
디지털구독: 구독서비스 10% 청구할인
유의사항: 꼭 확인하세요!"
2417,인플카 현대카드 CHECK,현대카드,"5,000",,"배달앱: 배달앱 1% M포인트 적립
편의점: 편의점 1% M포인트 적립
통신: 통신요금 자동이체 1% M포인트 적립
유의사항: 꼭 확인하세요!"
2418,始發(시발)카드,BC 바로카드,"5,000","8,000","할인: [선 넘는 특별 할인] 주요 始發(시발)비용 사용처 최대 1,800원 할인
무실적: 실적/한도 조건없이 0.7% 청구할인
유의사항: 꼭 확인하세요!"
2419,삼성 iD POCKET 카드,삼성카드,"1,000",,"대중교통: 대중교통 1%·2% 결제일할인
생활: 편의점·배달앱·델리·커피전문점 1%·8% 결제일 할인
선택형: 보기만 해도 소장 욕구 뿜뿜!
청소년의 눈길과 마음을 사로잡은 삼성 iD POCKET 카드를 소개합니다.
유의사항: 꼭 확인하세요!"
2420,카카오뱅크 개인사업자 삼성카드,삼성카드,"15,000","15,000","비즈니스: 사업 필수 경비 5% 결제일할인
비즈니스: 사업장 운영 경비 1.5% 결제일할인
기타: 온라인 간편결제/커피전문점/해외 1.5% 결제일할인
할인: 국내 가맹점 1% 결제일할인
금융: 세무지원 서비스
유의사항: 꼭 확인하세요!"
2421,카카오뱅크 개인사업자 체크카드,카카오뱅크,"2,000","2,000","생활: 매일 가는 곳은 혜택 고민 없이 0.3% 캐시백
비즈니스: 사업운영에 꼭 필요한 곳에서 3% 캐시백
유의사항: 꼭 확인하세요!"
2422,노리2 체크카드(KB Pay),KB국민카드,,,"카페: [일상] 스타벅스, 커피빈 10% 할인
게임: [일상] 구글플레이스토어, 앱스토어 10% 할인
공연/전시: [일상] 인터파크 티켓 10% 할인
드럭스토어: [일상] 올리브영, 미용실 업종 5% 할인
편의점: [일상] GS25, CU 5% 할인
디지털구독: [일상]넷플릭스, 유튜브프리미엄 1,000원 할인
배달앱: [일상] 배달의 민족, 요기요 1,000원 할인
통신: [일상] SKT, KT, LG U+, Liiv M 2,500원 할인
영화: [일상] CGV 4,000원 할인
테마파크: [일상] 에버랜드, 롯데월드 15,000원 할인
간편결제: [KB Pay] 오프라인 가맹점 2% 추가 할인
간편결제: [KB Pay] 온라인 가맹점 2% 추가 할인
유의사항: 꼭 확인하세요!"
2423,노리2 체크카드(Global),KB국민카드,,,"카페: [일상] 스타벅스, 커피빈 10% 할인
게임: [일상] 구글플레이스토어, 앱스토어 10% 할인
공연/전시: [일상] 인터파크 티켓 10% 할인
드럭스토어: [일상] 올리브영, 미용실 업종 5% 할인
편의점: [일상] GS25, CU 5% 할인
디지털구독: [일상]넷플릭스, 유튜브프리미엄 1,000원 할인
배달앱: [일상] 배달의 민족, 요기요 1,000원 할인
통신: [일상] SKT, KT, LG U+, Liiv M 2,500원 할인
OTT/영화/문화: [일상] CGV 4,000원 할인
테마파크: [일상] 에버랜드, 롯데월드 15,000원 할인
해외이용: [Global] 해외 가맹점 2% 할인
공항라운지: [Global] 공항라운지 더라운지멤버스
유의사항: 꼭 확인하세요!"
2424,LOCA X 구독,롯데카드,"20,000","20,000","렌탈 : 렌탈료 결제일 최대 25,000원 할인
캐시백: 장기할부 최대 25,000원 캐시백
유의사항: 꼭 확인하세요!"
2425,MY 체크카드,케이뱅크,,,"캐시백: 10가지 영역에서 결제할 때마다 무조건 300원(최대 500원) 캐시백
유의사항: 꼭 확인하세요!"
2426,신한카드 FANtastic S 체크(LoL),신한카드,,,"간편결제: 간편결제(신한플레이) 15% 캐시백
소셜커머스: 소셜커머스(쿠팡,티몬) 10% 캐시백
편의점: 편의점(CU) 10% 캐시백
카페: 커피(스타벅스) 10% 캐시백
해외이용: 해외 전 가맹점 이용액(온라인 포함) 1.2% 캐시백
해외인출 1건당 US $3 캐시백
선택형: 다양한 플레이트 선택 가능
유의사항: 꼭 확인하세요!"
2427,zgm.the pay카드,NH농협카드,"12,000","12,000","할인: 국내/해외 전 가맹점 1.0% 청구 할인
간편결제: 온라인 간편결제 최대 1.7% 청구 할인
선택형: 디자인 선택 가능
유의사항: 꼭 확인하세요!"
2428,zgm.streaming카드,NH농협카드,"12,000","12,000","디지털구독: 멤버십 이용요금 7천원 청구 할인
디지털구독: 스트리밍 이용요금 50% 청구 할인
카페: 스타벅스 사이렌오더 50% 청구 할인
간편결제: 온라인 간편결제 5% 청구 할인
유의사항: 꼭 확인하세요!"
2429,삼프로TV 하나카드,하나카드,"15,000","15,000","할인: 특화서비스 청구할인
지난달 실적에 따라 월 통합 최대 3만원 청구할인
간편결제: 간편결제 청구할인
월 할인한도 제한없이 1% 청구할인
할인: 국내/외 가맹점 청구할인
월 할인한도 제한없이 0.7% 청구할인"
2430,SC제일은행-현대카드 M CHECK,현대카드,,,"적립: M포인트 적립
금융: SC제일은행 혜택
기타: M포인트 사용
유의사항: 꼭 확인하세요!"
2431,SC제일은행-현대카드 X CHECK,현대카드,,,"캐시백: X캐시백 적립
금융: SC제일은행 혜택
기타: X캐시백 사용
유의사항: 꼭 확인하세요!"
2432,네이버페이 머니 하나 체크카드,하나카드,,,"적립: 네이버페이 포인트 적립 서비스
선택형: 플레이트 디자인 선택 가능
유의사항: 꼭 확인하세요!"
2433,네이버페이 쇼핑엔로카,롯데카드,"10,000","10,000","적립: 네이버페이 포인트 적립서비스
금융: 장기할부 서비스
선택형: 다양한 플레이트 디자인 선택 가능
유의사항: 꼭 확인하세요!"
2434,갤러리아 KB국민카드,KB국민카드,"15,000","15,000","백화점: 갤러리아 백화점 5% 현장할인
온라인쇼핑: 갤러리아 백화점(Mall) 5% 청구할인
멤버십포인트: 갤러리아 마일리지 적립
선택형: 갤러리아 KB국민카드 디자인 선택
유의사항: 꼭 확인하세요!"
2435,신한카드 EVerywhere,신한카드,"19,000","22,000","충전소: 전기차 충전요금의 20%~30% 캐시백
당월 생활 서비스 1회 이상 이용 시 전기차 충전요금의 5%~10% 추가 캐시백
디지털구독: 디지털 구독 20% 캐시백
통신: 이동통신 5% 캐시백
편의점: 편의점 5% 캐시백
카페/디저트: 베이커리·커피전문점 5% 캐시백
기타: 주차앱 5천원 이상 결제 시, 5천원 캐시백
선택형: 다양한 플레이트 선택가능
유의사항: 꼭 확인하세요!"
2436,the Red Stripe,현대카드,"500,000","500,000","바우처: 취향대로 선택하는 럭셔리 라이프 바우처
선택형: 항공 마일리지와 M포인트 중 선택 적립
[선택1] 대한항공 마일리지 이용 금액 1천원당 1마일리지 적립
선택형: 항공 마일리지와 M포인트 중 선택 적립
[선택2] M포인트 당월 이용 금액에 따라 1~2% 적립
프리미엄 서비스: 메탈 플레이트
the Red Stripe의 헤리티지를 담은 메탈 플레이트
공항라운지: 전 세계 공항라운지 무료 이용 서비스
프리미엄 서비스: 무료 발레파킹 서비스
프리미엄 서비스: VISA Signature 서비스
프리미엄 서비스: MasterCard World 서비스
프리미엄 서비스: [로열티 보너스] 연간(카드 발급 확정일로부터 1년) 이용 금액 2,000만원 이상 시 로열티 보너스 제공(연 1회, 택1)
선택형: the Red Stripe의 특별한 디자인을 소개합니다
유의사항: 꼭 확인하세요!"
2437,GS리테일 NH농협체크카드,NH농협카드,,,"적립: GS리테일 점내 이용 시 2% GS&POINT 적립
적립: 국내 이용금액의 0.2%, 국외 이용금액의 1% NH포인트 적립
공항라운지: 국제공항 라운지 무료이용 연 1회 제공
유의사항: 꼭 확인하세요!"
2438,IBK DC히어로즈 카드(체크),IBK기업은행,,,"캐시백: 국내·해외 전 가맹점 0.2% 캐시백
캐시백: 점심·저녁시간 국내 전 가맹점 3배(총 0.6%) 캐시백
금융: 전자금융·ATM 출금 및 이체수수료 면제
선택형: IBK DC히어로즈 카드(체크) 디자인 안내
유의사항: 꼭 확인하세요!"
2439,케이뱅크 Hi teen 카드,케이뱅크,"3,000",,"편의점: 편의점 업종에서 결제금액 상관없이 이용할 때마다 100원 캐시백
온라인쇼핑: 온라인 업종에서 결제금액 상관없이 이용할 때마다 100원 캐시백
캐시백: 전월(1일~말일)실적 10만원 이상 및 5회 이상 결제 시 500원 캐시백
선택형: 다양한 플레이트 선택 가능
유의사항: 꼭 확인하세요!"
2440,KB국민 WE:SH All카드,KB국민카드,"20,000","20,000","할인: 국내 가맹점 1% 할인
해외: 해외 가맹점 2% 할인
생활: 쇼핑 멤버십 50%, OTT 10%, 이동통신요금 5% 할인(자동납부 할인)
유의사항: 꼭 확인하세요!"
2441,KB국민 My WE:SH 카드,KB국민카드,"15,000","15,000","간편결제: [나한테 진심 서비스] KB Pay 10% 할인
푸드: [나한테 진심 서비스] 음식점, 편의점 10% 할인
통신: [나한테 진심 서비스] 이동통신요금 10% 할인
디지털구독: [나한테 진심 서비스] OTT 30% 할인
선택형: [더욱 진심 서비스] 먹는데 진심-배달/커피 5% 할인
선택형: [더욱 진심 서비스] 노는데 진심-택시/커피 5%, 영화관 30% 할인
선택형: [더욱 진심 서비스] 관리에 진심-미용실, 스포츠, 온라인서점, 올리브영 5% 할인
기타: WE:SH 서비스
선택형: 카드 플레이트 선택 가능
유의사항: 꼭 확인하세요!"
2442,KB국민 Our WE:SH 카드,KB국민카드,"15,000","15,000","선택형: 2번의 선택 서비스 | '우리'의 소비패턴에 맞게 2번의 선택
1st 선택 | '우리'를 위한 선택
선택형: 2번의 선택 서비스 | '우리'의 소비패턴에 맞게 2번의 선택
2nd 선택 | '두리(나의 소중한 당신)'를 위한 선택
기타: 기본 ‘함께’ & WE:SH 서비스
유의사항: 꼭 확인하세요!"
2443,GOODGAME 체크카드,NH농협카드,,,"게임: 게임특화 서비스 NH포인트 적립
생활: 일상생활업종 NH포인트 적립
유의사항: 꼭 확인하세요!"
2444,롯데마트&MAXX 카드,롯데카드,"18,000","20,000","대형마트: 롯데마트, MAXX 월 최대 30,000원 결제일 할인
생활: 5대 생활업종 월 최대 25,000원 결제일 할인
선택형: 플레이트 디자인 선택 가능
유의사항: 꼭 확인하세요!"
2445,원더카드 (원더 DAILY),하나카드,"19,900","19,900","배달앱: 딜리버리 10% 할인
편의점: 편의점 10% 할인
디지털구독: 영상 스트리밍 40% 할인
교통: 택시 10% 할인
대중교통: 대중교통 10% 할인
푸드: 원큐페이 맛집 10% 할인
온라인쇼핑: 온라인식품&쇼핑 10% 할인
유의사항: 꼭 확인하세요!"
2446,원더카드 FREE,하나카드,"12,000","12,000","국내외가맹점: 전가맹점 0.7% 할인
간편결제: 간편결제 1.2% 할인
생활: 쿠팡/마트/베이커리 2% 할인
대중교통 3% 할인
무이자할부: 무이자할부
유의사항: 꼭 확인하세요!"
2447,원더카드 (원더 LIVING),하나카드,"19,900","19,900","공과금: 생활요금 10% 할인
병원/약국: 병원/약국 10% 할인
주유: 주유/LPG충전 10% 할인
택시: 택시 10% 할인
카페: 커피 10% 할인
생활: 세탁 10% 할인
무이자할부: 무이자할부
유의사항: 꼭 확인하세요!"
2448,원더카드 HAPPY,하나카드,"12,000","12,000","국내외가맹점: 전가맹점 0.5% 할인
간편결제: 간편결제 5% 할인
대형마트: 마트 5% 할인
주유: 주유/LPG충전 5% 할인
카페: 커피 5% 할인
기타: 뷰티&펫 5% 할인
무이자할부: 무이자할부
유의사항: 꼭 확인하세요!"
2449,원더카드 (원더 T),하나카드,"19,900","19,900","SKT: SKT통신요금 20% 할인
간편결제: T멤버십 바코드 결제 20% 할인
주유: SK주유&쇼핑 10% 할인
대형마트: 마트 10% 할인
대중교통: 대중교통 10% 할인
택시: 택시 10% 할인
무이자할부: 무이자할부
유의사항: 꼭 확인하세요!"
2450,HERITAGE Smart [할인형],KB국민카드,"200,000","200,000","바우처: [HERITAGE 전용혜택] 쿠폰서비스(연 1회 제공, 3가지 중 택1)
국내외가맹점: 국내 가맹점 1% 할인
해외 가맹점 3% 할인
할인: 특별 영역 5% 할인
금융: [HERITAGE Smart 서비스] 금융서비스
프리미엄: [HERITAGE Smart 서비스] Mastercard World 서비스
프리미엄: [HERITAGE Smart 서비스] 전용고객센터
유의사항: 꼭 확인하세요!"
2451,HERITAGE Smart [대한항공 마일리지형],KB국민카드,"200,000","200,000","바우처: [HERITAGE 전용혜택] 쿠폰서비스 (연 1회 제공, 3가지 중 택1)
국내외가맹점: 국내 가맹점 1천원 당 대한항공 1마일리지 적립
해외 가맹점 1천원 당 대한항공 2마일리지 적립
간편결제: KB Pay 2천원당 '대한항공 1마일리지' 적립
금융: [HERITAGE 전용혜택] 금융서비스
프리미엄: [HERITAGE 전용혜택] Mastercard World 서비스
프리미엄: [HERITAGE Smart 서비스] 전용고객센터
유의사항: 꼭 확인하세요!"
2452,카카오뱅크 하나카드,하나카드,"12,000","12,000","디지털구독: 디지털 구독 50% 할인
간편결제: 디지털 결제 1% 할인
모든가맹점: 국내외 전 가맹점 기본 0.5% 할인
유의사항: 꼭 확인하세요!"
2453,신한카드 구독 좋아요,신한카드,"15,000","18,000","디지털구독: 5개 영역 디지털 구독 가맹점 정기결제 이용 시 결제일 할인
할인: 서비스 대상 정기결제 자동이체 시 결제일 할인
생활: 서비스 대상 배달앱/생활편의 가맹점 이용 시 결제일 할인
유의사항: 꼭 확인하세요!"
2454,트리플카드,한패스,,"10,000","국내외가맹점: 쓸 때마다 무조건 캐시백 해외 3%, 국내 0.3% 지급
캐시백: 국내·외 상관없이 해외 가맹점이면 결제는 3% 즉시 캐시백
무실적: 실적 조건 NO! 결제한 금액만큼 즉시 혜택 제공
해외: ATM 출금 수수료 무료 혜택
교통: 핸드폰으로 간편하게 충전 가능한 교통카드
프리미엄 서비스: 마스터카드 플래티넘 혜택
선택형: 3/3/3 혜택을 담은 디자인으로 탄생한 한패스 Triple Card"
2455,카카오뱅크 우리카드,우리카드,"12,000","12,000","기타: 카카오톡 선물하기 50% 할인
카카오페이: 카카오페이 결제 10% 할인
유의사항: 꼭 확인하세요!"
2456,토스뱅크 모임카드,토스뱅크,,,"생활: 우리 모임에 꼭 필요한 혜택만 담았어요
에피소드 3 : 2025.2.1~2025.7.31
선택형: 취향대로 골라쓰는 카드
유의사항: 꼭 확인하세요!"
2457,캐롯손해보험 롯데카드,롯데카드,"20,000","20,000","보험사: 캐롯손해보험료 최대 15,000원 결제일 할인
멤버십포인트: L.POINT 안내
유의사항: 꼭 확인하세요!"
2458,BC 바로 에어 플러스 스카이패스,BC 바로카드,"19,000","19,000","대한항공: 대한항공 마일리지 기본적립
1천원당 1스카이패스 마일리지
대한항공: 대한항공 마일리지 보너스 적립: 1백만원당 200스카이패스 마일리지
무이자할부: 무이자할부 서비스
전국 모든 가맹점 2~3개월
프리미엄 서비스: MasterCard Platinum/ VISA Platinum 기본 서비스
유의사항: 꼭 확인하세요!"
2459,삼성 iD NOMAD 카드,삼성카드,"47,000","49,000","프리미엄 서비스: GIFT 기프트 서비스
적립: REWARD 국내외 가맹점 2%/1%/0.5% 빅포인트 적립
디지털구독: 디지털콘텐츠/멤버십 50% 할인
영화: 영화 5,000원 할인
패스트푸드: 쉐이크쉑/써브웨이 30% 할인
프리미엄 서비스: 국제브랜드 서비스(해외겸용카드 전용)
유의사항: 꼭 확인하세요!"
2460,THE iD. PLATINUM(포인트),삼성카드,"215,000","220,000","바우처: [GIFT] 5가지 기프트 중에서 매년 1가지를 선택
적립: [REWARD] 국내 가맹점 1%, 생활 편의 영역 1.2%, 특별 가맹점 1.5% 빅포인트 적립
디지털구독: [DAILY LIFESTYLE] 디지털콘텐츠 50% 할인
카페: [DAILY LIFESTYLE] 스타벅스 3,000원 할인
공항라운지: [PREMIUM LIFESTYLE] 공항 라운지 서비스(The Lounge)
선택형: [SPECIAL PLATE] 특수 소재 카드
프리미엄 서비스: 국제브랜드 서비스(해외겸용카드 전용)
유의사항: 꼭 확인하세요!"
2461,THE iD. TITANIUM(포인트),삼성카드,"695,000","700,000","바우처: [GIFT] 5가지 기프트 중에서 매년 2가지를 선택
적립: [REWARD] 국내 가맹점 1.2%, 생활 편의 영역 1.5%
생활: [PREMIUM LIFESTYLE] 라이프스타일 50,000원 할인
공항라운지: [PREMIUM LIFESTYLE] 공항 라운지 서비스(THE Lounge)
프리미엄 서비스: 국제브랜드 서비스(해외겸용카드 전용)
선택형: [SPECIAL PLATE] 특수 소재 카드
유의사항: 꼭 확인하세요!"
2462,신세계 푸빌라 BC바로카드,BC 바로카드,"10,000","12,000","모든가맹점: 기본 할인 (실적, 한도 제한 없음)
국내 가맹점 0.7% 할인
쇼핑: 특별 할인 (실적, 한도 제한 없음)
신세계백화점, SSGPAY 1.7% 할인
해외이용: 특별 할인 (실적, 한도 제한 없음)
해외 가맹점 1.7% 청구 할인
기타: 특별 할인 (실적, 한도 제한 없음)
신세계백화점 아카데미 2.7% 할인
무이자할부: 국내 전 가맹점 2~3개월 무이자 할부
프리미엄 서비스: 국제 브랜드 서비스
VISA / MasterCard Platinum 기본 서비스
유의사항: 꼭 확인하세요!"
2463,LOCA Mobility 반띵 카드,롯데카드,"17,000","17,000","대중교통: 대중교통 50% 할인
카페: 커피 50% 할인
헤어: 미용실 50% 할인
온라인쇼핑: 온라인쇼핑 50% 할인
디지털구독: 스트리밍 서비스 50% 할인
멤버십 서비스 50% 할인
교통: LOCA Mobility 반띵 카드 발급 시, '로카모빌리티카드' 1매 무료 제공
유의사항: 꼭 확인하세요!"
2464,zgm.휴가중카드,NH농협카드,"25,000","25,000","해외: 해외 이용액 2~5% NH포인트 적립
모든가맹점: 국내 이용액 0.5% NH포인트 기본적립
적립: 항공권, 면세점 업종 0.5% NH포인트 추가적립
호텔: 호텔스닷컴 이용 시 20% 즉시할인(월 이용 한도 4회)
공항라운지: 전 세계 공항 라운지 무료 이용(The lounge / 더 라운지)
보험사: 여행자보험 무료 가입
프리미엄 서비스: MASTERCARD TITANUM / PLATINUM PREMIUM SERVICES
선택형: 플레이트 디자인 선택가능
유의사항: 꼭 확인하세요!"
2465,신세계 the Mile 하나카드,하나카드,,"35,000","아시아나항공: 아시아나항공 마일리지 적립 서비스
백화점: 신세계백화점 제휴 서비스
면세점: 신세계면세점 멤버십 우대 서비스
유의사항: 꼭 확인하세요!"
2466,이디야 하나카드,하나카드,,"15,000","카페: 이디야 멤버스 음료쿠폰 제공
카페: 이디야커피 청구할인
디지털구독: 디지털 구독 30% 청구할인
교통: 교통 5% 청구할인
선택형: 다양한 플레이트 선택 가능
유의사항: 꼭 확인하세요!"
2467,신한카드 알뜰More(알뜰모아),신한카드,"20,000","23,000","통신: 알뜰폰 통신요금 월최대 1만 5천원 할인
유의사항: 꼭 확인하세요!"
2468,KMVNO 알뜰폰 카드,KB국민카드,"15,000","15,000","통신: KMVNO 알뜰폰
통신요금 자동이체 할인 서비스
유의사항: 꼭 확인하세요!"
2469,나무 롯데카드,롯데카드,"20,000","20,000","국내외가맹점: 국내외가맹점 최대 1% 캐시백
대중교통: [라이프 캐시백]
대중교통(버스, 지하철) 50% 캐시백
카페: [라이프 캐시백]
커피(스타벅스 사이렌 오더) 50% 캐시백
디지털구독: [라이프 캐시백]
스트리밍(넷플릭스, 디즈니 +, CGV) 30% 캐시백
프리미엄 서비스: Platinum Service
선택형: 원하는 디자인 선택 가능
유의사항: 꼭 확인하세요!"
2470,TRADERS CLUB 삼성카드,삼성카드,"15,000","15,000","대형마트: 트레이더스 홀세일 클럽 1/3/5% TR CASH 적립
생활: 생활 편의 영역 1/2% TR CASH 적립
백화점: 신세계포인트 적립 서비스
선택형: 카드플레이트 선택 가능"
2471,신한카드 Way 체크(최고심),신한카드,,,"대중교통: 대중교통(버스/지하철) 이용 시 최대 5% 적립
생활: 생활편의영역 이용 시 최대 2% 적립
해외: 해외 이용금액에 대해 1.3% 적립
선택형: 카드플레이트 선택 가능
유의사항: 꼭 확인하세요!"
2472,SKT-현대카드M Edition3(라이트할부형2.0),현대카드,"20,000","20,000","SKT: SKT 라이트할부 이용 시 최대 2만 5천원 할인 혜택
적립: 국내외 가맹점에서 0.5~3% M포인트 적립
적립: 현대자동차·기아 신차 구매 시 1.5% 적립
GS칼텍스 주유 시 리터당 60 M포인트 적립
적립: 온라인쇼핑 결제 시 M포인트 추가 적립
M포인트 신차구매통장 통장포인트 월 2% 적립받아 신차 구매 시 사용
유의사항: 꼭 확인하세요!"
2473,MY RENTAL+ 롯데카드,롯데카드,"15,000","18,000","렌탈 : 롯데렌탈 월 대여료 5,000~30,000원 결제일 할인
주유: 모든 주유소(LPG 포함) 5% 및 전기차 충전 50% 결제일 할인
자동차: 카카오 대리운전 2,000원 결제일 할인
그린카 및 세차클링 이용료 10% 결제일 할인
유의사항: 꼭 확인하세요!"
2474,T-economy KB국민카드,KB국민카드,"15,000","15,000","SKT: SKT 통신요금 자동이체 시 전월 실적에 따라 청구 할인
유의사항: 꼭 확인하세요!"
2475,하나로 전자카드 메가캐쉬백 더드림 체크카드,하나카드,,,"캐시백: 생활 밀착 업종 사용금액 2만원당 200원 캐쉬백
그외 업종 사용금액 2만원당 100원 캐쉬백
기타: G마켓/옥션 결제시 2만원당 400마일리지 적립, G마켓 SVIP+옥션 VIP 서비스
CU편의점 결제시 CU 포인트 2% 적립 ＋OK캐쉬백 1% 동시적립
금융: KEB하나은행 자동화기기(CD/ATM) 수수료 월 10회 면제
해외: 해외에서 ATM 사용 및 물품구매 가능
유의사항: 꼭 확인하세요!"
2476,NU AUTO 우리카드,우리카드,"20,000","20,000","자동차: 우리카드 자동차할부 이용고객 월 납부금 청구할인
주유: 주유(LPG 충전)/전기차 충전 청구할인
기타: 주차장 5천원 이상 결제 건당 1천원 할인
하이패스: 후불 하이패스카드 이용금액 1천원 할인
유의사항: 꼭 확인하세요!"
2477,T나는혜택 삼성카드,삼성카드,"20,000","20,000","SKT: SKT 대상 단말기 구매 시 24개월 라이트할부 제공
SKT: 통신요금 월 7,000원~16,000원 결제일할인"
2478,신한카드 FANtastic S 체크(DRX),신한카드,,,"간편결제: 간편결제(신한플레이) 15% 캐시백
소셜커머스: 소셜커머스(쿠팡,티몬) 10% 캐시백
편의점: 편의점(CU) 10% 캐시백
카페: 커피(스타벅스) 10% 캐시백
해외이용: 해외 전 가맹점 이용액(온라인 포함) 1.2% 캐시백
해외인출 1건당 US $3 캐시백
프리미엄 서비스: 마스터카드 플래티늄 서비스
유의사항: 꼭 확인하세요!"
2479,제주신화월드 신한카드,신한카드,"15,000","18,000","리조트: 제주신화월드 객실 15% 할인
쇼핑: 쇼핑 10% 할인
생활: 생활 10% 할인
유의사항: 꼭 확인하세요!"
2480,수소차 충전할인 신한카드,신한카드,"20,000","23,000","충전소: 수소차 충전요금 10% 결제일 할인
자동차: 주차장 업종 10% 결제일 할인
자동차SVC(정비, 세차) 업종 10% 결제일 할인
마트/편의점: 주요 할인점 5% 결제일 할인
주요 편의점 5% 결제일 할인
배달앱: 배달의민족/쿠팡이츠/요기요/땡겨요 5% 결제일 할인
유의사항: 꼭 확인하세요!"
2481,신한 햇살론카드,신한카드,"5,000",,"쇼핑: 생활쇼핑 가맹점 7% 결제일 할인
카페/디저트: 커피전문점/제과점 10% 결제일 할인
쇼핑: 주말 복합쇼핑몰 10% 결제일 할인
주말 3대 할인점 10% 결제일 할인
유의사항: 꼭 확인하세요! "
2482,I-ALL,IBK기업은행,"14,000","15,000","모든가맹점: ALL - 국내·외 가맹점 0.5% 할인
생활: LIVING - 1%~1.5% 할인
온라인쇼핑, 홈쇼핑, 배달앱, 대형마트, 커피, 편의점, 교통, 주유/충전, 통신, 반려동물
디지털구독: MEMBERSHIP - 5%~7% 할인
유의사항: 꼭 확인하세요!"
2483,IBK DC히어로즈 카드(신용),IBK기업은행,"10,000","12,000","생활: 6대 생활영역 이용금액 1% 기본캐시백
음식점, 온라인쇼핑, 대형마트·편의점, 통신비, 병원비, 교통
유의사항: 꼭 확인하세요!"
2484,kt SUPER+ 카드,BC 바로카드,"15,000","17,000","KT: kt 통신요금 청구할인
전월실적 별 월 최대 25,000원 할인
주유소: SK 주유소 1% 청구할인
프리미엄 서비스: 국제 브랜드 서비스
VISA Young Premium 서비스
유의사항: 꼭 확인하세요!"
2485,kt SUPER 카드,BC 바로카드,"25,000","27,000","KT: kt 통신요금 청구할인
전월실적 별 월 최대 18,000원 할인
주유소: SK 주유소 1% 청구할인
프리미엄 서비스: 국제 브랜드 서비스
VISA Young Premium 서비스
유의사항: 꼭 확인하세요!"
2486,LFmall 신용카드,KB국민카드,"15,000","15,000","쇼핑: LFmall (lfmall.co.kr) 이용 시 5% 청구할인
모든가맹점: 국내외 가맹점 이용 시 0.5% 포인트리 적립
선택형: 원하는 플레이트 선택 가능
유의사항: 꼭 확인하세요!"
2487,CGV 우리카드,우리카드,"20,000","20,000","영화: CGV 영화관람권 1매 무료 예매, CGV 영화관람권 5천원 할인
CGV 매점 콤보 할인
적립: 모아포인트 이용금액의 5% ~ 0.5% 적립
선택형: 원하는 플레이트 선택 가능
유의사항: 꼭 확인하세요!"
2488,베베쿡 신한카드,신한카드,"15,000","15,000","기타: 베베쿡 10% 할인
쇼핑: 일상생활 쇼핑 할 때에도 5% 결제일 할인
할인점/백화점/창고형 할인매장/신선식품 배송
쇼핑: 주요 커피점, 잡화, 온라인서점 쇼핑할 때에도 5% 결제일 할인
유의사항: 꼭 확인하세요!"
2489,K-FIRST (모바일전용),BC 바로카드,,"5,000","모든가맹점: 전 가맹점 1% 할인
생활: 생활 편의 업종 0.5% 추가 할인
쇼핑: 페이북 쇼핑 5% 할인
여행/숙박: 비씨투어 멤버스 서비스 무료 가입
유의사항: 꼭 확인하세요!"
2490,나무 NH농협카드,NH농협카드,"15,000","15,000","캐시백: 나무증권 스마트 캐시백
캐시백: 나무멤버스 월 이용료 캐시백
공항라운지: 국제공항 라운지 무료이용
선택형: 원하는 플레이트 디자인 선택 가능
유의사항: 꼭 확인하세요!"
2491,신한카드 플리(산리오캐릭터즈),신한카드,"15,000","18,000","모든가맹점: [Daily 결제일 할인] 국내 이용금액 최대 0.9% / 해외 이용금액 0.5% 결제일 할인
기타: [Weekly 할인 쿠폰] 매주 1회 국내 이용 할인 쿠폰 제공
적립: [Monthly 단골 적립] My Pick 가맹점 월 3, 6, 9번째 이용 건에 대해 마이신한포인트 1,000원 적립
선택형: 카드 플레이트 선택 가능
유의사항: 꼭 확인하세요!"
2492,신한카드 플리 체크(산리오캐릭터즈),신한카드,,,"모든가맹점: [Daily 할인] 국내 이용금액 최대 0.3% 할인, 해외 이용금액 0.2% 할인
기타: [Weekly 할인 쿠폰] 매월 2회 국내 이용 할인 쿠폰 제공
적립: [Monthly 단골 적립] My Pick 가맹점 월 3, 6, 9번째 이용 건에 대해 마이신한포인트 1,000포인트 적립
선택형: 카드 플레이트 선택 가능
유의사항: 꼭 확인하세요!"
2493,zgm.rounding카드,NH농협카드,"23,000","25,000","골프: 골프장·골프연습장·스크린골프 5% 청구할인
골프: 쇼골프 연습장 일 타석권 50% 청구할인
골프: 홀인원 축하금 100만원 제공
카페: 커피전문점 10% 청구할인
공항라운지: 국내 국제공항 라운지 연 2회 무료이용
프리미엄 서비스: MASTERCARD TITANIUM / PLATINUM PREMIUM SERVICES
선택형: 플레이트 디자인 선택가능
유의사항: 꼭 확인하세요!"
2494,H.Point 우리카드,우리카드,"15,000","15,000","멤버십포인트: 현대 백화점·아울렛·홈쇼핑·면세점에서 H.Point 5% 적립
특별적립 대상 가맹점 장기할부(24/36개월) 서비스 제공
적립: 실적·한도 제한 없이 0.5% ""H.Point"" 적립
공항라운지: 국내외 공항 라운지 월 1회, 연 2회 무료 이용
유의사항: 꼭 확인하세요!"
2495,신세계 The BLOSSOM 신한카드,신한카드,"45,000","48,000","백화점: 신세계백화점 최대 7% 할인, 마이신한포인트 1% 적립
쇼핑: 신세계 계열사 5% 할인
생활: 커피·배달앱·온라인서점·잡화 5% 할인
멤버십포인트: 신세계 멤버십 혜택 제공
프리미엄: Platinum 서비스
선택형: 플레이트 디자인 선택가능
유의사항: 꼭 확인하세요!"
2496,신세계사이먼 프리미엄 아울렛 신한카드,신한카드,"20,000","23,000","아울렛: 신세계사이먼 프리미엄 아울렛 10% 할인
쇼핑: 신세계 계열사 7% 할인
주유소: GS칼텍스, S-OIL 리터 당 40원 할인
멤버십포인트: 신세계 멤버십 혜택
유의사항: 꼭 확인하세요!"
2497,LG BEST SHOP 486 신한카드,신한카드,"22,000","25,000","기타: LG 전자 베스트샵 매장에서 할부 수수료 혜택
기타: 할부 이용 시 월 11,000원 캐시백
유의사항: 꼭 확인하세요!"
2501,부자되세요 The Oil 카드,BC 바로카드,,"5,000","주유소: [주유 할인 서비스] GS칼텍스 리터당 최대 150원 할인
온라인쇼핑: [생활 할인 서비스] 온라인쇼핑 10% 청구할인
백화점: [생활 할인 서비스] 백화점업종 5% 청구할인
대형마트: [생활 할인 서비스] 대형마트 5% 청구할인
패밀리레스토랑: [생활 할인 서비스] 패밀리레스토랑 20% 청구할인
카페: [생활 할인 서비스] 커피 전문점 10% 청구할인
대중교통: [생활 할인 서비스] 대중교통 10% 할인
보험사: 삼성화재 Travel Master 보험 서비스 무료 제공
유의사항: 꼭 확인하세요!"
2502,UPTURN카드,BC 바로카드,,"7,000","KT: KT이동통신요금 최대 월 14,000원 할인
온라인쇼핑: 모바일 결제 5% 할인
주유소: GS칼텍스 리터당 60원 할인
편의점: 전국 주요 편의점 10% 할인
영화: 영화 인터넷 예매 시 1,500원 할인
패밀리레스토랑: 전국 주요 외식업체 10% 할인
기타: Olleh club 멤버십 별 최대 10만개 적립
무이자할부: 전국 대형할인점, 백화점에서 최대 3개월 무이자
렌터카: 롯데렌터카(구. 금호렌터카) 35% 할인
유의사항: 꼭 확인하세요!"
2503,키자니아 에듀카드,BC 바로카드,"12,000","15,000","교육/육아: 전국 모든 학원 및 유치원 10% 할인
주유: 전국 모든 주유소 최대 60원 할인
테마파크: 키자니아 무료입장 세트권(대인+소인) 무료제공
무이자할부: 전국 모든 백화점, 할인점, 자동차판매, 의류, 학원, 레져업소, 레져용품, 학원 업종에서 2~3개월 무이자할부
테마파크: 키자니아 및 전국 주요 테마파크 무료입장 또는 최대 50% 할인
영화: 전국 주요 영화관 3천원 할인
패밀리레스토랑: 전국 주요 외식업체 10% 할인
베이커리: 전국 주요 베이커리 10% 할인
통신: 이동통신요금 3% 할인
기타: 유아~고등학생 대상 진단테스트, 교육전문가 1:1온라인 맞춤형 상담 무료제공
유의사항: 꼭 확인하세요!"
2504,팟(pod) 카드,BNK부산은행,"10,000","15,000","간편결제: 네이버페이·카카오페이·삼성페이 결제 시, 10% 할인
편의점: GS25, CU, 세븐일레븐, 이마트24에서 10% 할인
카페: 스타벅스(사이렌오더 포함) 10% 할인
생활: 인생네컷 10% 할인
테마파크: 에버랜드, 롯데월드, 통도환타지아, 경주월드, 이월드 자유이용권 50% 현장할인
디지털구독: 넷플릭스, 멜론, 유튜브프리미엄, 디즈니플러스 30% 할인
생활: 카카오웹툰, 카카오페이지, 네이버웹툰 10% 할인
온라인쇼핑: 무신사, 에이블리, 지그재그, 마켓컬리, SSG, 쿠팡, G마켓, 옥션, 11번가 10% 할인
배달앱: 요기요, 배달의 민족 10% 할인
유의사항: 꼭 확인하세요!"
2505,오늘은e 신용카드,BNK부산은행,"7,000","10,000","간편결제: PAYCO, 삼성페이, 네이버페이, 카카오페이, 썸패스 5% 청구할인
학원: [생활 할인 서비스] 전국 모든 학원업종 5% 청구할인
통신: [생활 할인 서비스] 휴대폰 요금 5% 청구할인
카페: [생활 할인 서비스] 스타벅스 5% 청구할인
대중교통: [생활 할인 서비스] 버스, 지하철, 택시 요금 5% 청구할인
영화: [생활 할인 서비스] 롯데시네마 5% 청구할인
유의사항: 꼭 확인하세요!"
2506,오늘은e 체크카드,BNK부산은행,,,"간편결제: PAYCO, 삼성페이, 네이버페이, 카카오페이, 썸패스 3% 청구할인
학원: 전국 모든 학원업종 3% 청구할인
통신: 휴대폰 요금 3% 청구할인
카페: 스타벅스 3% 청구할인
교통: 버스, 지하철, 택시요금 3% 청구할인
영화: 롯데시네마 3% 청구할인
유의사항: 꼭 확인하세요!"
2507,2030 언택트 체크카드,BNK부산은행,,,"카페: 스타벅스 최대 3,000원 할인
배달앱: 배달의 민족, 요기요 최대 3,000원 할인
온라인쇼핑: 쿠팡, 마켓컬리, SSG닷컴 최대 3,000원 할인
디지털구독: 넷플릭스, 유튜브프리미엄, 멜론 20% 청구할인
유의사항: 꼭 확인하세요!"
2508,올유닛 체크카드,MG새마을금고,,,"통신: SKT, KT, LG U+ 결제 시 이용금액의 1% 할인 캐시백
레저/스포츠: 골프(연습)장, 스크린골프, 스키장, 볼링장, 테니스장, 수영장, 헬스클럽 결제 시 이용금액의 1% 할인 캐시백
병원/약국:  종합병원, 병/의원, 한의원, 치과, 약국 업종 결제 시 이용금액의 1% 할인 캐시백
캐시백: 최대이용영역 1% 할인
수수료우대: 해외이용 수수료 면제
유의사항: 꼭 확인하세요!"
2509,에어머니 체크카드,MG새마을금고,,,"멤버십포인트: 국내 가맹점 이용금액의 0.3% Air Money 적립
여행/숙박: 숙박, 면세점, 관광여행, 레저업소 업종 이용 시 3,000원 Air Money 특별적립
카페: 스타벅스, 투썸플레이스, 커피빈 결제 시 500원 Air Money 특별적립
공항라운지: 국내 공항라운지 무료이용
해외이용: 해외 가맹점 이용(결제)금액의 1% Air Money 적립
수수료우대: 해외이용 수수료 면제
유의사항: 꼭 확인하세요!"
2510,미타임 체크카드,MG새마을금고,,,"쇼핑: 쇼핑 대상가맹점 결제 시 2,000원 할인
드럭스토어: H&B스토어, 뷰티업종 결제 시 1,000원 할인
카페: 스타벅스, 투썸플레이스, 커피빈, 이디야 결제 시 500원 할인
수수료우대: 해외이용 수수료 면제
캐시백: 더블혜택 서비스
유의사항: 꼭 확인하세요!"
2511,신한카드 봄,신한카드,"17,000","20,000","캐시백: 국내외 이용금액 최대 0.5% 캐시백
대중교통: 버스/지하철 후불교통 이용금액 캐시백
디지털구독: 디지털 구독 이용금액 월 최대 1만원 캐시백
유의사항: 꼭 확인하세요!"
2512,신한카드 봄(체크),신한카드,,,"캐시백: 국내외 이용금액 월 최대 0.3% 캐시백
대중교통: 버스/지하철 후불교통 이용금액 캐시백
유의사항: 꼭 확인하세요!"
2513,zgm.고향으로카드,NH농협카드,"12,000","12,000","멤버십포인트: [고향사랑 기본 서비스] 국내/해외 이용가맹점 0.7% NH포인트 적립
멤버십포인트: [고향사랑 기본 서비스] 주말 국내 이용가맹점 0.3% NH포인트 추가적립
멤버십포인트: [고향사랑 우대 서비스] 주말 기부지역 광역시·도 가맹점 및 전국 농협판매장/농협운영 주유소 0.7% NH포인트 추가적립
유의사항: 꼭 확인하세요!"
2514,미래에셋 현대카드 Silver,현대카드,"30,000","30,000","멤버십포인트: 스탁마일리지 2X-특별적립
멤버십포인트: 스탁마일리지 1X-기본적립
기타: 미래에셋증권 서비스등급 혜택
선택형: 플레이트 2종 선택
유의사항: 꼭 확인하세요!"
2515,미래에셋 현대카드 Gold,현대카드,"150,000","150,000","멤버십포인트: 스탁마일리지 3X-특별적립
멤버십포인트: 스탁마일리지 2X-특별적립
멤버십포인트: 스탁마일리지 1X-기본적립
기타: 미래에셋증권 서비스등급 혜택
바우처: 투자/쇼핑/호텔/골프 바우처 중 택1 10만원 상당 바우처 제공 (연 1회)
프리미엄 서비스: 미래에셋 현대카드 Gold 회원만을 위한 프리미엄 서비스
프리미엄 서비스: VISA 프리미엄 서비스
선택형: 플레이트 3종 선택
유의사항: 꼭 확인하세요!"
2516,미래에셋 현대카드 Diamond,현대카드,"500,000","500,000","멤버십포인트: 스탁마일리지 5X-특별적립
멤버십포인트: 스탁마일리지 3X-특별적립
멤버십포인트: 스탁마일리지 1X-기본적립
기타: 미래에셋증권 서비스등급 혜택
바우처: 투자/쇼핑/호텔/골프 바우처 중 택3, 30만원 상당 바우처 제공 (연 1회)
프리미엄 서비스: 미래에셋 현대카드 Diamond 회원만을 위한 프리미엄 서비스
프리미엄 서비스: VISA 프리미엄 서비스
선택형: 플레이트 3종 선택
유의사항: 꼭 확인하세요!"
2517,네이버웹툰 삼성 iD 카드,삼성카드,"10,000","10,000","디지털구독: 네이버 디지털콘텐츠/네이버플러스 멤버십 50% 네이버페이 포인트 적립
네이버페이: 네이버페이로 결제 시 국내 가맹점 1% 네이버페이 포인트 적립
네이버페이: 배달앱/커피전문점 5% 네이버페이 포인트 적립
온라인쇼핑: 온라인쇼핑몰 5% 네이버페이 포인트 적립
해외이용: 해외 1% 네이버페이 포인트 적립
유의사항: 꼭 확인하세요!"
2518,컬리카드,BC 바로카드,"12,000","12,000","멤버십포인트: 컬리 적립금 5% 적립
멤버십포인트: 해외 가맹점 컬리 적립금 2% 적립
멤버십포인트: 국내 가맹점 컬리 적립금 1% 적립
선택형: 플레이트 5종 선택
유의사항: 꼭 확인하세요!"
2519,개이득 체크카드,우체국,,,"할인: 국내 전 가맹점 0.3% 캐시백
디지털구독: OTT 30% 캐시백
온라인쇼핑: 패션 30% 캐시백
디지털구독: 멤버십 30% 캐시백
유의사항: 꼭 확인하세요!"
2521,NOL 카드,현대카드,"20,000","20,000","멤버십포인트: 야놀자·인터파크(투어/티켓)·트리플 NOL 포인트 10% 적립
멤버십포인트: 커피전문점·편의점·디지털 콘텐츠 서비스 NOL 포인트 10% 적립
멤버십포인트: 쇼핑·영화·골프·대중교통 NOL 포인트 10% 적립
멤버십포인트: 해외 가맹점 NOL 포인트 10% 적립
프리미엄 서비스: VISA/AMEX 플래티넘 서비스
선택형: 플레이트 6종 선택
유의사항: 꼭 확인하세요!"
2522,KT NU우리카드,우리카드,"20,000","20,000","KT: KT 통신서비스 요금 청구할인
KT: KT 단말기 장기할부 서비스
유의사항: 꼭 확인하세요!"
2523,LG U+ 우리카드,우리카드,"10,000","15,000","LGU+: LG U+ 유무선 통신요금 할인
패밀리레스토랑: 패밀리레스토랑 10% 청구할인
카페: 커피 20% 청구할인
영화: 전국 영화관 3천원 청구할인
테마파크: 주요 놀이공원 자유이용권 50% 현장할인
유의사항: 꼭 확인하세요!"
2524,건담 신한카드,신한카드,"15,000","18,000","쇼핑: 건담베이스KR 직영점 10% 할인
생활: [Young Life 할인] 영화·요식·택시 할인
생활: [Trendy 할인] 쇼핑·다이닝·몰링 할인
선택형: 플레이트 2종 선택
유의사항: 꼭 확인하세요!"
2525,만나 우리카드,우리카드,"12,000","12,000","주유소: [Daily 할인] 주유 리터당 60~100원 청구할인
대중교통: [Daily 할인] 대중교통 10% 청구할인
카페: [Daily 할인] 커피 10% 청구할인
할인: [Simple 할인] 국내 가맹점 1.0%~0.7% 청구할인
유의사항: 꼭 확인하세요!"
2526,LG트윈스 신한카드,신한카드,,"10,000","경기관람: LG트윈스 입장권 할인
쇼핑: LG트윈스 용품 구매 시 10% 현장 할인
영화: 전국 CGV 영화관 3,000원(2매 기준) 현장할인
테마파크: 롯데월드, 서울랜드, 에버랜드 자유이용권 50% 및 캐리비안베이 입장권 30% 할인"
2527,신한카드 Pick I 체크,신한카드,,,"편의점: 4대 편의점 이용 시 10% 적립
카페: 커피 업종 이용 시 10% 적립
해외이용: 해외 이용금액 1% 적립
디지털구독: 디지털 구독 영역 이용 시 10% 적립
온라인쇼핑: One Pick 온라인 쇼핑몰 가맹점 최대 3천 포인트 적립
유의사항: 꼭 확인하세요!"
2528,신한카드 Pick E 체크,신한카드,,,"편의점: 4대 편의점 이용 시 10% 적립
카페: 커피 업종 이용 시 10% 적립
해외이용: 해외 이용금액 1% 적립
생활: 놀이 영역 이용 시 10% 적립
푸드: One Pick 맛집 가맹점 최대 3천 포인트 적립
유의사항: 꼭 확인하세요!"
2529,트래블로그 신용카드,하나카드,"20,000","20,000","국내외가맹점: 국내외 전 가맹점 1.0% 하나머니 적립
간편결제: 간편결제 1.0%~1.3% 하나머니 적립 
해외이용: 해외 가맹점 3% 하나머니 적립 (신용카드 결제 시)
항공권: 항공사 3% 하나머니 적립
면세점: 면세점 3% 하나머니 적립
온라인 여행사: 여행 3% 하나머니 적립
수수료우대: 해외 가맹점 이용 수수료·해외 ATM 인출 수수료 면제
선택형: 카드 플레이트 선택
유의사항: 꼭 확인하세요!"
2530,총무 체크카드,KB국민카드,,,"일반음식점: 한식, 휴게음식점 업종 5% 환급할인 (평일만)
카페: 커피음료전문점 업종 5% 환급할인 (평일만)
아이스크림: 제과아이스크림 업종 5% 환급할인 (평일만)
대중교통: 대중교통(버스, 지하철) 5% 청구할인
선택형: 카드 플레이트 선택
유의사항: 꼭 확인하세요!"
2532,신한카드 Globus,신한카드,"22,000","25,000","수수료우대: 해외 수수료 할인 서비스
멤버십포인트: 마이신한포인트 적립
프리미엄 서비스: Mastercard Platinum 서비스 제공
유의사항: 공통 유의사항"
2533,에너지 더블 카드,하나카드,"20,000","20,000","공과금: 에너지 공과금 청구할인 서비스
생활: 일상생활 청구할인 서비스
무이자할부: 2~3개월 무이자 할부 서비스
유의사항: 꼭 확인하세요!"
2534,삼성 iD VITA 카드,삼성카드,"20,000","20,000","병원/약국: 의료 20% 결제일 할인
보험사: 보험 10% 결제일 할인
뷰티/피트니스: 헬스/뷰티 20% 결제일 할인
대형마트: 할인점 10% 결제일 할인
할인: 이동통신/렌탈/멤버십 정기결제 시 10% 결제일 할인
해외이용: 전월 이용금액에 관계없이, 할인한도 없이 해외 1% 결제일할인
선택형: 카드 플레이트 선택
유의사항: 꼭 확인하세요!"
2535,K-22(Point),IBK기업은행,"219,000","220,000","멤버십포인트: TOP포인트 적립
바우처: 바우처서비스 (연 1회 제공, 5가지 중 택 1)
프리미엄 서비스: 프리미엄 서비스
프리미엄 서비스: 특별서비스
프리미엄 서비스: 브랜드 서비스
유의사항: 꼭 확인하세요!"
2536,K-22(Mileage),IBK기업은행,"219,000","220,000","항공마일리지: 대한항공(Skypass) 마일리지 적립
바우처: 바우처서비스 (연 1회 제공, 5가지 중 택 1)
프리미엄 서비스: 프리미엄 서비스
프리미엄 서비스: 특별서비스
프리미엄 서비스: 브랜드 서비스
유의사항: 꼭 확인하세요!"
2537,LOCA for 롯데마트,롯데카드,"20,000","20,000","대형마트: 롯데마트, MAXX 월 최대 30,000원 결제일 할인
유의사항: 꼭 확인하세요!"
2538,LOCA CLASSIC 롯데마트,롯데카드,"20,000","20,000","국내외가맹점: 국내외 가맹점에서 최대 1% 할인
유의사항: 꼭 확인하세요!"
2539,MY S-OIL 삼성카드,삼성카드,"20,000","20,000","주유소: S-OIL 주유 10% 결제일할인
카페: 스타벅스 드라이브스루 30% 결제일할인
하이패스: 고속도로 통행료 10% 결제일할인
기타: 주차장/대리운전 10% 결제일 할인"
2540,HERITAGE Exclusive,KB국민카드,"2,000,000","2,000,000","멤버십포인트: 국내외 가맹점 1~3% 적립
프리미엄 서비스: Excusive 전용 쿠폰서비스1 [연 1회 제공, 4가지 중 1가지 선택]
프리미엄 서비스: Excusive 전용 쿠폰서비스2 [연 1회 제공, 2가지 중 1가지 선택]
프리미엄 서비스: Excusive 전용 특별 서비스
프리미엄 서비스: Visa Infinite 서비스
유의사항: 꼭 확인하세요!"
2541,HERITAGE Reserve(스카이패스형),KB국민카드,"800,000","800,000","대한항공: 대한항공 마일리지 적립 서비스
프리미엄 서비스: Reserve 전용혜택 쿠폰서비스 [연 1회 제공, 3가지 중 1가지 선택]
프리미엄 서비스: Reserve 전용혜택 특별서비스
프리미엄 서비스: Amex Elite & ICON 서비스
유의사항: 꼭 확인하세요!"
2542,HERITAGE Reserve(포인트형),KB국민카드,"800,000","800,000","멤버십포인트: 국내외/특정 업종 포인트리 적립
프리미엄 서비스: Reserve 전용혜택 쿠폰서비스 [연 1회 제공, 3가지 중 1가지 선택]
프리미엄 서비스: Reserve 전용혜택 특별서비스
프리미엄 서비스: Amex Elite & ICON 서비스
유의사항: 꼭 확인하세요!"
2543,신세계 THE S VIP,삼성카드,"47,000","49,000","백화점: 신세계백화점 1% 할인
국내외가맹점: 0.5% 결제일할인
기타: 교육•할인점•이동통신•병원•약국 할인
영화: 모든 영화관 10,000원 결제일할인
카페: 커피전문점 20% 결제일할인
패밀리레스토랑: VIPS•더플레이스 20,000원 결제일할인
테마파크: 놀이공원•워터파크 할인 서비스
정비: 닥터카 서비스
백화점: 신세계백화점 제휴 서비스
프리미엄 서비스: Mastercard PLATINUM 등급 서비스
경기관람: 프로스포츠 프로모션 서비스"
2544,zgm.play카드,NH농협카드,"12,000","12,000","선택형: [선택 서비스] 온라인-플레이 타입
선택형: [선택 서비스] 오프라인-플레이 타입
영화: CGV, 롯데시네마, 메가박스 5천원 청구할인
카페: 스타벅스, 투썸플레이스, 커피빈 30% 청구할인
패스트푸드: 패스트푸드업종 20% 청구할인
생활: 미용실·올리브영·CU/GS25 5% 청구할인 (H&B 편의점 통합 일 1회)
생활: 쇼핑·서점 5% 청구할인 (통합 일 1회)
유의사항: 꼭 확인하세요!"
2545,zgm.play++카드,NH농협카드,"63,000","65,000","선택형: [선택 서비스] 온라인-플레이 타입
선택형: [선택 서비스] 오프라인-플레이 타입
영화: CGV, 롯데시네마, 메가박스 5천원 청구할인
카페: 스타벅스, 투썸플레이스, 커피빈 30% 청구할인
패스트푸드: 패스트푸드업종 20% 청구할인
생활: 미용실·올리브영·CU/GS25 5% 청구할인 (H&B 편의점 통합 일 1회)
생활: 쇼핑·서점 5% 청구할인 (통합 일 1회)
프리미엄 서비스: 소노호텔앤리조트 오션월드/오션플레이/오션어드벤처/솔샘온천/스노위랜드(겨울시즌) 2인 입장교환권 1매 제공
프리미엄 서비스: 전 세계 공항라운지 무료 이용(The lounge/ 더 라운지)
유의사항: 꼭 확인하세요!"
2546,신한카드 Pick E 선불,신한카드,,,"편의점: 4대 편의점 10% 적립
카페: 커피 업종 10% 적립
생활: 놀이 영역 이용 시 10% 적립
푸드: One Pick 맛집 가맹점 최대 3천 포인트 적립
유의사항: 꼭 확인하세요!"
2547,신한카드 Pick I 선불,신한카드,,,"편의점: 4대 편의점 이용 시 10% 적립
카페: 커피 업종 이용 시 10% 적립
디지털구독: 디지털 구독 영역 이용 시 10% 적립
온라인쇼핑: One Pick 온라인 쇼핑몰 가맹점 최대 3천 포인트 적립
유의사항: 꼭 확인하세요!"
2548,e hi-pass 카드(현대차),KB국민카드,"2,000",,"하이패스: e hi-pass 카드 소개
하이패스: 후불 하이패스
멤버십포인트: 포인트리 적립/할인
유의사항: 꼭 확인하세요!"
2549,신한카드 KaPick,신한카드,"19,000","22,000","적립: 요일별 서비스영역 대상 가맹점 이용시 5% 카카오페이포인트 적립
간편결제: 토/일 카카오페이로 이용 시, 3천 카카오페이포인트 적립
적립: OTT 및 멤버십 서비스, 커피 대상가맹점 이용 시 10% 카카오페이포인트 적립
선택형: 다양한 플레이트 선택 가능
유의사항: 꼭 확인하세요!"
2550,노리2 체크카드(Play),KB국민카드,,,"카페: [일상] 스타벅스, 커피빈 10% 할인
게임: [일상] 구글플레이스토어, 앱스토어 10% 할인
공연/전시: [일상] 인터파크 티켓 10% 할인
헤어: [일상] 올리브영, 미용실 업종 5% 할인
편의점: [일상] GS25, CU 5% 할인
디지털구독: [일상] 넷플릭스, 유튜브프리미엄 1,000원 할인
배달앱: [일상] 배달의민족, 요기요 1,000원 할인
통신: [일상] SKT, KT, LG U+, Liiv M 2,500원 할인
영화: [일상] CGV 4,000원 할인
테마파크: [일상] 에버랜드, 롯데월드 15,000원 할인
게임: [Play] PC방 업종 10% 할인
패스트푸드: [Play] 패스트푸드 업종 1,000원 할인
유의사항: 꼭 확인하세요!"
2551,카드의정석 EVERY 1,우리카드,"12,000","12,000","무실적: [기본 할인] 국내외 가맹점 1% 청구할인
할인: [추가 할인] 전월실적에 따라 매월 최대 2만원 청구할인
선택형: 플레이트 2종 선택
유의사항: 꼭 확인하세요!"
2552,카드의정석 EVERY CHECK,우리카드,,,"무실적: [기본 적립] 국내외 가맹점 이용금액 0.2% 적립
적립: [추가 적립] 전월실적에 따라 최대 3천원 추가 적립
적립: [특별 적립] 4대 일상영역 중 한 곳 1만원 적립
선택형: 플레이트 3종 선택
유의사항: 꼭 확인하세요!"
2553,카드의정석 EVERY MILE SKYPASS,우리카드,"39,000","39,000","대한항공: SKYPASS 최대 2마일리지 적립
수수료우대: 해외수수료 면제
공항라운지: 국내 공항라운지 동반 1인 동시 이용 가능
유의사항: 꼭 확인하세요!"
2554,밀리언달러 하나카드,하나카드,"15,000","15,000","수수료우대: 해외수수료 면제 서비스
해외이용: 해외 가맹점 하나머니 적립
멤버십포인트: 국내 가맹점 하나머니 적립
유의사항: 꼭 확인하세요!"
2555,K-패스카드,KB국민카드,"8,000","8,000","할인: 청구 할인 서비스
유의사항: 꼭 확인하세요!"
2556,K-패스체크카드,KB국민카드,,,"적립: 포인트리 적립 서비스
유의사항: 꼭 확인하세요!"
2557,K-패스 카드,BC 바로카드,"6,000","6,000","대중교통: 대중교통(버스, 지하철) 15% 결제일 할인
디지털구독: OTT/스트리밍 15% 결제일 할인
통신: 이동통신요금 5% 결제일 할인
편의점: 편의점 5% 결제일 할인
카페: 카페 5% 결제일 할인
해외이용: 해외 3% 결제일 할인
유의사항: 꼭 확인하세요!"
2558,K-패스 삼성카드,삼성카드,"10,000","10,000","교통: 대중교통 10% 결제일 할인
카페: 커피전문점 20% 결제일 할인
디지털구독: 디지털콘텐츠/멤버십 정기결제 시 20% 결제일 할인
온라인쇼핑: 온라인쇼핑 3% 결제일 할인
선택형: 특수 소재 카드
교통: K-패스 마일리지
유의사항: 꼭 확인하세요!"
2559,K-패스 (신용),IBK기업은행,"2,000","4,000","대중교통: [교통특화 서비스] 대중교통 최대 300원 할인
교통: [교통특화 서비스] 일반교통 5% 할인
주유소: [생활 서비스] 주유 리터당 40원 할인
통신: [생활 서비스] 통신 3% 할인
패밀리레스토랑: [생활 서비스] 외식 10% 할인
영화: [생활 서비스] 영화 2천원 할인
무이자할부: [생활 서비스] 무이자 할부 2~3개월
테마파크: [생활 서비스] 놀이공원 본인 무료입장 또는 자유이용권 최대 50% 할인
수수료우대: [특별우대 서비스] 환전 우대 환율 50% 우대
보험사: [특별우대 서비스] 보험 1천만원 대중교통 상해보험 무료가입
유의사항: 꼭 확인하세요!"
2560,K-패스카드(신용),NH농협카드,"13,000","15,000","교통: [모빌리티 서비스] 버스/지하철/택시/철도/렌터카/카쉐어링/전기차 충전 10% 청구할인
통신: [라이프 서비스①] 이동통신요금/오픈마켓/배달앱/스포츠/H&B 5% 청구할인
카페: [라이프 서비스②]커피전문점/편의점 10% 청구할인
유의사항: 꼭 확인하세요!"
2561,K-패스카드(체크),NH농협카드,,,"교통: [모빌리티 서비스] 버스/지하철 10% 캐시백, 렌터카/카쉐어링/전기차 충전 5% 캐시백
통신: [라이프 서비스] 이동통신요금/커피전문점/편의점 5% 캐시백
유의사항: 꼭 확인하세요!"
2562,K-패스(체크),IBK기업은행,,,"대중교통: 대중교통 건당 100원 할인
카페: 커피 10% 할인
온라인쇼핑: 쇼핑 10% 할인
편의점: 편의점 5% 할인
영화: 영화 4천원 할인
테마파크: 놀이공원 본인 무료입장 또는 자유이용권 최대 50% 할인
금융: 금융우대서비스
유의사항: 꼭 확인하세요!"
2563,K-패스 삼성체크카드,삼성카드,,,"대중교통: 대중교통 10% 캐시백
통신: 이동통신 10% 캐시백
편의점: 편의점/커피전문점/제과 1,000원 캐시벡
영화: CGV 3,000원 할인
대중교통: K-패스 마일리지
유의사항: 꼭 확인하세요!"
2564,[광주] K-그린카드v2,광주은행,"10,000","12,000","온라인쇼핑: 온라인 업종 5% 에코머니 포인트 적립
통신: 통신요금(SKT, KT, LG U+) 자동이체시 5% 에코머니 포인트 적립
대중교통: 버스, 지하철 10% 에코머니 포인트 적립
교통: KTX, 고속버스 5% 에코머니 포인트 적립
카페: 스타벅스, 엔젤리너스, 이디야, 투썸플레이스, 메가커피, 5% 에코머니 포인트 적립
영화: CGV, 롯데시네마, 메가박스 2,000점 에코머니 포인트 적립
모든가맹점: 국내 전 가맹점 0.3% 에코머니 포인트 적립
유의사항: 꼭 확인하세요!"
2565,I-PET,IBK기업은행,"18,000","19,000","애완동물: 동물병원/반려동물업종 30% 할인
애완동물: 반려동물사진관 30% 할인
온라인쇼핑: 온라인쇼핑 10% 할인
카페: 커피 10% 할인
대형마트: 대형마트 5% 할인
편의점: 편의점 5% 할인
유의사항: 꼭 확인하세요!"
2566,Trip to 로카,롯데카드,"20,000","20,000","모든가맹점: 국내 가맹점 1.2% 결제일 할인
해외: 해외 가맹점 2.0% 결제일 할인
유의사항: 꼭 확인하세요!"
2567,우리동네GS 삼성카드,삼성카드,"15,000","15,000","편의점: GS25 1%/5%/10% 결제일 할인
SSM: GS THE FRESH 1%/5%/10% 결제일 할인
멤버십포인트: GS리테일 POP서비스
카페: 커피전문점/배달앱 10% 결제일할인
디지털구독: 디지털콘텐츠 30% 결제일 할인
해외: 해외 1% 결제일 할인
선택형: 플레이트 선택"
2568,TMAP & LOGI 행복 체크카드,KB국민카드,,,"대중교통: 버스·지하철 10% 청구할인
통신: 이동통신요금 5% 환급할인
영화: CGV 35% 환급할인
패밀리레스토랑: 아웃백, VIPS 20% 환급할인
카페: 스타벅스 20% 환급할인
테마파크: 에버랜드·롯데월드 50% 환급할인
금융: 금융수수료 면제 서비스
편의점: GS25 5% 환급할인
도서: 교보문고 5% 환급할인
유의사항: 꼭 확인하세요!"
2569,트래블월렛 우리카드,우리카드,"20,000","20,000","적립: 트래블 포인트 적립 포인트
수수료우대: 해외 이용 수수료 면제 서비스
유의사항: 꼭 확인하세요!"
2570,카드의정석 오하CHECK,우리카드,,,"온라인쇼핑: [오늘 하루 SHOPPING] 온라인 쇼핑  5% 캐시백
간편결제: [오늘 하루 SHOPPING] 간편결제 5% 캐시백
생활: [오늘 하루 SHOPPING] 안경/렌즈 5% 캐시백
카페: [오늘 하루 EAT] 커피 5% 캐시백
배달앱: [오늘 하루 EAT] 배달/주문 5% 캐시백
대중교통: [오늘 하루 LIFE] 대중교통(버스/지하철) 5% 캐시백
통신: [오늘 하루 LIFE] 이동통신 5% 캐시백
해외: [오늘 하루 LIFE] 해외 5% 캐시백
생활: [오늘 하루 LIFE] 어학시험 5% 캐시백
디지털구독: [오늘 하루 PLAY] OTT 5% 캐시백
공연/전시: [오늘 하루 PLAY] 공연티켓 5% 캐시백
유의사항: 꼭 확인하세요!"
2571,엠베스트 엘리하이 삼성카드,삼성카드,"15,000","15,000","학원: 메가스터디교육 7,000원~12,000원 할인
생활: 생활요금 정기결제 월 최대 3,000원 할인
선택형: 플레이트 2종 선택"
2572,Mile1 하나카드,하나카드,"20,000","20,000","항공마일리지: UniMile 적립
공항라운지: [Global 서비스] 인천공항 라운지 무료 입장 및 위탁수화물 서비스
프리미엄 서비스: UPI 플래티늄 서비스
유의사항: 꼭 확인하세요!"
2582,트래블제로카드,코나카드,,"3,000","해외이용: 해외 결제 시점, 알아서 자동 환전 + 환전 수수료 면제
수수료우대: 해외 가맹점 결제 수수료 면제
해외 ATM 출금 수수료 면제
해외직구: 해외 직구도 수수료 면제
적립: 국내 온라인/오프라인 실적 상관없이 무조건 무제한 0.3% 캐시백
할인: 국내 커피빈 / CGV 실적 상관없이 무조건 즉시할인
교통: 국내 대중교통 기능 지원
유의사항: 꼭 확인하세요!"
2583,PAYCO 36 우리카드,우리카드,"15,000","15,000","멤버십포인트: PAYCO 포인트 적립 서비스
기타: PAYCO 36 우리카드 장기할부 서비스 제공
카페: 커피전문점 5% 청구할인
편의점: 편의점 5% 청구할인
유의사항: 꼭 확인하세요!"
2584,신한카드 Global+ 체크 월리를찾아라,신한카드,,,"캐시백: 국내 전가맹점 이용금액의 0.2% 캐시백
카페: 스타벅스 5% 캐시백
대중교통: 대중교통 이용금액의 2% 캐시백(버스/지하철)
해외: 해외 전가맹점(온라인 포함) 1.2% 캐시백
해외 인출 1건당 US $3 캐시백 제공
유의사항: 꼭 확인하세요!"
2585,신한카드 Way 체크(미니언즈 여름),신한카드,,,"대중교통: 대중교통(버스/지하철) 이용 시 최대 5% 적립
생활: 생활편의영역(통신·편의점·생활잡화·디지털컨텐츠·커피) 이용시 2% 적립
해외이용: 해외 이용금액에 대해 1.3% 적립
유의사항: 꼭 확인하세요!"
2586,티니 카드,롯데카드,,,"교육/육아: 용돈도 신용카드로
교통: 버스와 지하철 충전 없이 탈 수 있어요
간편결제: 어디서나 간편하게 로카페이로 결제할 수 있어요
유의사항: 꼭 확인하세요!"
2587,카드의정석 EVERY 1 (망그러진곰 Edition),우리카드,"12,000","12,000","무실적: [기본할인] 국내외 가맹점 1% 청구할인
할인: [추가 할인] 전월실적에 따라 매월 최대 2만원 청구할인
선택형: 플레이트 2종 선택
유의사항: 꼭 확인하세요!"
2588,스타플러스 체크카드,KB국민카드,,,"카페: 스타벅스, 커피빈 10% 할인
게임: 구글플레이스토어, 앱스토어 10% 할인
공연/전시: 인터파크 티켓 10% 할인
드럭스토어: 올리브영, 미용실 업종 5% 할인
편의점: GS25, CU 5% 할인
디지털구독: 넷플릭스, 유튜브프리미엄 1,000원 할인
배달앱: 배달의 민족, 요기요 1,000원 할인
통신: SKT, KT, LG U+, Liiv M 2,500원 할인
영화: CGV 4,000원 할인
테마파크: 에버랜드, 롯데월드 15,000원 할인
해외이용: 해외 가맹점 2% 할인
공항라운지: 공항라운지 더라운지멤버스
유의사항: 꼭 확인하세요!"
2589,GS Prime 신한카드 체크,신한카드,,,"쇼핑: GS리테일 점내 이용 시 GS&POINT 1% 적립
모든가맹점: 그 외 모든 가맹점 이용 시 GS&POINT 0.1% 기본 적립
유의사항: 꼭 확인하세요!"
2590,BC 바로 에어 플러스 아시아나,BC 바로카드,"19,000","19,000","아시아나항공: 아시아나클럽 마일리지 기본적립
1천원당 1.3마일리지 적립
아시아나항공: 아시아나클럽 마일리지 보너스 적립
1백만원당 300마일리지 적립
무이자할부: 무이자할부 서비스
전국 모든 가맹점 2~3개월
프리미엄 서비스: MasterCard Platinum 기본 서비스
유의사항: 꼭 확인하세요!"
2591,BC 바로 On&Off 카드,BC 바로카드,"5,000","5,000","간편결제: 온라인/간편결제 10% 결제일 할인
푸드: 음식점/커피 10% 결제일 할인
교통: 버스/지하철/택시 10% 결제일 할인
해외: 해외 10% 결제일 할인
무이자할부: 무이자할부 서비스
프리미엄 서비스: 국제 브랜드 서비스
유의사항: 꼭 확인하세요!"
2592,싱가포르항공 크리스플라이어 더 베스트 신한카드,신한카드,"247,000","250,000","항공마일리지: [웰컴기프트] 싱가포르항공 크리스플라이어(이하 KF) 1만 5천 마일리지 적립 (발급 첫해 1회)
항공마일리지: [연간기프트] 국내외 전가맹점 싱가포르항공 크리스플라이어 마일리지 적립
항공마일리지: 국내외 전가맹점 싱가포르항공 크리스플라이어 마일리지 적립 
기타: 싱가포르항공 크리스플라이어 엘리트 멤버십 제공
항공마일리지: 싱가포르항공 크리스플라이어 보너스 마일리지 적립
기타: [부스터마일즈] 이용금액 1,500원당 1크리스플라이어 마일리지 추가 적립
할인: 싱가포르항공 크리스플라이어 공제 마일리지 할인 쿠폰 제공
기타: 싱가포르항공 인천/김해공항 특별 우대
할인: 싱가포르항공 이용금액 결제일 할인
공항라운지: The Lounge 공항 라운지 무료 제공 (연 2회)
유의사항: 꼭 확인하세요!"
2593,zgm.일본여행중 카드,NH농협카드,"23,000","25,000","수수료우대: 해외결제 시 해외서비스수수료 면제
해외: 일본 오프라인 전매장 10% NH포인트 적립
온라인 여행사: 익스피디아 이용 시 객실요금 9% 즉시 할인
적립: 해외 및 국내 생활업종 NH포인트 적립
공항라운지: 전세계 공항 라운지 무료 이용(The lounge/더 라운지)
프리미엄 서비스: JCB PLATINUM PREMIUM SERVICES
유의사항: 꼭 확인하세요!"
2594,아시아나 듀얼마일리지 롯데카드,롯데카드,"43,000","45,000","아시아나항공: 특별적립처 이용 시 아시아나클럽 마일리지 더블 적립
공항라운지: 스카이허브 라운지, 마티나(인천공항 제1여객터미널) 라운지 연 1회 무료 이용
유의사항: 꼭 확인하세요!"
2595,랭킹닭컴 신용카드,KB국민카드,"15,000","15,000","쇼핑: 랭킹닭컴 20% 청구할인
골프: 골프(연습)장 최대 10% 청구할인
디지털구독: 구독서비스 10% 청구할인
유의사항: 꼭 확인하세요!"
2596,신한카드 봄(도구리),신한카드,"17,000","20,000","캐시백: 국내외 이용금액 최대 0.5% 캐시백
대중교통: 버스/지하철 후불교통 이용금액 캐시백
디지털구독: 디지털 구독 이용금액 월 최대 1만원 캐시백
유의사항: 꼭 확인하세요!"
2597,신한카드 봄 체크(도구리),신한카드,,,"캐시백: 국내외 이용금액 월 최대 0.3% 캐시백
대중교통: 버스/지하철 후불교통 이용금액 캐시백
유의사항: 꼭 확인하세요!"
2598,CJ ONE 프리즘 신한카드,신한카드,"20,000","23,000","드럭스토어: 올리브영 이용금액 10% CJ ONE 포인트 적립
푸드: 빕스/뚜레쥬르/CGV 이용금액 30% CJ ONE 포인트 적립
CJ ONE: 7대 CJ브랜드 이용금액 최대 3% CJ ONE 포인트 적립
국내외가맹점: 국내외 전가맹점(7대 CJ브랜드 제외) 최대 0.3% CJ ONE 포인트 적립
유의사항: 꼭 확인하세요!"
2599,신한카드 Pick E 체크(포켓몬스터),신한카드,,,"편의점: 4대 편의점 이용 시 10% 적립
카페: 커피 업종 이용 시 10% 적립
해외이용: 해외 이용금액 1% 적립
생활: 놀이 영역 이용 시 10% 적립
푸드: One Pick 맛집 가맹점 최대 3천 포인트 적립
유의사항: 꼭 확인하세요!"
2600,신한카드 Pick I 체크(포켓몬스터),신한카드,,,"편의점: 4대 편의점 이용 시 10% 적립
카페: 커피 업종 이용 시 10% 적립
해외이용: 해외 이용금액 1% 적립
디지털구독: 디지털 구독 영역 이용 시 10% 적립
온라인쇼핑: One Pick 온라인 쇼핑몰 가맹점 최대 3천 포인트 적립
유의사항: 꼭 확인하세요!"
2601,더나은 체크카드,MG새마을금고,,,"간편결제: 네이버페이, 카카오페이, 페이코 결제 시 이용금액의 20% 할인 캐시백
온라인쇼핑: 쿠팡, 무신사, 지그재그, W컨셉, 에이블리 결제 시 이용금액의 20% 할인 캐시백
카페: 스타벅스, 투썸플레이스, 커피빈, 메가커피, 빽다방, 컴포즈커피 결제 시 이용금액의 20% 할인 캐시백
해외이용: 해외 서비스수수료, 현금인출수수료, 예금잔액조회수수료 면제
유의사항: 꼭 확인하세요!"
2602,SPOTV NOW 신한카드 구독 좋아요,신한카드,"15,000","18,000","디지털구독: 5개 영역 디지털 구독 가맹점 정기결제 이용 시 결제일 할인
할인: 서비스 대상 정기결제 자동이체 시 결제일 할인
할인: 서비스 대상 배달앱/생활편의 가맹점 이용 시 결제일 할인
유의사항: 꼭 확인하세요!"
2603,KB차차차 신용카드,KB국민카드,"30,000","30,000","주유: 주유소(충전소 포함) 리터당 150원~300원 청구할인
자동차: 차량정비, 주차장, 세차장 업종 10% 청구할인
유의사항: 꼭 확인하세요!"
2604,토심이 첵첵 체크카드,KB국민카드,,,"대중교통: 버스·지하철 2~4천원 청구할인
편의점: CU편의점 2~4천원 환급할인
카페: 스타벅스(사이렌오더 포함) 2~4천원 환급할인
영화: CGV 2~4천원 환급할인
쇼핑: 텐바이텐 2~4천원 환급할인
간편결제: 네이버페이·카카오페이·SSG페이 2~4천원 환급할인 (온라인만)
뷰티/피트니스: 올리브영, 안경(렌즈)점 2~4천원 환급할인
도서: YES24, 교보문고 2~4천원 환급할인 (온라인만)
공연/전시: 인터파크티켓 2~4천원 환급할인 (온라인만)
유의사항: 꼭 확인하세요!"
2605,TMAP KB국민카드,KB국민카드,"15,000","15,000","자동차: 티맵 최대 50% 청구 할인
디지털구독: OTT 10% 청구 할인
주유: 주유 5% 청구 할인
푸드: 식음료 5% 청구 할인
유의사항: 꼭 확인하세요!"
2606,신한라이프 THE PRIDE 신한카드,신한카드,"15,000","18,000","보험사: 신한라이프 전용보험 우대서비스
병원: GC헬스케어 Basic 서비스
병원/약국: 의료 업종 할인
피트니스: 스포츠 및 헬스 업종 할인
생활: 생활편의 가맹점 할인
유의사항: 꼭 확인하세요!"
2607,kt DC PLUS,BC 바로카드,"12,000","12,000","KT: KT 통신요금 결제일 할인
전월실적 별 월 최대 13,000원 할인
주유소: SK주유소 결제일 할인
전월 실적 30만원 이상 시 1% 할인
프리미엄: Mastercard Platinum 등급 기본 서비스 또는 VISA Young Premium 서비스 제공
유의사항: 꼭 확인하세요!"
2608,대성학원 신한카드,신한카드,"30,000","33,000","학원: 대성학원 및 학원업종 3~5% 캐시백
주유: GS칼텍스 주유시 리터랑 40원 결제일 할인
테마파크: 테마파크 자유이용권 본인 할인
유의사항: 꼭 확인하세요!"
2609,쿠팡 와우카드,KB국민카드,"20,000","20,000","혜택 프로모션: 쿠팡, 쿠팡이츠, 쿠팡플레이 최대 4만원 적립(전월실적 조건 없음)
쿠팡 외 최대 1.2만원 적립(전월실적 조건 없음)
적립: (상품 기본 혜택) 쿠팡, 쿠팡이츠, 쿠팡플레이 2% 쿠팡캐시 적립
적립: (상품 기본 혜택) 쿠팡 외 가맹점 0.2% 쿠팡캐시 적립
유의사항: 꼭 확인하세요!"
2610,I-어디로든 그린카드,IBK기업은행,"15,000",,"멤버십포인트: 에코머니 포인트 & 그린서비스란?
충전소: 친환경 자동차 최대 40% 적립
생활: 공유 모빌리티 10% 적립
대중교통: 대중교통 10% 적립
고속버스: 일반교통 10% 적립
카페: 커피전문점 10% 적립
생활: 생활 서비스 0.2% 적립
유의사항: 꼭 확인하세요!"
2611,신한카드 Applus,신한카드,"15,000","15,000","적립: Applus포인트 기본 적립
기타: iPhone for Life 프로그램 이용 시
적립: iPhone for Life 프로그램 미 이용 시 Applus포인트 특별 적립
유의사항: 꼭 확인하세요"
2612,ALL 우리카드 Premium,우리카드,"150,000","150,000","프리미엄: [아코르 서비스] 4,000 ALL 리워드 포인트 기프트 제공
프리미엄: [아코르 서비스] ALL회원 SILVER 등급 제공 및 업그레이드
프리미엄: [아코르 서비스] ALL 리워드 포인트 적립
프리미엄: [아코르 서비스] 2,000 ALL 리워드 포인트 보너스 제공
공항라운지: [Premium Service] 국내외 공항 라운지 무료이용 서비스 제공
여행/숙박: [Premium Service] KAL 리무진 버스 무료이용 서비스 제공
여행/숙박: [Premium Service] 국내외 여행자 보험 서비스 제공
호텔: [Premium Service] 아코르 호텔 프리미엄 서비스 제공
유의사항: 꼭 확인하세요!"
2613,ALL 우리카드 Infinite,우리카드,"500,000","500,000","프리미엄: [아코르 서비스] 14,000 ALL 리워드 포인트 기프트 제공
프리미엄: [아코르 서비스] 아코르 플러스 유료 멤버십 자동 가입
프리미엄: [아코르 서비스] ALL 회원 GOLD 등급 제공 및 업그레이드
프리미엄: [아코르 서비스] ALL 리워드 포인트 적립
프리미엄: [아코르 서비스] 5,000 ALL 리워드 포인트 보너스 제공
공항라운지: [Premium Service] 국내외 공항 라운지 무료이용 서비스 제공
여행/숙박: [Premium Service] KAL 리무진 버스 무료이용 서비스 제공
골프: [Premium Service] 국내 지정 골프장 무료 커피 또는 지정 골프연습장 무료 타석권 제공
여행/숙박: [Premium Service] 국내외 여행자 보험 서비스 제공
호텔: [Premium Service] 아코르 호텔 프리미엄 서비스 제공
선택형: 플레이트 선택
유의사항: 꼭 확인하세요!"
2614,KB Pay 머니백카드,KB국민카드,,,"적립: KB Pay '다 되는' 적립
간편결제: KB Pay 온라인 '더 되는' 적립
간편결제: KB Pay 오프라인 '더 되는' 적립
유의사항: 꼭 확인하세요!"
2615,IBK KaPick,IBK기업은행,"14,000","15,000","카카오페이: ALL - 국내・외 가맹점 0.5% 카카오페이 포인트 적립
카카오페이: LIVING - 주요소비영역 1%~1.5% 카카오페이 포인트 적립
카카오페이: MEMBERSHIP - 멤버십 영역 5%~7% 카카오페이 포인트 적립
유의사항: 꼭 확인하세요!"
2616,어디로든 그린카드,BC 바로카드,"15,000","15,000","충전소: 친환경 자동차 충전 에코머니 포인트 최대 40% 적립
생활: 공유 모빌리티, 대중교통, 일반교통, 커피전문점 에코머니 포인트 10% 적립
적립: 국내 전가맹점 에코머니 포인트 0.2% 적립
멤버십포인트: 에코머니 & 그린 서비스 전월 실적 없이 그린 멤버십 서비스 제공
프리미엄 서비스: 국제 브랜드 서비스 Mastercard/VISA Platinum 기본 서비스 제공
유의사항: 꼭 확인하세요!"
2617,어디로든 그린카드,NH농협카드,"15,000","17,000","충전소: 전기차/수소차 충전 20~40% 적립
대중교통: 버스/지하철 10% 적립
고속버스: 고속버스 10% 적립
생활: 공유 모빌리티 10% 적립
카페: 커피 전문점 10% 적립
적립: 국내 전가맹점 0.2% 적립
유의사항: 꼭 확인하세요!"
2618,삼성 iD AUTO 카드,삼성카드,"49,000","49,000","주유소: 주유 리터당 70원·90원 결제일 할인
자동차/하이패스: 주차장·하이패스·대리운전 10% 결제일 할인
국내외가맹점: 국내외 가맹점 0.5% 결제일 할인
생활: 할인점·온라인쇼핑몰·편의점·배달앱·커피전문점 1.5% 결제일 할인
영화: 영화 5,000원 결제일 할인
정비: 차량 점검 서비스
유의사항: 꼭 확인하세요!"
2619,DGB어디로든그린카드,iM뱅크,"15,000","15,000","적립: 에코머니 포인트 적립서비스
유의사항: 꼭 확인하세요!"
2620,NH 무럭이 체크카드,NH농협카드,,,"국내외가맹점: [기본 적립] 국내/외 이용가맹점 0.2% NH포인트 적립
적립: [스마트 적립] 6개 영역 중 이용금액 1위/2위 영역 기본적립의 3배/2배 적립
공항라운지: 국제공항 라운지 무료이용"
2621,어디로든 그린체크카드,BNK부산은행,,,"충전소: 친환경 자동차 충전 최대 20% 적립
생활: 공유 모빌리티 5% 적립
카페: 커피전문점 5% 적립
적립: 국내 전 가맹점 0.1% 적립
유의사항: 꼭 확인하세요!"
2622,어디로든 그린카드,BNK경남은행,"15,000","17,000","충전소: 전기차/수소차 충전 최대 40% 적립
생활: 공유 모빌리티 10% 적립
대중교통: 버스/지하철 10% 적립
고속버스: 고속버스 10% 적립
카페: 커피전문점 10% 적립
적립: 국내 전가맹점 0.2% 적립
유의사항: 꼭 확인하세요!"
2623,American Express Rose Gold KB Kookmin Card,KB국민카드,,"19,000","온라인쇼핑: 온라인 쇼핑 10% 할인(KB Pay 결제 시)
카페: 커피/편의점 10% 할인(KB Pay 결제 시)
쇼핑: 오프라인 쇼핑 5% 할인(KB Pay 결제 시)
항공권: 온라인 항공/면세점 5% 할인(KB Pay 결제 시)
프리미엄 서비스: Amex Selects(셀렉츠) 서비스
유의사항: 꼭 확인하세요!"
2624,American Express Blue KB Kookmin Card,KB국민카드,,"19,000","온라인쇼핑: 온라인 쇼핑 10% 할인 (KB Pay 결제 시)
주유: 주유 100원/L, 편의점 5% 할인
통신: 이동통신 10%, OTT 30% 할인
패밀리레스토랑: 패밀리레스토랑 30% 할인
해외이용: 해외 가맹점 5% 할인
테마파크: 놀이공원 현장 할인
프리미엄 서비스: Amex Selects(셀렉츠) 서비스
유의사항: 꼭 확인하세요!"
2625,토스 USS NEXT 체크카드,KB국민카드,,,"카페: 커피 업종 100원 할인
편의점: 편의점 200원 할인
게임: 모바일 200원 할인
배달앱: 배달음식 500원 할인
대중교통: 대중교통 1,000원 할인
유의사항: 꼭 확인하세요!"
2626,네이버페이 머니카드,네이버페이,,,"해외: 해외 온/오프라인 3% 적립
여행/숙박: N트래블클럽 업그레이드
적립: 네이버 쇼핑 간편결제 최대 1.5% 적립
적립: 플러스 멤버십 스튜던트 정기결제 10% 적립
유의사항: 꼭 확인하세요!"
2627,TWO CHAIRS,우리카드,,"2,500,000","바우처: [기프트 바우처] Voucher : Premium Gift
적립: [적립 서비스] 기본적립 2%, 연간 리워드 1%
프리미엄 서비스: [프리미엄 서비스] 공항라운지 서비스
프리미엄 서비스: [프리미엄 서비스] 항공사 마일리지 전환
프리미엄 서비스: [프리미엄 서비스] 메탈 플레이트 제공
프리미엄 서비스: VISA Infinite 선택 서비스
유의사항: 꼭 확인하세요!"
2628,브라보(Bravo) 체크카드,우체국,,,"푸드: [생활 Life] 모든 음식점 5% 캐시백
대형마트: [생활 Life] 롯데마트, 이마트, 홈플러스 5% 캐시백
충전소: [생활 Life] 전기차 충전 5% 캐시백
주유소: [생활 Life] SK주유 L당 40원 캐시백
약국: [건강 Life] 모든 약국 10% 캐시백
쇼핑: [건강 Life] 정관장 10% 캐시백
골프: [건강 Life] 골프장, 골프연습장, 스크린골프장 10% 캐시백
영화: [문화 Life] CGV, 메가박스, 롯데시네마 15% 캐시백
도서: [문화 Life] 교보문고(온・오프라인) 15% 캐시백
여행/숙박: [문화 Life] 국내 숙박업종 15% 캐시백
기타: [안전 Life] 해외원화결제(DCC)차단 서비스 기본설정・터치 기능 제공
해외: [글로벌 Life] 해외 ATM 현금인출 수수료(건당 $3) 면제
유의사항: 꼭 확인하세요!"
2629,Smilecard Edition3,현대카드,"20,000","20,000","국내외가맹점: 국내외 가맹점 이용 시 스마일캐시 0.7% 적립
적립: 추가 적립 대상점 이용 시 스마일캐시 2% 적립(기본0.7%+추가1.3%)
유의사항: 꼭 확인하세요!"
2630,에버랜드 판다카드(푸바오 에디션),KB국민카드,,"12,000","테마파크: 에버랜드 종일권(대인 동반 소인 1매) 50% 현장할인
캐리비안베이 종일권 30% 현장할인
테마파크: 직영 기념품 매장 20% 현장할인
정기권 10% 현장할인
주유: SK주유소 리터당 60원 청구할인
패밀리레스토랑: VIPS, 아웃백, TGIF 20% 청구할인
레저/스포츠: 스타포유㈜와 제휴된 전통고택, 글램핑, 카라반 우대 할인
유의사항: 꼭 확인하세요!"
2631,모니모A 카드,삼성카드,"10,000","10,000","국내외가맹점: 국내외 가맹점 0.5%/1% 모니머니 리워드 적립
보험사: 보험 9% 모니머니 리워드 추가 적립
생활: 생활 필수 영역 1% 모니머니 리워드 추가 적립
카페: 스타벅스 5,000원 할인
선택형: 매일 모니모를 찾는 당신을 위해 모니모A 카드의 더 새롭고 감각적인 디자인을 소개합니다.
유의사항: 모니머니 리워드 안내"
2632,디지로카 London,롯데카드,"20,000","20,000","국내외가맹점: 어디서나 0.7% 캐시백
캐시백: 즉시 결제 1% 추가 캐시백
무이자할부: LOCA 나누기 혜택
유의사항: 꼭 확인하세요!"
2633,디지로카 Paris,롯데카드,"20,000","20,000","국내외가맹점: 어디서나 0.7% 결제일 할인
온라인쇼핑: 온라인 쇼핑 최대 5% 결제일 할인
유의사항: 꼭 확인하세요!"
2634,디지로카 Monaco,롯데카드,"125,000","125,000","국내외가맹점: 어디서나 1% 결제일 할인
온라인쇼핑: 온라인 쇼핑 최대 5% 결제일 할인
배달앱: 배달의 민족, 쿠팡이츠, 요기요 5% 결제일 할인
통신: SKT, KT, LG U+ 5% 결제일 할인
디지털구독: 넷플릭스, 유튜브프리미엄, 왓챠, 멜론, 지니뮤직 50% 결제일 할인
프리미엄: SPECIAL GIFT 혜택
프리미엄 서비스: Master Platinum Service
유의사항: 꼭 확인하세요!"
2635,Triple In LOCA,롯데카드,"20,000",,"선택형: Triple in 혜택
5개의 생활 업종 중 3개 최대 30,000원 할인
유의사항: 꼭 확인하세요!"
2636,LOCA Professional,롯데카드,"300,000","300,000","국내외가맹점: 어디서나 1% 캐시백
국내 모든 가맹점 1%, 해외 모든 이용금액 1%
캐시백: 즉시결제 1% 추가 캐시백
일시불 이용 후 5일 이내 즉시결제 시 1%
기타: LOCA 나누기 혜택
바우처: Special Gift 혜택
프리미엄 서비스: Master World 서비스
유의사항: 꼭 확인하세요!"
2637,카카오페이 신한 라이언 체크,신한카드,,,"카카오페이: 카카오페이 이용 시 적립
카페: 커피전문점 업종 이용금액에 5% 카카오페이포인트 적립
대중교통: 대중교통 이용금액에 5% 카카오페이포인트 적립(버스/지하철)
해외: 해외(온라인 포함) 이용금액에 1% 카카오페이포인트 적립
프리미엄: VISA Platinum
유의사항: 꼭 확인하세요!"
2638,카카오페이 신한 춘식이 체크,신한카드,,,"카카오페이: 카카오페이 이용 시 적립
편의점: 편의점 이용금액에 5% 카카오페이포인트 적립
통신: 통신요금 자동이체 이용금액에 5% 카카오페이포인트 적립
해외: 해외(온라인 포함) 이용금액에 1% 카카오페이포인트 적립
프리미엄: VISA Platinum
유의사항: 꼭 확인하세요!"
2639,카드의정석 DON CHECK,우리카드,,,"푸드: [DO EAT] 편의점, 배달의민족 5% 적립
쇼핑: [DO BUY] 쿠팡, 무신사 5% 적립
게임: [DO PLAY] 구글 Play스토어, 애플 APP Store 5% 적립
유의사항: 꼭 확인하세요!"
2640,코스트코 리워드 현대카드 Edition2,현대카드,"20,000","20,000","멤버십포인트: 코스트코 리워드 포인트 적립
멤버십포인트: 코스트코 리워드 포인트 사용
멤버십포인트: 코스트코멤버십 카드 기능 추가
코스트코멤버십 연회비 자동납부서비스
프리미엄 서비스: VISA 플래티넘 서비스"
2641,어디로든 그린카드 X LOCA,롯데카드,"15,000","15,000","충전소: 친환경 자동차 충전(20~40% 에코머니포인트 적립)
대중교통: 대중 교통(10% 에코머니포인트 적립)
고속버스: 일반 교통(10% 에코머니포인트 적립)
생활: 공유 모빌리티 (10% 에코머니포인트 적립)
카페: 커피 전문점 (10% 에코머니포인트 적립)
적립: 국내 가맹점 (0.2% 에코머니포인트 적립)
유의사항: 꼭 확인하세요!"
2642,에너지플러스카드 Edition3,현대카드,"30,000","30,000","적립: GS칼텍스 주유소 및 국내외 가맹점 이용 시 M포인트 적립
바우처: [우대 서비스] 2만원 바로할인 보너스 카드 제공(6개월마다 1만원씩 총 2만원)
멤버십포인트: [프로모션] GS칼텍스 주유 시 리터당 최대 150 M포인트 사용
프리미엄 서비스: VISA 플래티넘 서비스
유의사항: 꼭 확인하세요!"
2643,MULTI Any 체크카드,하나카드,"2,000","2,000","국내외가맹점: 전가맹점 적립 서비스
간편결제: 페이결제 적립 서비스
쇼핑: 쇼핑 적립 서비스
배달앱: 딜리버리 적립 서비스
대중교통: 대중교통 적립 서비스
유의사항: 꼭 확인하세요!"
2644,GOAT BC 바로카드,BC 바로카드,"12,000","12,000","적립: [페이북 머니 매일 적립] 국내 가맹점 최대 1.5%, 국외 가맹점 최대 3% 적립
적립: [페이북 머니 연간 적립] 연간 카드사용액 3천만원 이상 시 10% 추가적립
프리미엄 서비스: [국제 브랜드 서비스] Mastercard/VISA Platinum 기본 서비스 제공
유의사항: 꼭 확인하세요!"
2645,ZipL 신용카드,BNK부산은행,"10,000","15,000","할인: 생활요금・교육・병의원・교통 10% 할인
유의사항: 꼭 확인하세요!"
2646,현대카드ZERO Edition3(할인형),현대카드,"15,000","15,000","할인: 실적・한도 제한 없이 국내외 가맹점 이용 금액의 0.8% 청구 할인
유의사항: 꼭 확인하세요!"
2647,현대카드ZERO Edition3(포인트형),현대카드,"15,000","15,000","적립: 실적・한도 제한 없이 국내외 가맹점 이용 금액의 1.2% M포인트 적립
유의사항: 꼭 확인하세요!"
2648,zgm shopping카드,NH농협카드,"50,000","55,000","쇼핑: [기본적립] 온・오프라인 쇼핑 이용 시 최대 15% NH포인트 적립
적립: [추가적립] '기본적립'된 포인트의 5% 추가적립 (연 1회)
면세점: [멤버십혜택] 현대백화점면세점 BLACK 등급 멤버십 제공
유의사항: 꼭 확인하세요!"
2649,zgm living카드,NH농협카드,"50,000","55,000","생활: [기본적립] 생활 필수업종 이용 시 최대 15% NH포인트 적립
적립: [추가적립] '기본적립'된 포인트의 5% 추가적립 (연 1회)
유의사항: 꼭 확인하세요!"
2650,머니트리카드,머니트리,,,"기타: 머니트리카드는 연회비 무료!
공과금/렌탈: 소득공제 30% 혜택
기타: 현금이 없을 때 비상용 카드로 추천
기타: 머니트리카드 사용 tip!
유의사항: 꼭 확인하세요!"
2651,W컨셉 삼성카드,삼성카드,"10,000","10,000","멤버십포인트: W컨셉 7% W POINT 적립
카페: 커피전문점/헬스&뷰티/온라인쇼핑몰/이동통신 7% W POINT 적립
디지털구독: 디지털콘텐츠 20% W POINT 적립
해외: 해외 1.5% W POINT 적립
유의사항: 꼭 확인하세요!"
2652,에버랜드 삼성카드,삼성카드,"20,000","20,000","테마파크: 에버랜드 50%/캐리비안 베이 30% 할인
테마파크: 에버랜드 꿈빛 솜사탕 등급 적용
테마파크: 에버랜드리조트 3% 솜 적립
적립: 국내 가맹점 0.5% 솜 적립
적립: 생활 필수 영역 4.5% 솜 추가 적립
디지털구독: 디지털콘텐츠 50% 솜 추가 적립
해외: 해외 1.5% 솜 적립
유의사항: 꼭 확인하세요!"
2653,010PAY 우리카드,우리카드,"12,000","12,000","적립: 전월 실적 조건 없이 결제 금액 0.3% 010PAY 포인트 적립
혜택 프로모션: 결제할 때마다 최대 1억 당첨 가능 010PAY 리또 지급
혜택 프로모션: 리또 이용 고객 리워드 30,000 010PAY 포인트 100% 증정
혜택 프로모션: 체크카드 고객 감사 혜택 10,000 010PAY 포인트 증정
유의사항: 꼭 확인하세요!"
2654,원더카드 (원더 Life),하나카드,12000,,"할인: [자동이체] 영상 스트리밍 40% 할인
할인: [자동이체] 생활요금 10% 할인
배달앱: 딜리버리 10% 할인
대중교통: 대중교통 10% 할인
카페: 커피 10% 할인
편의점: 편의점 10% 할인
유의사항: 꼭 확인하세요"
2655,DA카드의정석Ⅱ,우리카드,"12,000","12,000","모든가맹점: 기본 Discount - 0.8% 기본 청구할인
할인: 추가 Discount - 0.5% 추가 청구할인
(기본 0.8% + 추가 0.5% = 1.3% 청구할인)
공항라운지: 국내 공항라운지 무료 이용 서비스 안내
유의사항: 꼭 확인하세요!"
2656,춘식이 모바일 로카,롯데카드,"20,000","20,000","통신: SKT, KT, LG U+ 월 최대 20,000원 결제일 할인
멤버십포인트: L.POINT
유의사항: 꼭 확인하세요!"
2657,JADE Classic,하나카드,"115,000",,"바우처: [PREMIUM VOUCHER] 바우처 5가지 중 1가지를 선택하여 이용 (연 1회)
공항라운지: 전세계 공항 라운지 무료이용
(본인/가족/동반자 통합 연 3회, 일 3회)
적립: [기본 적립] 국내외 가맹점 1% 하나머니 적립
적립: [특별 적립] 영역별 1.5~1.2% 하나머니 적립 제공
디지털구독: 디지털 컨텐츠 자동이체 시, 50% 하나머니 적립 제공
카페: 커피 이용금액 50% 하나머니 적립 제공
택시: 택시 이용금액 50% 하나머니 적립 제공
유의사항: 꼭 확인하세요!"
2658,I-나눔,IBK기업은행,"14,000","14,000","국내외가맹점: [ALL] 국내・외 가맹점 0.5% 기부
할인: [LIVING] 1%~1.5% 할인
할인: [MEMBERSHIP] 5%~7% 할인
유의사항: 꼭 확인하세요!"
2659,보험엔로카,롯데카드,"20,000","20,000","자동차: 자동차보험 캐시백
자동차: 자동차보험 장기할부
보험사: 생명보험/손해보험 결제일 할인
유의사항: 꼭 확인하세요!"
2661,삼성 iD PLUG-IN 카드,삼성카드,"20,000","20,000","충전소: 전기차 충전요금 20%/40% 결제일 할인
자동차: 주차장/대리운전 20% 할인
보험사: 현대해상 다이렉트 자동차보험 30,000원 할인
디지털구독: 디지털콘텐츠 20% 할인
해외: 해외 1% 할인
유의사항: 꼭 확인하세요!"
2662,American Express® Green Card Edition2,현대카드,,"150,000","바우처: 국내 트래블・패션/뷰티 영역에서 사용 가능한 12만원 상당 바우처 제공(연 1회)
적립: 대상점에 따라 이용 금액 1,000원당 최대 2 멤버십 리워즈(MR) 적립
공항라운지: 전 세계 공항 라운지 이용, 공항 리무진・공항철도서비스
프리미엄 서비스: 공항 및 국내 특급 호텔 무료 발레파킹 서비스
프리미엄 서비스: Be My Guest 호텔 델리/레스토랑, 패밀리 레스토랑 할인"
2663,American Express® Gold Card Edition2,현대카드,,"300,000","바우처: 국내 트래블·패션/뷰티 영역에서 사용 가능한 25만원 상당 바우처 제공(연 1회)
적립: 대상점에 따라 이용 금액 1,000원당 최대 3 멤버십 리워즈(MR) 적립
공항라운지: 전 세계 공항 라운지 이용, 공항 리무진・공항철도서비스
프리미엄 서비스: 공항 및 국내 특급 호텔 무료 발레파킹 서비스
프리미엄 서비스: Be My Guest 호텔 델리/레스토랑, 패밀리 레스토랑 할인
프리미엄 서비스: The Hotel Collection 객실 업그레이드 및 호텔 크레딧 100달러(USD) 제공
프리미엄 서비스: 메탈 플레이트 제공"
2664,American Express The Platinum Card®Edition2,현대카드,,"1,000,000","적립: 대상점에 따라 이용 금액 1,000원당 최대 5MR 적립
바우처: 국내 트래블・패션/뷰티 영역에서 사용 가능한 85만원 상당 바우처 제공(연 1회)
프리미엄 서비스: 본인 회원 메탈 플레이트 제공
공항라운지: 전 세계 공항 라운지 이용, 공항 리무진・공항철도서비스
프리미엄 서비스: 인천국제공항 및 국내 특급호텔 무료 발레파킹
프리미엄 서비스: 호텔 델리/레스토랑, 패밀리 레스토랑 할인
프리미엄 서비스: 럭셔리 & 프리미엄 호텔 혜택
프리미엄 서비스: American Express PLATINUM ELITE 서비스"
2665,폼 체크카드,NH농협카드,,,"할인: 외식 200원 할인・뷰티 500원 할인・대중교통 5% 할인・NH페이 0.2% 할인
유의사항: 꼭 확인하세요!"
2666,신한카드 Point Plan,신한카드,"20,000","23,000","적립: [일상 생활비 적립 서비스] 국내 건당 결제금액별 0.5~3% 포인트 적립·해외 결제금액 1% 포인트 적립
가족행사월(5월,12월) 적립 한도 1만 포인트 추가 제공
적립: [필수 생활비 적립 서비스] 주말 외식비 포인트 적립
적립: [필수 생활비 적립 서비스] 정기결제 자동납부 포인트 적립
유의사항: 꼭 확인하세요!"
2667,신한카드 SOL트래블 체크,신한카드,,,"해외이용: 해외 이용금액 현지 통화 결제 서비스
수수료우대: 국제 브랜드 수수료(1%)/해외 서비스 수수료(0.2%) 면제
공항라운지: 더라운지 공항라운지 본인 무료 입장
해외: 해외 대중교통 컨택리스 방식으로 이용 시 1% 결제일 할인
할인: 국내 4대 편의점 5% 결제일 할인
국내 대중교통 1% 결제일 할인
해외이용: 해외이용 프로모션
유의사항: 꼭 확인하세요!"
2668,탐나는전 체크카드,제주은행,,,"캐시백: 국내 가맹점 0.2% 기본 캐시백・제주도 내 가맹점 0.3% 추가 캐시백
유의사항: 꼭 확인하세요!"
2669,현대카드 M,현대카드,"30,000","30,000","적립: [기본 혜택] 국내외 가맹점 1.5% M포인트 적립
전월 이용 금액 50만원 이상 이용 시
적립: [추가 혜택] 온라인 쇼핑몰・외식・해외 가맹점 5% M포인트 적립(월 1만 M포인트 한도)
전월 이용 금액 100만원 이상 이용 시
적립: M 긴급적립(선지급 포인트 서비스)
유의사항: 꼭 확인하세요!"
2670,현대카드 MM,현대카드,"70,000","70,000","적립: [기본 혜택] 국내외 가맹점 1.5% M포인트 적립
전월 이용 금액 50만원 이상 이용 시
적립: [추가 혜택] 온라인 쇼핑몰・외식・해외 가맹점 10% M포인트 적립(월 2만 M포인트 한도)
전월 이용 금액 100만원 이상 이용 시
적립: M 긴급적립(선지급 포인트 서비스)
공항라운지: 인천국제공항 라운지 무료 이용
공항: 인천공항 발렛파킹 무료 이용
유의사항: 꼭 확인하세요!"
2671,원더 K리그 축덕카드,하나카드,"19,900","19,900","국내외가맹점: 전가맹점 0.8% 할인
간편결제: 간편결제 1.2% 할인
쇼핑: 쿠팡&슈퍼마켓 2% 할인
배달앱: 딜리버리 4% 할인
온라인쇼핑: 온라인식품&쇼핑 4% 할인
온라인쇼핑: 오픈마켓 4% 할인
택시: 택시 4% 할인
무이자할부: 2~3개월 무이자할부
유의사항: 꼭 확인하세요!"
2672,樂SEA(락시),Sh수협은행,"20,000","22,000","레저/스포츠: 승선비 10% 청구할인
쇼핑: 낚시 용품 등(해당 매장 상품) 2%~5% 청구할인
주유: 전 주유소 리터당 60원 청구할인 (LPG 포함)
편의점: GS25, CU, 세븐일레븐 1천원 청구할인
유의사항: 꼭 확인하세요!"
2673,신한카드 Point Plan 체크,신한카드,,,"생활: [일상 생활비 적립 서비스] 국내 건당 결제금액별 0.2~1% 포인트 적립・해외 결제금액 1% 포인트 적립
배달앱: [필수 생활비] 주말 배달앱 적립
편의점: [필수 생활비] 편의점 적립
유의사항: 꼭 확인하세요!"
2674,I-Mileage (대한항공),IBK기업은행,"41,000","42,000","대한항공: 대한항공 마일리지 적립
공항라운지: 전 세계 공항 라운지 무료 이용 서비스
공항: 공항 발레파킹 무료 이용 서비스
카페: 스타벅스 할인 서비스
프리미엄 서비스: 국제 브랜드 서비스
유의사항: 꼭 확인하세요!"
2675,I-Mileage (아시아나),IBK기업은행,"41,000","42,000","아시아나항공: 아시아나항공 마일리지 적립
공항라운지: 전 세계 공항 라운지 무료 이용 서비스
공항: 공항 발레파킹 무료 이용 서비스
카페: 스타벅스 할인 서비스
프리미엄 서비스: 국제 브랜드 서비스
유의사항: 꼭 확인하세요!"
2676,삼성 iD GLOBAL 카드,삼성카드,"20,000","20,000","수수료우대: 해외 수수료 할인
해외이용: 해외 2% 할인
삼성페이: 삼성페이로 결제 시 해외 오프라인 가맹점 5% 할인
공항라운지: 공항 라운지 서비스 (The Lounge)
디지털구독: 인앱 결제/디지털콘텐츠/멤버십 50% 할인
생활: 일상 필수 영역 1% 할인
할인: 국내 가맹점 0.5% 할인
유의사항: 꼭 확인하세요!"
2677,"카드의정석 Dear, Shopper(디어쇼퍼)",우리카드,"150,000","150,000","바우처: 프리미엄 기프트 제공(①-④ 중 택 1, 연 1회)
쇼핑: [퍼스널 쇼핑 적립] 패션/럭셔리/라이프/해외 5% 적립
적립: [기본 적립] 국내 가맹점 1% 적립
적립: [FLEX 적립] 국내 가맹점 건당 100만원 이상 결제 시 5% 적립
적립: [보너스 적립] 본인카드로 국내 가맹점 1천만원 이상 이용 시 5만점 적립
공항라운지: [더라운지 서비스] 국내외 공항라운지 무료 이용 (본인+동반 1인까지 제공)
유의사항: 꼭 확인하세요!"
2678,"카드의정석 Dear, Traveler(디어트래블러)",우리카드,"150,000","150,000","바우처: 프리미엄 기프트 제공(①-④ 중 택 1, 연 1회)
여행/숙박: 퍼스널 트래블(패키지/플랫폼/교통/해외) 5% 적립
적립: [기본 적립] 국내 가맹점 1% 적립
적립: [FLEX 적립] 국내 가맹점 건당 100만원 이상 결제 시 5% 적립
적립: [보너스 적립] 본인카드로 국내 가맹점 1천만원 이상 이용 시 5만점 적립
공항라운지: [더라운지 서비스] 국내외 공항라운지 무료 이용 (본인+동반 1인까지 제공)
유의사항: 꼭 확인하세요!"
2679,현대카드 X,현대카드,"50,000","50,000","할인: [기본적립] 국내외 가맹점 1% 청구 할인
전월 이용 금액 50만원 이상 이용 시
캐시백: 연간 이용 금액에 따라 연간 최대 10만원 캐시백
적립: X긴급할인(선지급 포인트 서비스)- 최대 50만 X캐시백(포인트) 먼저 받아 할인받고 카드 이용하며 받는 할인 혜택으로 상환이용 방법Step 1. 현대카드 앱에서 ‘X긴급할인’ 선...
유의사항: 꼭 확인하세요!"
2680,현대카드Z work Edition2,현대카드,"20,000",,"온라인쇼핑: 온라인 쇼핑몰 10% 청구 할인
편의점: 편의점 10% 청구 할인
카페: 커피전문점 10% 청구 할인
대중교통: 대중교통 10% 청구 할인(K-패스 또는 후불형 기후동행카드 신청 가능)
도서: 도서 10% 청구 할인
유의사항: 꼭 확인하세요!"
2681,K-패스 하나 신용카드,하나카드,"17,000","17,000","대중교통: 버스/지하철 10% 청구할인 (월 1만원, 월 2만원)
드럭스토어: 다이소/올리브영 10% 청구할인 (일 1천원, 월 1만원)
카페: 스타벅스/커피빈 10% 청구할인 (월 5천원)
유의사항: 꼭 확인하세요!"
2682,K-패스 하나 체크카드,하나카드,,,"대중교통: 버스/지하철 10% 캐시백 (월 3천원, 월 6천원)
드럭스토어: 다이소/올리브영 1% 캐시백 (월 1만원)
카페: 스타벅스/커피빈 1% 캐시백 (월 5천원)
유의사항: 꼭 확인하세요!"
2683,현대카드Z family Edition2,현대카드,"20,000",,"온라인쇼핑: 온라인 쇼핑몰 10% 청구 할인
병원/약국: 병원・약국 10% 청구 할인
학원: 학원 10% 청구 할인
주유: 주유 10% 청구 할인
생활: 생활 요금 정기 결제 10% 청구 할인
유의사항: 꼭 확인하세요!"
2684,현대카드Z play,현대카드,"20,000",,"온라인쇼핑: 온라인 쇼핑몰 10% 청구 할인
일반음식점: 일반음식점 10% 청구 할인
영화: 영화 10% 청구 할인
해외: 해외 가맹점 10% 청구 할인
디지털구독: 디지털 콘텐츠 서비스 10% 청구 할인
유의사항: 꼭 확인하세요!"
2685,WE:SH Travel,KB국민카드,"25,000","25,000","수수료우대: 해외 이용 수수료 총 1.25% 면제
해외이용: 해외 이용 환율우대 100% (USD기준)
공항라운지: 공항 라운지 무료
생활: 자주 쓰는 일상 영역 10% 할인 (KB Pay 결제 시)
쇼핑: 온라인 항공/면세점 5% 할인 (KB Pay 결제 시)
보험사: 여행자보험 10% 할인 (KB Pay 결제 시)
교통: 철도・고속버스 10% 할인
유의사항: 꼭 확인하세요"
2686,D4카드의정석Ⅱ,우리카드,"12,000","12,000","카페: [Discount 4 서비스] 하나. Discount 55% 커피 4대 브랜드통합 스타벅스, 투썸플레이스, 커피빈, 폴바셋
교통: [Discount 4 서비스] 둘. Discount 33% 대중교통 시내버스/지하철 (후불 교통기능 선택 시 제공), 택시
편의점: [Discount 4 서비스] 셋. Discount 11% 편의점
영화: [Discount 4 서비스] 넷. Discount 5,500원 영화관
유의사항: 꼭 확인하세요!"
2687,카드의정석 SHOPPING+,우리카드,"10,000","10,000","온라인쇼핑: [쇼핑 할인의 정석] 온라인 쇼핑 10% 청구할인
쇼핑: [쇼핑 할인의 정석] 오프라인 쇼핑 10% 청구할인
간편결제: [추가 할인의 정석] 온라인 업종 4대 PAY 결제 시 5% 추가할인
주유: [생활밀착 할인의 정석] 4대 주유소 주말 주유시 리터당 60원 청구할인
카페: [생활밀착 할인의 정석] 스타벅스, 폴바셋 10% 청구할인
유의사항: 꼭 확인하세요!"
2688,카드의정석 I&U+,우리카드,"12,000","12,000","할인: [Simple 할인] 국내 가맹점 1.0~0.7% 청구할인
주유: [Daily 할인] 주유 리터당 60~100원 청구할인
대중교통: [Daily 할인] 대중교통 10% 청구할인
카페: [Daily 할인] 커피 10% 청구할인
유의사항: 꼭 확인하세요!"
2689,카드의정석 EVERY POINT,우리카드,"12,000","12,000","적립: [기본 적립] 국내외 가맹점 0.8% 적립
간편결제: [추가 적립] 국내 온라인 간편결제 2% 추가 적립
유의사항: 꼭 확인하세요!"
2690,K-패스 신한카드,신한카드,"7,000","10,000","대중교통: 대중교통(버스, 지하철) 이용 시 10% 결제일 할인
간편결제: 간편결제로 결제 시 5% 결제일 할인
생활: 생활서비스 5% 결제일 할인
유의사항: 꼭 확인하세요!"
2691,트래블러스 체크카드,KB국민카드,,,"해외: [해외 혜택] 해외 가맹점, ATM 이용 수수료 면제
할인: [국내 혜택] KB Pay 200원 추가 할인
카페: [국내 혜택] 카페 1,000원 할인
베이커리: [국내 혜택] 빵집 2,000원 할인
기차: [국내 혜택] 철도 5,000원 할인
고속버스: [국내 혜택] 고속버스 2,000원 할인
자동차: [국내 혜택] 주차장 500원 할인
푸드: [국내 혜택] 전국맛집 5,000원 할인
유의사항: 꼭 확인하세요!"
2692,현대카드 Summit,현대카드,"200,000","200,000","적립: 적립한도 제한 없는 1.5% M포인트 적립
유치원: [추가 혜택] 학원/유치원 업종 5% M포인트 적립
학원: [추가 혜택] 학원/유치원 업종 5% M포인트 적립
병원/약국: [추가혜택] 병원/약국 업종 5% M포인트 적립
여행/숙박: [추가혜택] 국내 항공사/여행사/특급호텔 업종 5% M포인트 적립
바우처: 15만원 상당 선택 제공 기프트 ①~④ 택1 (연1회)
기타: 공항 및 특급호텔 발레파킹 무료 이용
공항라운지: THE LOUNGE : 공항 라운지 무료 이용 (연5회)
유의사항: 꼭 확인해 주세요!"
2693,K-패스 신한카드 체크,신한카드,,,"대중교통: 대중교통(버스, 지하철) 이용 시 10% 결제일 할인
간편결제: 간편결제로 결제 시 2% 결제일 할인
생활: 생활서비스 2% 결제일 할인
유의사항: 꼭 확인하세요"
2694,신한카드 처음,신한카드,"15,000","18,000","적립: [오늘도 5% 적립 서비스] 음식점·카페·편의점·온라인쇼핑 5% 마이신한포인트 적립
생활: [일상 속 5% 적립 서비스] 생활·여행·패션 5% 마이신한포인트 적립
디지털구독: [정기결제 최대 20% 적립 서비스] 통신 10% , OTT 15%, 멤버십 20% 마이신한포인트 적립
적립: 소비관리 보너스 적립 서비스 소개
유의사항: 꼭 확인하세요!"
2695,다둥이 행복카드,우리카드,,,"패밀리레스토랑: 패밀리레스토랑 할인
카페: 스타벅스 전 매장 20% 청구할인
푸드: 고급 식음료 매장 할인
금융: 금융서비스
대중교통: 대중교통요금 청구할인 서비스
적립: 모아포인트 최고 0.9% 적립
기타: 내 아이를 위한 특별한 베이비 서비스
주유: 주유/자동차 서비스
영화: 전국 CGV(김천점 제외), 롯데시네마, 메가박스 티켓 현장 구매시
본인 2,000원, 3자녀인 경우 3,000원, 4자녀 이상인 경우 4,000원 청구할인
여행/숙박: 전국 주요 콘도 최고 72%(평균68%) 할인 서비스(성수기 별도 할인율 적용)
통신: 통신요금 청구할인 서비스
기타: 기타 할인 서비스
테마파크: 전국 주요 놀이공원 할인 서비스
할인: 특별할인 서비스
기타: 우리카드와 함께하는 미아찾기 캠페인
유의사항: 꼭 확인하세요!"
2696,카드의정석 햇살론카드,우리카드,"10,000",,"적립: 모아포인트 0.8 ~ 3% 적립
적립: 보너스 적립
유의사항: 꼭 확인하세요!"
2697,현대카드 MX Black Edition2,현대카드,"200,000","200,000","국내외가맹점: 적립한도 제한없이 국내외 가맹점 1% M포인트 적립
온라인쇼핑: [추가혜택] 전월 이용금액 100만원 이상 시 10% 할인
백화점: [추가혜택] 전월 이용금액 100만원 이상 시 10% 할인
카페: [추가혜택] 전월 이용금액 100만원 이상 시 10% 할인
베이커리: [추가혜택] 전월 이용금액 100만원 이상 시 10% 할인
편의점: [추가혜택] 전월 이용금액 100만원 이상 시 10% 할인
주유: [추가혜택] 전월 이용금액 100만원 이상 시 10% 할인
대중교통: [추가혜택] 전월 이용금액 100만원 이상 시 10% 할인
공항라운지: THE LOUNGE : 공항 라운지 연5회 무료 이용
기타: 공항 및 특급호텔 발레파킹 무료 이용
유의사항: - 실적조건 및 적립한도, 혜택 제외 가맹점 기준 등 자세한 내용은 상품 설명서를 통해 확인- 국제브랜드 수수료 및 해외서비스 수수료는 적립 제외- 해외 가맹점 이용 시 별도의 수..."
2698,zgm point카드,NH농협카드,"50,000","55,000","모든가맹점: [기본적립] 국내/해외 전 가맹점에서 NH포인트 0.8%~1.8% 적립
적립: [추가적립] '기본적립'된 포인트의 5% 추가적립 - 연 1회
적립: [해피포인트 적립] SPC 가맹점 이용 시 해피포인트 적립"
2699,카드의정석 TEN,우리카드,"12,000","12,000","할인: [TEN Discount] 5대 일상영역 10% 청구할인
할인: [ONE Discount] 음식점/주점 및 온라인 간편결제 1% 청구할인
유의사항: 꼭 확인하세요!"
2700,위비트래블 체크카드,우리카드,,,"수수료우대: 해외 수수료 면제 서비스
해외: 해외 5% 캐시백
쇼핑: 쇼핑 5% 캐시백
푸드: 푸드 5% 캐시백
생활: 일상 5% 캐시백
유의사항: 꼭 확인하세요!"
2701,하나투어 삼성카드,삼성카드,"20,000","20,000","온라인 여행사: 하나투어 12/24개월 라이트할부
온라인 여행사: 라이트할부 이용 시 7,000~14,000원 결제대금 차감
생활: 생활요금 정기결제 5%/10% 할인
생활: 일상 필수 영역 5%/10% 할인
공항라운지: 공항 라운지 서비스 (The Lounge)
해외: 해외 1.5% 할인
프리미엄 서비스: 국제브랜드 서비스(해외겸용카드 전용)"
2702,삼성 iD CLASSY 카드,삼성카드,"30,000","30,000","할인: [기프트 서비스] 할인점에서 건별 35,000원 이상 결제 시 35,000원 결제일 할인 (연 1회)
적립: [국내외 가맹점 적립] 국내외 가맹점 0.5~2% 빅포인트 적립
카페: [커피전문점 할인] 커피전문점 20% 결제일 할인
영화: [영화 할인] 영화 5천원 결제일할인
유의사항: 꼭 확인하세요!"
2703,JADE Prime,하나카드,"295,000","300,000","바우처: [PREMIUM VOUCHER] 바우처 4가지 중 1가지를 선택하여 이용 (연 1회)
바우처: [BONUS VOUCHER] 연 누적 이용금액 2,400만원 이상 시 10만 하나머니 적립 제공(연 1회)
공항라운지: [AIRPORT] 전세계 공항 라운지 무료 이용 (본인/가족/동반자 통합 연 6회, 일 3회)
적립: [REWARD] 국내 전 가맹점 1.5%~1.0% 하나머니 적립 제공・영역별 3.0% 하나머니 적립
주유: [REWARD] 주유(LPG) 리터당 150하나머니・EV충전 30% 하나머니 적립 제공
택시: [REWARD] 택시 이용금액 50% 하나머니 적립 제공
디지털구독: [REWARD] 디지털 컨텐츠 자동납부 시, 50% 하나머니 적립 제공
유의사항: 꼭 확인하세요!"
2704,JADE First,하나카드,"595,000","600,000","바우처: [PREIUM VOUCHER] 해외/항공/면세/여행 30만원 청구 할인 (연 30만원 한도)
바우처: [DINING VOUCHER] 특급호텔 레스토랑 20만원 현장 할인 (연 1회)
바우처: [BONUS VOUCHER] 연 누적 이용금액별 골프/프리미엄 아울렛 50% 청구 할인
공항라운지: [AIRPORT] 전세계 공항 라운지 무료 이용 (본인/가족/동반자 통합 연 8회, 일 3회)
적립: [REWARD] 국내 전 가맹점 1.5%~1.0% 하나머니 적립 제공・영역별 3.0% 하나머니 적립
자동차: [DRIVING] 주유(LPG) 리터당 200하나머니・EV충전 50% 하나머니 적립 제공
・제휴 주차장 무료 주차 제공
유의사항: 꼭 확인하세요!"
2705,JADE First Centum,하나카드,"995,000","1,000,000","바우처: [PREMIUM VOUCHER] 바우처 2가지 중 1가지를 선택하여 이용 (연 1회)
바우처: [DINING VOUCHER] 특급호텔 레스토랑 20만원 현장 할인 (연 1회)
바우처: [BONUS VOUCHER] 연 누적 이용금액별 골프/프리미엄 아울렛 50% 청구 할인
공항라운지: [AIRPORT] 전세계 공항 라운지 무료 이용 (본인/가족/동반자 통합 연 10회, 일 3회)
적립: [REWARD] 국내 전 가맹점 1.5%~1.0% 하나머니 적립 제공・영역별 3.0% 하나머니 적립
자동차: [DRIVING] 주유(LPG) 리터당 200하나머니・EV충전 50% 하나머니 적립 제공
・제휴 주차장 무료 주차 제공
선택형: [SPECIAL PLATE] 특수 소재 카드 신청 가능 (신청 건별 발급수수료 10만원)
유의사항: 꼭 확인하세요!"
2706,zgm 할인카드,NH농협카드,"27,000","30,000","할인: [기본할인] 국내 전 가맹점 1%, NH페이 및 해외 2% 청구할인
생활: [생활할인] 매월 생활비 10%, 디지털 구독 30% 청구할인
공항라운지: 전세계 공항 라운지 무료 이용 (The Lounge / 더 라운지)
유의사항: 꼭 확인하세요!"
2707,디지로카 Las Vegas,롯데카드,"20,000","20,000","할인: 국내외 가맹점 최대 2% 할인
무이자할부: 국내 가맹점 2~3개월 무이자 할부
유의사항: 꼭 확인하세요!"
2708,WE:SH Daily 카드,KB국민카드,"15,000","15,000","할인: [기본 적립] 국내 가맹점 0.5% 청구할인
선택형: [선택 할인] 쇼핑/편의/커피/생활/먹빵/취향 택 1
기타: 전월실적 채워드림
유의사항: 꼭 확인하세요!"
2709,대한항공카드 060,현대카드,"60,000","60,000","대한항공: 대한항공 마일리지 적립
적립:  연간 보너스 1천 마일리지 적립(연 1회)
항공권: 우대 서비스 대한항공 직판 항공권 할인 쿠폰 제공
프리미엄 서비스: MasterCard Platinum 서비스
유의사항: 꼭 확인하세요!"
2710,대한항공카드 120,현대카드,"120,000","120,000","대한항공: 대한항공 마일리지 적립
적립: 연간 보너스 6천 마일리지 적립(연 1회)
프리미엄: 우대 서비스
프리미엄 서비스: MasterCard Platinum 서비스
유의사항: 꼭 확인하세요!"
2711,대한항공카드 300,현대카드,"300,000","300,000","대한항공: 대한항공 마일리지 적립
적립: 연간 보너스 1만 마일리지 적립(연 1회)
프리미엄: 우대 서비스
프리미엄 서비스: MasterCard World 서비스
유의사항: 꼭 확인하세요!"
2712,대한항공카드 the First Edition2,현대카드,"800,000","800,000","대한항공: 대한항공 마일리지 적립
적립: 연간 보너스 3만 마일리지 적립(연 1회)
프리미엄: 우대 서비스
프리미엄 서비스: MasterCard World 서비스
유의사항: 꼭 확인하세요!"
2713,디지로카 Pet,롯데카드,"30,000","30,000","애완동물: 반려동물 센터, 동물병원 캐시백 혜택
무이자할부: 국내 가맹점 2~3개월 무이자 할부
유의사항: 꼭 확인하세요!"
2714,디지로카 Edu,롯데카드,"30,000","30,000","교육/육아: 학원, 유치원 캐시백 혜택
무이자할부: 국내 가맹점 2~3개월 무이자 할부
유의사항: 꼭 확인하세요!"
2715,디지로카 Wellness,롯데카드,"30,000","30,000","뷰티/피트니스: 피부과, 성형외과, 스포츠센터, 미용실 캐시백 혜택
무이자할부: 국내 가맹점 2~3개월 무이자 할부
유의사항: 꼭 확인하세요!"
2716,디지로카 Golf,롯데카드,"30,000","30,000","골프: 골프장, 골프연습장 캐시백 혜택
무이자할부: 국내 가맹점 2~3개월 무이자 할부
유의사항: 꼭 확인하세요!"
2717,디지로카 Auto,롯데카드,"30,000","30,000","주유: 주유 캐시백 혜택
무이자할부: 국내 가맹점 2~3개월 무이자할부
유의사항: 꼭 확인하세요!"
2718,모바일엔디지로카,롯데카드,"20,000","20,000","통신: SKT, KT, LG U+ 및 알뜰폰 월 최대 20,000원 결제일 할인
유의사항: 꼭 확인하세요!"
2719,카드의정석 EVERY DISCOUNT,우리카드,"12,000","12,000","국내외가맹점: [기본 할인] 국내외 가맹점 0.8% 청구할인
간편결제: [추가 할인] 국내 온라인 간편결제 2% 추가 청구할인
유의사항: 꼭 확인하세요!"
2721,당근머니 하나 체크카드,하나카드,,,"적립: 당근머니 적립 서비스
유의사항: 꼭 확인하세요!"
2722,신한카드 SOL트래블,신한카드,"27,000","30,000","해외: 해외 이용 수수료 빼기 서비스
해외: 해외 이용 더하기 서비스
적립: 국내 이용 더하기 서비스
공항라운지: 신한카드 SOL트래블 서비스
유의사항: 꼭 확인하세요!"
2723,롯데카드 KaPick,롯데카드,"20,000","20,000","적립: 카카오톡 선물하기/ 카카오T 카카오페이 결제시 10% 적립
적립: 생활/요식/교통영역 결제시 1~1.5% 적립
유의사항: 꼭 확인하세요!"
2724,BC 바로 KaPick,BC 바로카드,"15,000","15,000","쇼핑: [바로카드 Pick! 적립] 쇼픽 그룹 7% 적립 
푸드: [바로카드 Pick! 적립] 먹픽 그룹 7% 적립
생활: [바로카드 Pick! 적립] 생픽 그룹 7% 적립
적립: [전월 실적, 한도 없는 적립] 국내 카카오페이 결제 1% 적립
해외: [전월 실적, 한도 없는 적립] 해외 온/오프라인 결제 2% 적립
무이자할부: 전국 모든 가맹점 2~3개월 무이자할부 서비스
프리미엄 서비스: MasterCard Platinum 기본 서비스
유의사항: 꼭 확인하세요!"
2725,배민 한그릇카드,현대카드,"10,000","10,000","배달앱: 배민포인트 적립
프리미엄 서비스: Mastercard Platinum 서비스
유의사항: 꼭 확인하세요!"
2726,배민 곱빼기카드,현대카드,"30,000","30,000","배달앱: 배민포인트 적립
프리미엄 서비스: Mastercard Platinum 서비스
유의사항: 꼭 확인하세요!"
2727,NH트래블리체크카드,NH농협카드,,,"캐시백: [국내 서비스] 국내 가맹점 0.2~0.3% 캐시백
캐시백: [국내 가맹점] 일상 가맹점 0.6% 캐시백
해외: [해외 서비스] 외화 결제/인출 서비스
해외: [해외 서비스] 자동충전 서비스
수수료우대: [해외 서비스] 해외 이용 수수료 면제
공항라운지: [해외 서비스] 전 세계 공항라운지 본인 무료 입장 (The lounge / 더 라운지)"
2728,BC 바로 MACAO 카드,BC 바로카드,"12,000","12,000","주유: 모든 주유소에서 많이 넣을수록 크게 할인
대형마트: 장보기 가맹점에서 많이 담을수록 크게 할인
해외: 해외 전 가맹점에서도 전월 실적, 한도 없이 할인
프리미엄 서비스: Mastercard Platinum 등급 기본 서비스 제공
유의사항: 꼭 확인하세요!"
2729,트래블로그 SKYPASS 신용카드,하나카드,"48,000","48,000","대한항공: 대한항공 마일리지 적립
해외: 외화 하나머니 결제 혜택
유의사항: 꼭 확인하세요!"
2730,트래블로그 PRESTIGE 신용카드,하나카드,"150,000","150,000","대한항공: 대한항공 마일리지 적립
해외: 외화 하나머니 결제 혜택
바우처: 프리미엄 바우처
유의사항: 꼭 확인하세요!"
2731,신한카드 Point Plan+,신한카드,"30,000","33,000","적립: 일상 생활비 적립 서비스
적립: 필수 생활비 적립 서비스
디지털구독:  여가 생활비 적립 서비스
유의사항: 꼭 확인하세요!"
2732,토스뱅크 하나카드 Wide,토스뱅크,"20,000","20,000","할인: 국내외 모든 가맹점 어디서나 결제해도 할인
유의사항: 꼭 확인하세요!"
2733,원더 Co brand(집업) 제휴 카드,하나카드,"19,900","19,900","무이자할부: 2~3개월 무이자 할부
국내외가맹점: 전 가맹점 0.8% 청구할인
간편결제: 간편결제 1.2% 청구할인
배달앱: 딜리버리 4.0% 청구할인
쇼핑: 쿠팡 2.0% 청구할인
쇼핑: 오픈마켓 4.0% 청구할인
온라인쇼핑: 온라인식품&쇼핑 4.0% 청구할인
SSM: 슈퍼마켓 2.0% 청구할인
택시: 택시 4.0% 청구할인
유의사항: 꼭 확인하세요!"
2734,코웨이 IBK카드,IBK기업은행,"12,000","15,000","렌탈 : 코웨이 렌탈료 자동이체 할인 서비스
유의사항: 꼭 확인하세요!"
2735,신한카드 Edu Plan+,신한카드,"40,000","43,000","학원: [학원비] 최대 10% 캐시백
생활: [생활비] 1% 캐시백
영화: [문화 취미] 메가박스 영화 온라인 예매 7천원 즉시 할인
유의사항: 꼭 확인하세요!"
2736,현대홈쇼핑 현대카드,현대카드,"10,000","10,000","홈쇼핑: 현대홈쇼핑 특화 혜택 H.Point 최대 3% 적립
유의사항: 꼭 확인하세요!"
2737,the Red (항공 마일리지형),현대카드,"300,000","300,000","대한항공: [기본 혜택] 국내외 가맹점 1,500원당 1 대한항공 마일리지 적립
바우처: [연간 보너스] 다양한 라이프스타일 영역에서 사용 가능한 바우처 제공(연 1회)
공항: [우대 서비스] 공항 라운지 연간 10회 무료 이용·공항 및 특급호텔 발레파킹 무료 이용
프리미엄 서비스: [우대 서비스] 메탈 플레이트 제공
유의사항: 꼭 확인하세요!"
2738,SILVER FOR LOTTE DEPARTMENT STORE,현대카드,"30,000","30,000","적립: [기본 혜택] 국내외 가맹점 1% M포인트 적립
적립: [추가 혜택] 롯데백화점, 롯데아울렛, 롯데몰, 롯데백화점몰(온라인) 5% M포인트 적립
기타: [우대서비스] M긴급적립·무이자 할부·롯데백화점 전용 쿠폰
유의사항: 꼭 확인하세요!"
2739,GOLD FOR LOTTE DEPARTMENT STORE,현대카드,"150,000","150,000","적립: [기본 혜택] 국내외 가맹점 1% M포인트 적립
적립: [추가 혜택] 롯데백화점, 롯데아울렛, 롯데몰, 롯데백화점몰(온라인) 10% M포인트 적립 (월 4만 M포인트 한도)
적립: [연간 보너스] 롯데백화점, 롯데아울렛, 롯데몰, 롯데백화점몰(온라인) 10만 M포인트 적립
기타: [우대서비스] M긴급적립·무이자 할부·롯데백화점 전용 쿠폰
공항: [우대서비스] 공항 라운지 무료 이용·공항 및 특급호텔 발레파킹 무료 이용·메탈 플레이트 제공
유의사항: 꼭 확인하세요!"
2740,트래블GO 체크카드,하나카드,,,"해외이용: 해외 가맹점 이용 수수료 면제 · 해외 ATM 인출 수수료 면제
적립: 국내 가맹점 하나머니 적립 서비스
유의사항: 꼭 확인하세요!"
2741,KT 가족만족 할부 신한카드,신한카드,"22,000","25,000","KT: KT Super 할부
통신: 통신요금 할인
유의사항: 꼭 확인하세요!"
2742,카드의정석 EVERYDAY CHECK,우리카드,,,"국내외가맹점: [기본 적립] 국내/해외 가맹점 0.2% 적립
적립: [추가 적립] 우리페이 0.5% 추가 적립
적립: [특별 적립] 생활소비 1% 특별 적립
유의사항: 꼭 확인하세요!"
2743,3 Body-A 현대카드,현대카드,"300,000","300,000","적립: [기본 혜택] 전월 이용 금액 50만원 이상 시 국내외 가맹점 이용 금액 3종 리워드 적립
적립: [추가 혜택] 대한항공 직판 항공권 1천원 당 3 마일리지·제네시스 신차 2.5%·SSG.COM 7% 적립
적립: 연간 보너스 리워드 적립 (연 1회)
프리미엄: [우대 서비스] 메탈 플레이트 제공·공항 라운지 무료 이용·무료 발레파킹 서비스
유의사항: 꼭 확인하세요!"
2744,EV 카드,KB국민카드,"20,000","20,000","충전소: 전기/수소차 20% 청구할인
자동차: 주차, 세차 20% 청구할인
디지털구독: OTT 20% 청구할인
간편결제: KB Pay 오픈마켓 10% 청구할인
보험: 자동차보험 1만원 청구할인
유의사항: 꼭 확인하세요!"
2745,더담은 체크카드,MG새마을금고,,,"학원: 대상가맹점 결제 시 2천원 할인
주유: 전국 주유소 및 충전소, 전기차충전소 결제 시 1천원 할인캐시백
일반음식점: 음식점 업종 결제 시 1천원 할인캐시백
쇼핑: 대상가맹점 결제 시 1천원 할인
편의점: GS25, CU, 세븐일레븐, 이마트24 결제 시 500원 할인캐시백
해외: 해외 서비스수수료, 현금(예금)인출수수료, 예금잔액조회수수료 면제
유의사항: 꼭 확인하세요!"
2746,삼성 iD ONE 카드,삼성카드,"50,000","50,000","생활: 4대 생활 영역(백화점/할인점/온라인쇼핑몰/주유) 10% 빅포인트 적립
생활: 아파트관리비/이동통신 정기결제 시 3% 빅포인트 적립
교육/육아: 교육(학원/인터넷강의/학습지) 3% 빅포인트 적립
삼성페이: 삼성페이로 국내 오프라인 가맹점 결제 시 1% 빅포인트 적립
해외: 해외 1% 빅포인트 적립
할인: 연회비 할인 서비스
유의사항: 꼭 확인하세요!"
2747,신한카드 The Pet,신한카드,"20,000","23,000","동물병원: 전국 동물병원 30% 결제일 할인
쇼핑: 5개 펫 온라인 전용몰 30% 결제일 할인
온라인쇼핑: 일반 온라인 쇼핑몰 10% 결제일 할인
애완동물: Pet Life
할인: 동물병원, 펫 전용몰 할인한도 변경서비스
유의사항: 꼭 확인하세요!"
2748,신한카드 The Premium Pet,신한카드,"200,000","203,000","동물병원: 전국 동물병원 30% 결제일 할인
쇼핑: 5개 펫 온라인 전용몰 30% 결제일 할인
온라인쇼핑: 일반 온라인 쇼핑몰 10% 결제일 할인
애완동물: Pet Life
할인: 동물병원, 펫 전용몰 할인한도 변경서비스
공항라운지: The Lounge 모바일 앱을 통한 전세계 공항 라운지 무료이용 (연 2회)
바우처: 신한카드 The Premium PET 고객님께 매년 1회 아래 Option 중 선택하신 한 가지의 Gift를 제공해 드립니다.
유의사항: 꼭 확인하세요!"
2749,ONE 체크카드,케이뱅크,,,"대중교통: [K-패스] 매일 대중교통 타고 교통 요금의 최대 53%까지 돌려받아요
대중교통: 대중교통 혜택 추가 3천원 캐시백
캐시백: [모두 다 캐시백] 오프라인 0.7%, 온라인 1.2% 캐시백
캐시백: [여기서 더 캐시백] 자주 쓰는 브랜드에서 최대 7% 캐시백
캐시백: [369 캐시백] 3번 결제할 때마다 1,000원 캐시백
기타: 기본 혜택
유의사항: 꼭 확인하세요!"
2750,달달 하나 체크카드,하나카드,,,"적립: 하나머니 적립 서비스
유의사항: 꼭 확인하세요!"
2751,the Red (M포인트형),현대카드,"300,000","300,000","적립: [기본 혜택] 국내외 가맹점 1.5% M포인트 적립
바우처: [연간 보너스] 다양한 라이프스타일 영역에서 사용 가능한 바우처 제공(연 1회)
적립: [우대 서비스] M 긴급적립(선지급 포인트 서비스)
공항: [우대 서비스] 공항 라운지 연간 10회 무료 이용·공항 및 특급호텔 발레파킹 무료 이용
프리미엄 서비스: [우대 서비스] 메탈 플레이트 제공
유의사항: 꼭 확인하세요!"
2752,the Pink Edition2,현대카드,"150,000","150,000","적립: [기본 혜택] 국내외 가맹점 1.5% M포인트 적립
적립: [추가 혜택] 프리미엄쇼핑 영역 5% M포인트 적립
적립: [우대 서비스] M 긴급적립(선지급 포인트 서비스)
공항: [우대 서비스] 공항 라운지 연간 5회 무료 이용·공항 및 특급호텔 발레파킹 무료 이용
프리미엄 서비스: [우대 서비스] 메탈 플레이트 제공
유의사항: 꼭 확인하세요!"
2753,the Green Edition3,현대카드,"150,000","150,000","적립: [기본 혜택] 국내외 가맹점 1.5% M포인트 적립
적립: [추가 혜택] 여행, 해외 영역 5% M포인트 적립
적립: [우대 서비스] M 긴급적립(선지급 포인트 서비스)
공항: [우대 서비스] 공항 라운지 연간 5회 무료 이용·공항 및 특급호텔 발레파킹 무료 이용
프리미엄 서비스: [우대 서비스] 메탈 플레이트 제공
유의사항: 꼭 확인하세요!"
2755,the Red Stripe Edition2,현대카드,"500,000","500,000","바우처: 취향대로 선택하는 럭셔리 라이프 바우처
적립: M포인트와 항공 마일리지 중 선택 적립
적립: [우대 서비스] M 긴급적립(선지급 포인트 서비스)
프리미엄 서비스: [우대 서비스] 메탈 플레이트 제공
공항: [우대 서비스] 공항 라운지 연간 10회 무료 이용·공항 및 특급 호텔 발레파킹 무료 이용
유의사항: 꼭 확인하세요!"
2756,the Purple,현대카드,"1,000,000","1,000,000","바우처: 국내 Luxury/Gourmet 영역에서 카테고리 구분 없이 사용 가능한 바우처
적립: [기본혜택] 대한항공 마일리지와 M포인트 중 선택 적립
PP: [우대 서비스] Priority Pass 카드
공항: 인천국제공항 라운지 서비스・발레파킹 서비스
프리미엄 서비스: [우대 서비스] 메탈 플레이트
유의사항: 꼭 확인하세요!"
2757,the black,현대카드,"3,000,000","3,000,000","바우처: 국내 Luxury/Gourmet 영역에서 카테고리 구분 없이 사용 가능한 바우처
적립: [기본 혜택] 대한항공 마일리지와 M포인트 중 선택 적립
프리미엄 서비스: [우대 서비스] the Black Concierge
공항라운지: [우대서비스] 인천국제공항 라운지 서비스·발레파킹 서비스
유의사항: 꼭 확인하세요!"
2758,춘식이달달체크카드,NH농협카드,,,"적립: Single Point (월~금 0.5% NH포인트 적립)
Double Point (토,일 1% NH포인트 적립)
적립: Triple Point (요일 관계없이 1.5% NH포인트 적립)
디지털구독: Bonus Point (유튜브, 넷플릭스, 유료 어플리케이션 결제 5% NH포인트 적립)
공항라운지: 국제공항 라운지 무료이용 서비스
유의사항: 꼭 확인하세요!"
2759,신한카드 처음(ANNIVERSE),신한카드,"15,000","18,000","적립: [오늘도 5% 적립 서비스] 음식점·카페·편의점·온라인쇼핑 5% 마이신한포인트 적립
생활: [일상 속 5% 적립 서비스] 생활·여행·패션 5% 마이신한포인트적립
디지털구독: [정기결제 최대 20% 적립 서비스] 통신 10% , OTT 15%, 멤버십 20% 마이신한포인트 적립
적립: [소비관리 보너스] ①계획소비 적립
적립: [소비관리 보너스] ②즉시결제 적립
유의사항: 꼭 확인하세요!"
2760,카드의정석 칼퇴 CHECK,우리카드,,,"푸드: 칼퇴(음식점·주점·카페·편의점) 5% 캐시백 (저녁 6~11시 결제 건)
뷰티/피트니스: 갓생(헬스·뷰티·전자책) 5% 캐시백
교통: 교통(대중교통·택시·카셰어링) 5% 캐시백
유의사항: 꼭 확인하세요!"
2761,KB국민카드 KaPick,KB국민카드,"15,000","15,000","온라인쇼핑: 온라인 쇼핑 10% 청구할인
쇼핑: 오프라인 쇼핑 5% 청구할인
통신: 이동 통신 요금 자동납부 5% 청구할인
디지털구독: OTT 정기 결제 30% 청구할인
영화: 영화 청구할인
유의사항: 꼭 확인하세요"
2762,THE iD. TITANIUM (아시아나),삼성카드,"700,000","700,000","바우처: 기프트 옵션 서비스
아시아나항공: 아시아나 마일리지 적립
아시아나항공: 아시아나항공 서비스
프리미엄 서비스: 공항 라운지 서비스・특수 소재 카드
유의사항: 꼭 확인하세요!"
2763,CU Npay 카드,신한카드,"16,000","19,000","편의점: CU 편의점 최대 20% 현장할인
적립: CU 편의점 외 최대 5% 네이버페이 포인트 적립
편의점: CU 멤버십 서비스
유의사항: 꼭 확인하세요!"
2764,올리브영 현대카드,현대카드,"30,000","30,000","드럭스토어: 올리브영 및 국내외 가맹점 이용 금액의 최대 5% 올리브영 현대카드 리워드 발행
기타: [우대 서비스] 메탈 플레이트 제공
유의사항: 꼭 확인하세요!"
2765,LOCA X 기후동행카드,롯데카드,"10,000","10,000","할인: 국내 가맹점 0.5% 할인
교통: 기후동행요금 결제일 할인
유의사항: 꼭 확인하세요!"
2766,신한 후불 기후동행 신용카드,신한카드,"9,000","12,000","교통: 후불 기후동행카드 서비스 안내
할인: 온라인 10% 할인
할인: 오프라인 10% 혜택
유의사항: 꼭 확인하세요!"
2767,신한 후불 기후동행 체크카드,신한카드,,,"교통: 후불 기후동행카드 서비스 안내
할인: 온라인 5% 할인
할인: 오프라인 5% 혜택
유의사항: 꼭 확인하세요!"
2768,하나 기후동행체크카드,하나카드,,,"캐시백: 캐시백 서비스
교통: 후불교통 기능 이용안내
유의사항: 꼭 확인하세요!"
2769,KB국민 기후동행카드,KB국민카드,"10,000",,"교통: 후불 기후동행카드 안내
할인: 청구할인 서비스
유의사항: 꼭 확인하세요!"
2770,KB국민 기후동행체크카드,KB국민카드,,,"교통: 후불 기후동행카드 안내
할인: 할인 서비스
유의사항: 꼭 확인하세요!"
2771,기후동행 삼성카드,삼성카드,"7,000","7,000","카페: 커피전문점/편의점 10% 결제일할인
통신: 이동통신요금 정기결제 시 5%/7% 결제일할인
생활: 배달앱/온라인쇼핑몰/헬스&뷰티/생활잡화 5%/7% 결제일할인
디지털구독: 디지털콘텐츠 정기결제 시 30% 결제일할인
해외: 전월 이용금액에 관계없이, 할인한도 없이 해외 1% 결제일 할인
선택형: 특수 소재 카드 신청 가능
교통: 후불 기후동행카드 안내
유의사항: 꼭 확인하세요!"
2772,기후동행카드(신용),NH농협카드,"4,000",,"쇼핑: [온라인] 온라인 쇼핑몰 10% 청구할인
도서: [온라인] 온라인 서점 10% 청구할인
교육/육아: [온라인] 어학시험 10% 청구할인
영화: [온라인] CGV 온라인 예매(홈페이지, 모바일앱) 2,000원 청구할인
배달앱: [온라인] 배달앱(배달의 민족, 요기요) 10% 청구할인
통신: [오프라인] 이동통신 자동납부 4,000원 청구할인
카페: [오프라인] 커피(스타벅스, 이디야) 3,000원 청구할인
편의점: [오프라인] GS25 5% 청구할인
테마파크: [보너스 서비스] 놀이공원 할인 서비스
교통: 후불 기후동행카드 이용 관련
유의사항: 꼭 확인하세요!"
2773,기후동행카드(체크),NH농협카드,,,"쇼핑: [온라인] 온라인 쇼핑몰 10% 청구할인
도서: [온라인] 온라인 서점 10% 청구할인
교육/육아: [온라인] 어학시험 10% 청구할인
영화: [온라인] CGV 온라인 예매(홈페이지, 모바일앱) 2,000원 청구할인
배달앱: [온라인] 배달앱(배달의 민족, 요기요) 3% 청구할인
통신: [오프라인] 이동통신 자동납부 2,500원 청구할인
카페: [오프라인] 커피(스타벅스, 이디야) 10% 청구할인
편의점: [오프라인] GS25 3% 청구할인
테마파크: [보너스 서비스] 놀이공원 할인 서비스
교통: 
후불 기후동행카드 이용 관련
유의사항: 꼭 확인하세요!"
2774,BC 바로 기후동행카드,BC 바로카드,"7,000",,"교통: 기후동행카드 안내
교통: 대중교통(버스, 지하철) 15% 결제일 할인
통신: 이동통신요금 5% 결제일 할인
디지털구독: OTT/스트리밍 10% 결제일 할인
편의점: 편의점 5% 결제일 할인
온라인쇼핑: 온라인쇼핑 멤버십 10% 결제일 할인
카페: 카페 5% 결제일 할인
유의사항: 꼭 확인하세요!"
2775,카카오페이 트래블로그 체크카드,하나카드,,,"적립: 국내 가맹점 카카오페이 포인트 적립 서비스
해외이용: 해외 이용수수료 면제 서비스
유의사항: 꼭 확인하세요!"
2776,이마트 e카드 Plus,현대카드,"30,000","30,000","적립: [기본 혜택] 국내외 가맹점 0.5% 신세계포인트 적립
적립: [추가 혜택] 이마트 7대 가맹점, 온라인몰, 병원·약국, 학원 5% 신세계포인트 적립
프리미엄 서비스: [우대 서비스] 메탈 플레이트 제공
유의사항: 꼭 확인하세요!"
2777,이마트 e카드 Basic,현대카드,"20,000","20,000","적립: [기본 혜택] 국내외 가맹점 0.5% 신세계포인트 적립
적립: [추가 혜택] 이마트 7대 가맹점 5% 신세계포인트 적립
유의사항: 꼭 확인하세요!"
2778,IBK포인트3.8(신용),IBK기업은행,"37,000","38,000","국내외가맹점: [기본 포인트] 국내외 가맹점 이용금액의 1.5% 적립
해외: [특별 포인트 I] 해외 가맹점 이용금액의 5% 적립
온라인쇼핑: [특별 포인트 II] 온라인 쇼핑 가맹점 이용금액의 0.5% 적립
유의사항: 꼭 확인하세요!"
2779,IBK포인트(신용),IBK기업은행,"21,000","22,000","적립: 국내외 가맹점 최대 3.3% 적립
유의사항: 꼭 확인하세요!"
2780,HERITAGE Classic [할인형],KB국민카드,"127,000","127,000","국내외가맹점: [기본 서비스] 국내외 가맹점 1% 청구할인
할인: [특별 서비스] 생활밀착 4개 영역 1.2% 청구 할인
할인: [특별 서비스] Flex 영역(온라인항공/호텔/온라인면세/스포츠/미용실) 
건당 20만원 이상 결제 시 1만원 청구할인
자동차: [특별 서비스] 카(Car) 라이프 영역(주차/세차) 10% 청구할인
공항라운지: 전세계 공항 라운지 무료 이용(The LOUNGE)
바우처: [Classic 전용혜택] 쿠폰 서비스 연 1회 제공, 3가지 중 택 1
프리미엄 서비스: [Classic 전용혜택] 브랜드 서비스·금융 서비스·전용고객센터
유의사항: 꼭 확인하세요!"
2781,HERITAGE Classic [스카이패스형],KB국민카드,"157,000","157,000","대한항공: [기본 서비스] 국내외 가맹점 1,500원당 1마일리지 적립
대한항공: [특별 서비스] 생활밀착 4개 영역 1,500원당 2마일리지 적립
대한항공: [특별 서비스] Flex 영역(온라인항공/호텔/온라인면세/스포츠/미용실) 
건별 결제금액 1,500원당 대한항공 2마일리지 적립
자동차: [특별 서비스] 카(Car) 라이프 영역(주차/세차) 10% 청구할인
공항라운지: 전세계 공항 라운지 무료 이용(The LOUNGE)
바우처: [Classic 전용혜택] 쿠폰 서비스 연 1회 제공, 4가지 중 택 1
프리미엄 서비스: [Classic 전용혜택] 브랜드 서비스·금융 서비스·전용고객센터
유의사항: 꼭 확인하세요!"
2782,현대카드 Teens,현대카드,"2,000",,"할인: 청소년이 자주 이용하는 4개 영역 2% 청구 할인
유의사항: 꼭 확인하세요!"
2783,IBK포인트(체크),IBK기업은행,,,"국내외가맹점: [기본 적립] 국내・외 가맹점 이용금액의 0.2% 적립
카페: [추가 적립] 특정가맹점 이용금액의 6% 적립
유의사항: 꼭 확인하세요!"
2784,K-패스 우리카드,우리카드,"15,000",,"할인: [기본 할인] 국내 가맹점 0.3% 청구할인
생활: [생활 할인] 스타벅스, 폴바셋 10% 청구할인
편의점: [생활 할인] CU, GS25 10% 청구할인
대중교통: [대중교통 할인] 버스, 지하철 10% 청구할인
유의사항: 꼭 확인하세요!"
2785,힐튼 아너스 아멕스,롯데카드,"247,000","250,000","적립: 힐튼 아너스 포인트 적립 (1,500원 당 2~4 힐튼 아너스 포인트 적립)
호텔: 전세계 힐튼호텔 주말 무료 숙박권 1매 제공
호텔: 힐튼 아너스 멤버쉽 실버 등급 제공 및 골드 등급으로 업그레이드
공항라운지: 국내/해외 공항라운지 1인 무료 이용(연2회)
유의사항: 꼭 확인하세요!"
2786,힐튼 아너스 아멕스 프리미엄,롯데카드,"497,000","500,000","적립: 힐튼 아너스 포인트 적립 (1,500원 당 2~8 힐튼 아너스 포인트 적립)
호텔: 전세계 힐튼 호텔 주말 무료 숙박권 2매 제공
호텔: 힐튼 아너스 멤버십 골드 등급 제공 및 다이아몬드 등급으로 업그레이드
공항라운지: 국내/해외 공항라운지 1인 무료 이용(연4회)
유의사항: 꼭 확인하세요!"
2787,LGE.COM 신한카드,신한카드,"25,000","28,000","생활: LGE.COM 플러스 서비스 이용 시, LG전자 온라인몰 LGE.COM에서 제품 구매 시 플러스 서비스 혜택 제공
생활: LGE.COM 플러스 서비스 미이용 시, LGE.COM 플러스 미이용 시에만 제공되는 서비스
유의사항: 꼭 확인하세요!"
2788,신한카드 The ACE BLUE LABEL,신한카드,,"700,000","바우처: Gift Option 서비스
항공마일리지: 대한항공 마일리지/아시아나항공 마일리지 적립(택 1)
프리미엄: 연(1~12월) 중 3회 선택이 가능한 Premium Box 서비스 제공
생활: 생활서비스
PP: 공항라운지카드(Priority Pass) 서비스
면세점: JDC 면세점 할인 서비스/골프장 부킹 대행 서비스
프리미엄 서비스: 라이프스타일 Desk 서비스
프리미엄 서비스: 국제브랜드사 서비스(플래티늄 등급 선태 시 제공)
유의사항: 꼭 확인하세요!"
2789,에버온 EV 카드,KB국민카드,"20,000","20,000","충전소: 전기/수소차 충전 20% 청구할인
자동차: 주차, 세차  20% 청구할인
디지털구독: OTT 20% 청구할인
쇼핑: KB Pay 오픈마켓  20% 청구할인
보험: 자동차보험 1만원 청구할인
유의사항: 꼭 확인하세요!"
2790,현대카드 Summit CE,현대카드,"80,000","80,000","적립: [기본 혜택] 전월 이용 금액 50만원 이상 시 국내외 가맹점 1.5% M포인트 적립
적립: [추가 혜택] 전월 이용 금액 100만원 이상 시 교육, 병원, 여행, 골프 5% M포인트 적립
바우처: [연간 보너스] 백화점, 주유, 다이닝 영역에서 사용 또는 M포인트로 교환 가능한 5만원 크레딧 제공(연 1회)
프리미엄 서비스: 우대 서비스
유의사항: 꼭 확인하세요!"
2791,현대카드 Boutique - Velvet,현대카드,"80,000","80,000","바우처: [연간 보너스] 호텔, 여행, 다이닝 영역에서 사용 또는 M포인트로 교환 가능한 5만원 크레딧 제공(연 1회)
적립: [기본 혜택] 전월 이용 금액 50만원 이상 시 국내외 가맹점 1.5% M포인트 적립
적립: [추가 혜택] 전월 이용 금액 100만원 이상 시 온라인몰, 백화점, 대형마트, 교육 5% M포인트 적립
프리미엄 서비스: 우대 서비스
유의사항: 꼭 확인하세요"
2792,현대카드 Boutique - Satin,현대카드,"80,000","80,000","바우처: [연간 보너스] 호텔, 여행, 다이닝 영역에서 사용 또는 M포인트로 교환 가능한 5만원 크레딧 제공(연 1회)
적립: [기본 혜택] 전월 이용 금액 50만원 이상 시 국내외 가맹점 1.5% M포인트 적립
적립: [추가 혜택] 전월 이용 금액 100만원 이상 시 온라인몰, 드럭스토어, 커피전문점, 대중교통 5% M포인트 적립
프리미엄 서비스: 우대 서비스
유의사항: 꼭 확인하세요!"
2793,현대카드 Boutique - Copper,현대카드,"80,000","80,000","바우처: [연간 보너스] 호텔, 여행, 다이닝 영역에서 사용 또는 M포인트로 교환 가능한 5만원 크레딧 제공(연 1회)
적립: [기본 혜택] 전월 이용 금액 50만원 이상 시 국내외 가맹점 1.5% M포인트 적립
적립: [추가 혜택] 전월 이용 금액 100만원 이상 시 온라인몰, 배달 앱, 편의점, 대중교통 5% M포인트 적립
프리미엄 서비스: 우대 서비스
유의사항: 꼭 확인하세요!"
2794,네이버 현대카드 Edition2,현대카드,"20,000","20,000","적립: [기본 혜택] 전월 이용 금액 50만원 이상 시 국내외 가맹점 0.7% 네이버페이 포인트 적립
국내외가맹점: [추가 혜택] 전월 이용 금액 50만원 이상 시 네이버플러스 멤버십 적립 대상
최대 7% 네이버페이 포인트 적립
유의사항: 꼭 확인하세요!"
2795,올라운드카드,KB국민카드,,"15,000","모든가맹점: 전 가맹점 적립 서비스
선택형: 선택 할인서비스 (2종 중 택1)
유의사항: 꼭 확인하세요!"
2796,롯데카드 TELLO SE,롯데카드,"25,000","25,000","SKT: SKT 통신요금 결제일 할인
통신: TELLO 할부(할부이자 5.5%~6.9%)
유의사항: 꼭 확인하세요!"
2797,SKT T다운 하나카드,하나카드,"25,000","25,000",SKT: SKT 라이트할부 청구할인
2798,LG전자 스페셜 롯데카드,롯데카드,"12,000","15,000","할인: LG전자 베스트샵 렌탈료 결제 시 최대 23,000원 결제일 할인
캐시백: LG전자 베스트샵 장기할부이용 최대 23,000원 캐시백
멤버십포인트: L.POINT 적립
유의사항: 꼭 확인하세요!"
2799,K-패스엔로카,롯데카드,"20,000","20,000","대중교통: K-패스 안내
생활: 대중교통 & 생활비 최대 15% 결제일 할일
유의사항: 꼭 확인하세요!"
2800,LGU+더 심플 하나카드,하나카드,"25,000","25,000","LGU+: 월납요금 청구할인
유의사항: 꼭 확인하세요!"
2801,롯데하이마트 Hi-Class 롯데카드,롯데카드,"15,000","20,000","할인: 롯데하이마트 물품 구매 시 결제일 할인
금융: 롯데하이마트 프리미엄 세이브서비스
기타: 기본 서비스
프리미엄 서비스: 프리미엄 서비스
유의사항: 꼭 확인하세요!"
2802,LG U+ NU 우리카드 Ⅱ,우리카드,"20,000","20,000","LGU+: LG U+통신서비스 요금
LGU+: LG U+단말기 장기할부 서비스
유의사항: 꼭 확인하세요!"
2803,T 라이트 KB국민카드,KB국민카드,"20,000","20,000","SKT: T 라이트할부 서비스
SKT: 통합청구 할인 서비스
공과금: 정기결제 추가 청구 할인
유의사항: 꼭 확인하세요!"
2804,LG전자 구독애 GS칼텍스 신한카드 Shine,신한카드,,"7,000","디지털구독: LG전자 구독료 자동이체 시 월 1만원 할인(1달 1건 기준)
주유: GS칼텍스 주유 시 리터당 60~100원 할인
대중교통: 버스, 지하철, 택시 3~7% 할인
테마파크: 롯데월드, 서울랜드 자유이용권 본인 50% 할인, 캐리비안베이 입장권 본인 30% 할인
영화: 온라인 영화 할인
헤어: 박승철헤어스투디오, 박준 20% 할인
유의사항: 꼭 확인하세요!"
2805,토스페이 플러스 신한카드,신한카드,"1,000",,"선택형: 8가지 혜택 중 선택
간편결제: 모바일 단독카드
유의사항: 꼭 확인하세요!"
2806,토스신용페이 KB국민카드,KB국민카드,"1,000",,"선택형: 8가지 혜택 중 선택
간편결제: 모바일 단독카드
유의사항: 꼭 확인하세요!"
2807,신한카드 The BEST-X,신한카드,"297,000","300,000","적립: [기본 리워드] 이용금액 1% 적립(마이신한포인트형) / 1,500원 당 1마일 적립(스카이패스형)
바우처: Gift Option 서비스 (연 1회/ 택 1)
바우처: Bonus Gift 서비스
생활: [Life Experience 서비스] 커피전문점 2천원 할인/택시 이용금액 7% 할인
공항라운지: THE LOUNGE 서비스
유의사항: 꼭 확인하세요!"
2808,딩딩 체크카드,BNK부산은행,,,"편의점: GS25, CU, 세븐일레븐 10% 할인
베이커리: 파리바게뜨, 뚜레쥬르, 던킨도너츠 10% 할인
패스트푸드: 맥도날드, 롯데리아 10% 할인
카페: 스타벅스, 카페베네, 엔제리너스 10% 할인
쇼핑: CJ올리브영, 다이소 10% 할인
온라인쇼핑: G마켓, 옥션, 11번가 5% 할인
영화: 영화 할인
도서: 교보, 영풍, YES24, 영광도서 2천원 할인
유의사항: 꼭 확인하세요!"
2809,Young Hana+ 체크카드,하나카드,,,"간편결제: 페이결제 0.5% 캐시백
편의점: GS25, CU, 이마트24, 세븐일레븐 5% 캐시백 
배달앱: 배달의 민족, 요기요 5% 캐시백
대중교통: 버스, 지하철 10% 캐시백
카페: 스타벅스, 투썸플레이스 20% 캐시백
유의사항: 꼭 확인하세요!"
2810,더 심플 체크카드,하나카드,,,"통신: 통신 요금 대상 가맹점 자동이체 1만원 이상 납부 시 5,000원 캐시백
카페: 스타벅스, 커피빈, 투썸플레이스 1만원 이상 결제 시 5% 캐시백
유의사항: 꼭 확인하세요!"
2811,더 심플 하나카드,하나카드,"25,000","25,000","할인: 월납 요금 최대 15,000원 할인
유의사항: 꼭 확인하세요!"
2812,zgm.고향으로 체크,NH농협카드,,,"적립: 국내/해외 이용가맹점 0.2% NH포인트 기본적립
적립: 주말(토/일요일) 국내 이용가맹점 0.2% NH포인트 추가 적립
적립: [고향사랑 우대 서비스] 주말(토/일요일) 전국 오프라인 가맹점 이용 시 0.2% NH포인트 추가 적립
유의사항: 꼭 확인하세요!"
2813,NH1961체크카드,NH농협카드,,,"적립: [기본적립] 국내/해외 이용가맹점 0.2~0.4% NH포인트 적립
디지털구독: 언택트 라이프영역 5~20% NH포인트 적립
공항라운지: 국제공항 라운지 무료이용 연 1회 제공"
2814,카카오뱅크 모임 체크카드,카카오뱅크,,,"캐시백: 결제하면 바로 받는 랜덤 캐시백
기간 : 2025.01.01~2025.12.31
유의사항: 꼭 확인하세요!"
2815,(심의용)쿠팡 와우카드,KB국민카드,"20,000","20,000","혜택 프로모션: 쿠팡, 쿠팡이츠, 쿠팡플레이 최대 4만원 적립(전월실적 조건 없음)
쿠팡 외 최대 1.2만원 적립(전월실적 조건 없음)
적립: (상품 기본 혜택) 쿠팡, 쿠팡이츠, 쿠팡플레이 2% 쿠팡캐시 적립
적립: (상품 기본 혜택) 쿠팡 외 가맹점 0.2% 쿠팡캐시 적립
유의사항: 꼭 확인하세요!"
2816,1ST A-CHECK카드,광주은행,,,"국내외가맹점: [기본 캐시백] 국내외 이용금액의 0.2% 캐시백
캐시백: [추가 캐시백] 대상 업종 또는 가맹점 이용금액의 0.2% 추가 캐시백
캐시백: [특별 캐시백] 대상 업종별 5% 추가 캐시백
유의사항: 꼭 확인하세요!"
2817,iM K-패스 체크카드,iM뱅크,,,"교통: 대중교통 요금 10% 할인
배달앱: 배달앱 2% 할인
통신: 이동통신 2% 할인
생활: 커피·생활용품·편의점 2% 할인
영화: 영화 2% 할인
디지털구독: OTT 2% 할인
유의사항: 꼭 확인하세요!"
2818,iM K-패스 카드,iM뱅크,"5,000","5,000","대중교통: 대중교통 요금 10% 할인
배달앱: 배달앱 5% 할인
통신: 이동통신 5% 할인
생활: 커피·생활용품·편의점 5% 할인
영화: 영화 5% 할인
디지털구독: OTT 5% 할인
유의사항: 꼭 확인하세요!"
2819,심의용,KB국민카드,"15,000","20,000","주유: 주유소, 충전소 업종 리터당 60원 청구할인
대형마트: 대형마트 10% 청구할인
통신: 전화요금, 인터넷이용료, 케이블TV 업종 10% 청구할인
교통: 버스, 지하철, 택시 업종 10% 청구할인
해외이용: 해외이용(해외직구) 5% 할인 캐시백
푸드: 음식점, 커피전문점, 편의점, 약국 업종 10% 추가 청구할인
학원: 학원/피트니스 업종 10% 추가 청구할인
유의사항: 꼭 확인하세요!"
2820,원더카드 (원더 FREE+),하나카드,"19,900","19,900","국내외가맹점: 국내외 모든 가맹점 0.8% 청구할인
간편결제: 하나페이 모든 결제 1.2% 청구할인
쇼핑: 쿠팡&슈퍼마켓 2% 청구할인
배달앱: 배달의민족, 요기요, 쿠팡이츠 4% 청구할인
온라인쇼핑: 컬리, SSG.COM, 롯데ON, 더현대닷컴 4% 청구할인
쇼핑: G마켓, 옥션, 11번가, 인터파크, 위메프, 티몬 4% 청구할인
택시: 카카오T, UT, 택시업종 4% 청구할인
무이자할부: 국내 5만원 이상 결제건 2~3개월 무이자 할부
유의사항: 꼭 확인하세요!"
2821,원더카드 (원더 HAPPY+),하나카드,"19,900","19,900","국내외가맹점: 국내외 모든 결제 시 0.5% 할인
쇼핑: 쿠팡 2% 할인
백화점: 백화점 2% 할인
대형마트: 마트 2% 할인
홈쇼핑: 홈쇼핑 2% 할인
SSM: 슈퍼마켓 2% 할인
편의점: 편의점 2% 할인
베이커리: 베이커리 2% 할인
간편결제: 간편결제 5% 할인
유의사항: 꼭 확인하세요!"
2822,쿠쿠 X LOCA,롯데카드,"20,000","20,000","렌탈 : 쿠쿠 렌탈료 결제 시 결제일 할인
캐시백: 장기 할부 서비스 및 캐시백"
2823,롯데멤버스 카드,롯데카드,"30,000","30,000","적립: [기본적립] 국내외 가맹점 0.5% 롯데멤버스 카드 L.POINT 적립
적립: [특별적립] 롯데멤버스 브랜드 최대 5% '롯데멤버스 카드 L.POINT' 적립
적립: [미리적립] 최대 20만 '롯데멤버스 카드 L.POINT' 미리적립 (선지급 포인트 서비스)
유의사항: 꼭 확인하세요!"
2824,롯데멤버스 카드 프리미엄,롯데카드,"150,000","150,000","적립: [기본적립] 국내외 가맹점 0.7% 롯데멤버스 카드 L.POINT 적립
적립: [특별적립] 롯데멤버스 브랜드 최대 5% '롯데멤버스 카드 L.POINT' 적립
적립: [미리적립] 최대 50만 '롯데멤버스 카드 L.POINT' 미리적립 (선지급 포인트 서비스)
바우처: SPECIAL GIFT - 롯데상품권카드 5만원
프리미엄 서비스: MasterCard Platinum Service
유의사항: 꼭 확인하세요!"
2825,우리 기후동행카드(신용),우리카드,"12,000",,"할인: 국내 가맹점 0.8% 할인
대중교통: 후불 기후동행카드 서비스 이용 안내
유의사항: 꼭 확인하세요!"
2826,우리 기후동행카드(체크),우리카드,,,"할인: 생활 5% 캐시백 서비스
대중교통: 후불 기후동행카드 서비스 이용 안내
유의사항: 꼭 확인하세요!"
2827,삼성 iD STATION 카드 (GS칼텍스),삼성카드,"15,000","15,000","주유: GS칼텍스에서 주유 시 10% 결제일할인
통신: 통신요금 정기결제 시 5% 결제일할인
편의점: 편의점 5% 결제일할인
온라인쇼핑: 온라인쇼핑몰 5% 결제일할인
적립: GS&POINT 적립 서비스
유의사항: 꼭 확인하세요!"
2828,삼성 iD STATION 카드 (SK에너지),삼성카드,"15,000","15,000","주유: SK주유(충전)소에서 주유 시 10% 결제일할인
통신: 통신요금 정기결제 시 5% 결제일할인
편의점: 편의점 5% 결제일할인
온라인쇼핑: 온라인쇼핑몰 5% 결제일할인
정비: 차량 점검 서비스
유의사항: 꼭 확인하세요!"
2830,Point Plan 체크(SOL 모임),신한카드,,,"생활: [일상 생활비 적립] 국내 건당 결제금액별 0.2~1% 포인트 적립
배달앱: [주말 배달앱 적립] 필수 생활비 - 주말 배달앱 적립
편의점: [편의점 적립] 필수 생활비 - 편의점 적립
유의사항: 꼭 확인하세요!"
2831,알리익스프레스 신한카드,신한카드,"16,000","19,000","쇼핑: 알리익스프레스 국내 / 해외 배송상품 10% 결제일 할인
할인: 음식점·카페·배달앱 영역 통합 10% 결제일 할인
해외: 해외 이용 시 1% 마이신한포인트 적립
유의사항: 꼭 확인하세요!"
2832,제주항공 트레블제로카드,코나카드,,,"해외: 해외 혜택
할인: 국내 혜택
제주항공: 전용 혜택
기타: 소득공제·부가기능
유의사항: 꼭 확인하세요!"
2835,신한카드 Discount Plan+,신한카드,"50,000","50,000","할인: Time Plan 서비스
쇼핑: [Daily Plan 서비스] 쇼핑 10% 결제일 할인
교통: [Daily Plan 서비스] 이동 5% 결제일 할인
생활: [Daily Plan 서비스] 생활 5% 결제일 할인
할인: [Plan Day 서비스] 매월 1일 Time Plan, Daily Plan 서비스 2배 할인
할인: [Monthly Plan 서비스] 정기결제(공과금/디지털구독·멤버십/피트니스) 최대 20% 할인
영화: [Monthly Plan 서비스] 영화 예매 5천원 결제일 할인
캐시백: [Annual Plan 서비스] 장보기 3만원 캐시백 (연 1회)
할인: [Annual Plan 서비스] 스피트메이트 정비 현장 할인·테마파크 할인
유의사항: 꼭 확인하세요!"
2836,신한카드 Discount Plan,신한카드,"15,000","15,000","할인: Time Plan 서비스
쇼핑: [Daily Plan 서비스] 쇼핑 10% 결제일 할인
교통: [Daily Plan 서비스] 이동 5% 결제일 할인
생활: [Daily Plan 서비스] 생활 5% 결제일 할인
할인: [Plan Day 서비스] 매월 1일 Time Plan, Daily Plan 서비스 2배 할인
할인: [Monthly Plan 서비스] 정기결제(공과금/디지털구독·멤버십) 최대 20% 결제일 할인
영화: [Monthly Plan 서비스] 영화 예매 5천원 결제일 할인
할인: [Annual Plan 서비스] 스피트메이트 정비 현장 할인
유의사항: 꼭 확인하세요!"
2837,WE:SH All+ 카드,KB국민카드,"55,000","55,000","할인: 국내 가맹점 1% 할인
해외: 해외 가맹점 2% 할인
할인: 쇼핑 멤버십 50%, OTT 10%, 이동통신 5% 할인(자동납부 할인)
적립: 분기 보너스 적립 (연 최대 4만점)
유의사항: 꼭 확인하세요!"
2838,기아 챔피언스카드,광주은행,"14,000","15,000","경기관람: 경기장 입장료 최대 5,000원 혜택
쇼핑: 팀스토어 매장 이용시 10% 캐시백
편의점: 편의점 및 F&B 매장 이용시 10% 캐시백
주유: 전국6 대주유소 리터당 100 원 캐시백
영화: 영화(온라인예매·현장구매) 월 최대 3,000원 캐시백
카페: 커피 월 최대 4,000원 캐시백
기차: 철도(KTX&SRT) 5%, 월 최대 10,000원 캐시백
레저/스포츠: 놀이공원,레저 30~50% 할인
패밀리레스토랑: 패밀리 레스토랑 20% 현장할인 서비스
유의사항:  꼭 확인하세요!"
2839,Together 체크카드,광주은행,,,"국내외가맹점: 실적・한도 제한 없이 국내외 가맹점 이용 금액의 0.2% 캐시백
캐시백: 대상 업종 또는 가맹점 이용금액의 0.2% 추가 캐시백
금융: 수수료 및 환율 우대
유의사항: 꼭 확인하세요!"
2840,오일모아카드,광주은행,"14,000","15,000","주유소: 주유 리터당 80원~120원 캐시백
정비: 자동차 정비 가맹점 캐시백
카페: 커피 20대 브랜드 10% 캐시백
영화: 영화 가맹점 10% 캐시백
디지털구독: OTT 가맹점 10% 캐시백
유의사항: 꼭 확인해주세요!"
2841,에듀플러스카드,광주은행,"14,000","15,000","학원: 학원 업종 가맹점 20% 캐시백
학습지: 학습지 12대 브랜드 20% 캐시백
도서: 대형서점, 온라인서점, 전자북 10% 캐시백
캐시백: 온라인교육·EBS 교재 10% 캐시백
카페: 커피 20대 브랜드 10% 캐시백
OTT/영화/문화: 영화, OTT 가맹점 10% 캐시백
유의사항: 꼭 확인하세요!"
2842,현대카드 X Cut,현대카드,"30,000","30,000","할인: [기본 혜택] 전월 이용 금액 50만원 이상 시 국내외 가맹점 1% 청구 할인
할인: [추가 혜택] 전월 이용 금액 100만원 이상 시 뷰티/생활/패션, 배달앱, 편의점 5% 청구 할인
적립: X 긴급할인(선지급 포인트 서비스)
프리미엄 서비스: 메탈 플레이트 제공
유의사항: 꼭 확인하세요!"
2843,현대카드 X Save,현대카드,"30,000","30,000","할인: [기본 혜택] 전월 이용 금액 50만원 이상 시 국내외 가맹점 1% 청구 할인
할인: [추가 혜택] 전월 이용 금액 100만원 이상 시 온라인몰, 교육, 병원 5% 청구 할인
적립: X 긴급할인(선지급 포인트 서비스)
프리미엄 서비스: 메탈 플레이트 제공
유의사항: 꼭 확인하세요!"
2844,현대카드 ZERO Up,현대카드,"30,000","30,000","할인: [기본 혜택] 실적·한도 제한 없이 국내외 가맹점 0.8% 청구 할인
할인: [추가 혜택] 온라인몰, 대형마트, 교육, 주유, 이동통신 요금 10만원 이상 결제 시 1.6% 청구 할인
할인: X 긴급할인(선지급 포인트 서비스)
프리미엄 서비스: 메탈 플레이트 제공
유의사항: 꼭 확인하세요!"
2845,My WE:SH+카드,KB국민카드,"50,000","50,000","간편결제: KB Pay 10% 할인
푸드: 음식점, 편의점 10% 할인
통신: 이동통신요금 10% 할인
디지털구독: OTT 30% 할인
할인: 병원, 약국, 스포츠 5% 할인
할인: 온라인쇼핑, 주유, 커피 5% 할인
자동차: 주차장, 세차장 10% 할인
프리미엄 서비스: 쿠폰 서비스 (2종 중 택1)
프리미엄: Mastercard 서비스
유의사항: 꼭 확인하세요!"
2846,클래시 트래블카드,NH농협카드,"120,000","120,000","적립:  국내 가맹점 1.2% NH포인트 적립 (전월실적 무관)
수수료우대: 해외 서비스 및 국제 브랜드 수수료 면제 (전월실적 무관, 한도 없음)
적립: 해외가맹점 3~4% NH포인트 적립
공항라운지/PP: 전 세계 공항라운지 무료 입장
적립: [보너스 포인트] 연간 이용금액 1천만원 이상 시 NH포인트 적립
유의사항: 꼭 확인하세요!"
2847,신한카드 SOL트래블 J체크,신한카드,,,"해외이용: 해외 이용금액 현지통화 결제 서비스
해외이용: [해외 이용 서비스] 국제 브랜드 수수료(1%) / 해외 서비스 수수료(0.2%) 면제
해외이용: [해외 이용 서비스] 해외 ATM 이용 인출 수수료(건당 $3) 및 국제 브랜드 수수료(1%) 면제 
해외이용: [해외 이용 서비스] 해외 대중교통 컨택리스 방식으로 이용 시 1% 결제일 할인
해외: [일본 여행 서비스] 돈키호테/스타벅스 50% 할인
편의점: [국내 이용 서비스] 국내 4대 편의점 5% 결제일 할인
대중교통: [국내 이용 서비스] 국내 대중교통 1% 결제일 할인
유의사항: 꼭 확인하세요!"
2848,카드의정석2,우리카드,"22,000","22,000","국내외가맹점: 국내외 가맹점 1.2% 청구할인
할인: 분기별 이용 실적에 따라 최대 15,000원 청구할인
유의사항: 꼭 확인하세요!"
2849,케이뱅크 ALPHA카드,케이뱅크,"3,000",,"혜택 프로모션: [2025.05.17~2025.08.31] 매달 내 맘대로 5개 혜택, 최대 5천원 캐시백
교통: 교통카드 기능
수수료우대: 전국 어디서나 ATM 수수료 무료
간편결제: 카드 신청 즉시 Pay 서비스 등록
수수료우대: 친구에게 평생 무료로 송금
유의사항: 꼭 확인하세요!"
2850,I-기후동행카드(신용),IBK기업은행,"14,000",,"할인: 국내 가맹점 0.5% 할인
온라인쇼핑: [LIVING] 온라인쇼핑 1%~1.5% 할인
홈쇼핑: [LIVING] 홈쇼핑 1%~1.5% 할인
배달앱: [LIVING] 배달앱 1%~1.5% 할인
대형마트: [LIVING] 대형마트 1%~1.5% 할인
카페: [LIVING] 커피 1%~1.5% 할인
편의점: [LIVING] 편의점 1%~1.5% 할인
교통: [LIVING] 대중교통, 택시 1%~1.5% 할인
주유: [LIVING] 주유, 충전 1%~1.5% 할인
통신: [LIVING] SKT, KT, LG U+ 통신요금 자동납부 1%~1.5% 할인
애완동물: [LIVING] 동물병원, 애완동물 업종 1%~1.5% 할인
디지털구독: [MEMBERSHIP] OTT 5%~7% 할인
디지털구독: [MEMBESHIP] 온라인멤버십 5%~7% 할인
유의사항: 꼭 확인하세요!"
2851,우리카드 7CORE,우리카드,"50,000","50,000","할인: 7대 생활영역 10% 청구할인
유의사항: 꼭 확인하세요!"
2852,KB 틴업 체크카드,KB국민카드,,,"APP: [공통] KB Pay 오프라인 결제 2% 할인
편의점: [공통] CU, 세븐일레븐 5% 할인
쇼핑: [공통] 다이소, 올리브영, KB Pay 쇼핑 5% 할인
할인: [공통] 독서실 업종 5% 할인
도서: [공통] 서점 업종, 문구점 업종 5% 할인
게임: [놀이 | 2~3구간 혜택] PC방 5% 할인
할인: [놀이 | 2~3구간 혜택] 구글 플레이스토어, 애플 앱스토어 5% 할인
패밀리레스토랑: [외식 | 3구간 혜택] 패밀리레스토랑 업종 10% 할인
유의사항: 꼭 확인하세요!"
2853,(심의용) 삼성카드 신규상품1,삼성카드,"20,000","20,000","적립: 국내외 가맹점 0.5% KTX 마일리지 포인트 적립
적립: 한국철도공사 5% KTX 마일리지 포인트 추가 적립
적립: 생활 필수 영역 0.5% KTX 마일리지 포인트 추가 적립
기타: 특수 소재 카드
유의사항: 꼭 확인하세요!"
2854,미미(美米)카드,NH농협카드,"28,000","30,000","생활: 「쌀 - 구독서비스」 제공
일반음식점: 오전 5시 ~ 오전 9시 음식점 50% 청구할인
공항라운지: 전 세계 공항 라운지 무료 이용(The lounge / 더 라운지)
유의사항: 꼭 확인하세요!"
2855,(카드명없음),신한카드,,,"바우처: Gift Option 서비스
항공마일리지: 항공 마일리지 적립 서비스
공항라운지: The Lounge Members 무료 이용 서비스
호텔: 특급호텔 라운지 무료음료 서비스
골프: 골프 할인 서비스
유의사항: 꼭 확인하세요!"
2856,Biz Prime 카드,KB국민카드,"120,000","120,000","적립: [기본] 국내 가맹점 0.2 ~ 0.5% 적립
생활: [Life 영역] 0.4% ~ 1% 적립
기타: [Biz 1. 영역] 제약/의료기기 0.4 ~ 1% 적립
보험사: [Biz 2. 영역] 4대 보험 10% 적립
해외이용: [해외이용] 해외 가맹점 1.4% 적립
유의사항: 꼭 확인하세요!"
2857,신한카드 처음(선불),신한카드,,,"기타: 계좌가 없어도 간편 발급
대중교통: 충전식(티머니) 교통카드 기능
유의사항: 꼭 확인하세요!"
