Model,MAE,MSE,R2
LinearRegression,1.206219375215963,2.6305902835347696,0.8908139709870981
